id,swgdrug_id,name,category,formula,mw,base_peak_mz,num_peaks
1,SWGDRUG 3.14,Epiandrosterone,Anabolic Steroid,C19H30O2,290.0,107,211
2,SWGDRUG 3.14,"2,5-Dimethoxyphenylnitrostyrene",Precursor / Other,C10H11NO4,209.0,209,85
3,SWGDRUG 3.14,6-Methoxytryptamine,Hallucinogen,C11H14N2O,190.0,160,84
4,SWGDRUG 3.14,Harmalol,Precursor / Other,C12H12N2O,200.0,199,92
5,SWGDRUG 3.14,Anastrozole,Precursor / Other,C17H19N5,293.0,209,161
6,SWGDRUG 3.14,1-Methyl-3-Phenylpiperazine,Precursor / Other,C11H16N2,176.0,58,63
7,SWGDRUG 3.14,Letrozole,Precursor / Other,C17H11N5,285.0,217,149
8,SWGDRUG 3.14,Trenbolone Enanthate,Anabolic Steroid,C25H34O3,382.0,252,175
9,SWGDRUG 3.14,Methandriol 3-Acetate,Precursor / Other,C22H34O3,346.0,286,192
10,SWGDRUG 3.14,Boldenone Benzoate,Anabolic Steroid,C26H30O3,390.0,105,157
11,SWGDRUG 3.14,Methylpseudoephedrine,Stimulant,C11H17NO,179.0,72,57
12,SWGDRUG 3.14,"5-Methoxy-N,N-diethyltryptamine",Hallucinogen,C15H22N2O,246.0,86,77
13,SWGDRUG 3.14,4-Phosphoryl-diethyltryptamine,Hallucinogen,C14H21N2O4P,312.0,86,85
14,SWGDRUG 3.14,3-Hydroxy-N-methylphenethylamine,Precursor / Other,C9H13NO,151.0,44,58
15,SWGDRUG 3.14,Testosterone Isobutyrate,Anabolic Steroid,C23H34O3,358.0,43,228
16,SWGDRUG 3.14,Testosterone Caproate,Anabolic Steroid,C25H38O3,386.0,124,245
17,SWGDRUG 3.14,3-Methoxymethamphetamine,Stimulant,C11H17NO,179.0,58,70
18,SWGDRUG 3.14,trans-Cinnamoylcocaine,Stimulant,C19H23NO4,329.0,82,144
19,SWGDRUG 3.14,Testosterone Valerate,Anabolic Steroid,C24H36O3,372.0,124,226
20,SWGDRUG 3.14,HU-210,Cannabinoid,C25H38O3,386.0,43,144
21,SWGDRUG 3.14,HU-211,Precursor / Other,C25H38O3,386.0,43,112
22,SWGDRUG 3.14,1-(o-Fluorophenyl)piperazine,Precursor / Other,C10H13FN2,180.0,138,86
23,SWGDRUG 3.14,1-(4-Chlorophenyl)piperazine,Precursor / Other,C10H13ClN2,196.0,154,110
24,SWGDRUG 3.14,1-(3-Chlorophenyl)piperazine,Precursor / Other,C10H13ClN2,196.0,154,113
25,SWGDRUG 3.14,1-(2-Chlorophenyl)piperazine,Precursor / Other,C10H13ClN2,196.0,154,113
26,SWGDRUG 3.14,Phentermine TFA Derivative,Precursor / Other,C12H14F3NO,245.0,154,78
27,SWGDRUG 3.14,N-Ethylphenethylamine TFA derivative,Precursor / Other,C12H14F3NO,245.0,104,84
28,SWGDRUG 3.14,Methamphetamine TFA derivative,Stimulant,C12H14F3NO,245.0,154,80
29,SWGDRUG 3.14,Cathinone TPC derivative,Stimulant,C16H17F3N2O3,342.0,166,88
30,SWGDRUG 3.14,Cathine TPC derivative,Precursor / Other,C16H19F3N2O3,344.0,166,125
31,SWGDRUG 3.14,"Reduced Pyrilamine Birch by-product by ""Nazi"" method",Precursor / Other,C12H22N2O,210.0,58,71
32,SWGDRUG 3.14,"Reduced Pyrilamine by ""Nazi"" method",Precursor / Other,C12H20N2O,208.0,58,73
33,SWGDRUG 3.14,"2-Chloro-4,5-dimethoxyphenethylamine",Precursor / Other,C10H14ClNO2,215.0,186,124
34,SWGDRUG 3.14,4-Hydroxy-3-methoxymethamphetamine,Stimulant,C11H17NO2,195.0,58,70
35,SWGDRUG 3.14,Reduced Pyrilamine by HI/red P method,Precursor / Other,C9H15N3,165.0,58,51
36,SWGDRUG 3.14,Oxazolidine l-ephedrine,Stimulant,C13H19NO,205.0,148,89
37,SWGDRUG 3.14,2-Ethylamino-1-(p-methoxyphenyl)propane,Precursor / Other,C12H19NO,193.0,72,71
38,SWGDRUG 3.14,N-(3-Dimethylaminopropyl)indole,Precursor / Other,C13H18N2,202.0,58,84
39,SWGDRUG 3.14,"1-(3,4-Methylenedioxyphenyl)-2-Butanone",Precursor / Other,C11H12O3,192.0,135,52
40,SWGDRUG 3.14,Methamphetamine Birch By-Product,Stimulant,C10H17N,151.0,58,60
41,SWGDRUG 3.14,Oxymetholone Methanol Adduct,Anabolic Steroid,C22H34O3,346.0,99,261
42,SWGDRUG 3.14,Sildenafil,Precursor / Other,C22H30N6O4S,474.0,99,151
43,SWGDRUG 3.14,Iodine,Precursor / Other,I2,254.0,254,4
44,SWGDRUG 3.14,Docosatetraenylethanolamide,Precursor / Other,C24H41NO2,375.0,62,233
45,SWGDRUG 3.14,"CP 55,940",Precursor / Other,C24H40O3,376.0,273,192
46,SWGDRUG 3.14,HU-331,Precursor / Other,C21H28O3,328.0,313,197
47,SWGDRUG 3.14,ALPHA,Precursor / Other,C10H13NO2,179.0,150,82
48,SWGDRUG 3.14,CB-25,Precursor / Other,C25H41NO3,403.0,124,244
49,SWGDRUG 3.14,"N-methyl-N-acetyl-3,4-methylenedioxybenzylamine",Precursor / Other,C11H13NO3,207.0,135,93
50,SWGDRUG 3.14,"N-methyl-3,4-methylenedioxyphenylpropan-3-amine",Precursor / Other,C11H15NO2,193.0,44,91
51,SWGDRUG 3.14,"Di[1-(3,4-methylenedioxyphenyl)-2-propyl]amine",Precursor / Other,C20H23NO4,341.0,206,39
52,SWGDRUG 3.14,"Di[1-(3,4-methylenedioxyphenyl)-2-propyl]methylamine",Precursor / Other,C21H25NO4,355.0,220,73
53,SWGDRUG 3.14,4-Methoxyphenylpropane-2-ol,Precursor / Other,C10H14O2,166.0,121,75
54,SWGDRUG 3.14,3-Methoxy-4-hydroxy-methyl-nitrostyrene,Precursor / Other,C10H11NO4,209.0,103,98
55,SWGDRUG 3.14,4-Methyl-5-(4-methoxyphenyl)pyrimidine,Precursor / Other,C12H12N2O,200.0,200,103
56,SWGDRUG 3.14,1-Methoxy-4-(2'-nitro-2'propenyl)benzene,Precursor / Other,C10H11NO3,193.0,146,17
57,SWGDRUG 3.14,"3,4-Methylenedioxybenzoyl-3,4-methylenedioxymethamphetamine",Stimulant,C19H19NO5,341.0,149,72
58,SWGDRUG 3.14,"1-(3,4-methylenedioxyphenyl)propane-1-ol",Precursor / Other,C10H12O3,180.0,151,95
59,SWGDRUG 3.14,4-Phenylethylpyrimidine,Precursor / Other,C12H12N2,184.0,184,83
60,SWGDRUG 3.14,4-Methyl-5-benzylpyrimidine,Precursor / Other,C12H12N2,184.0,183,69
61,SWGDRUG 3.14,N-formyl-1-methyl-3-phenylpropylamine,Precursor / Other,C11H15NO,177.0,117,76
62,SWGDRUG 3.14,"N,N-di-(1-phenylethyl)amine",Precursor / Other,C16H19N,225.0,105,81
63,SWGDRUG 3.14,N-formyl-1-phenylethylamine,Precursor / Other,C9H11NO,149.0,149,73
64,SWGDRUG 3.14,"2,5-Dimethoxythiophenol",Precursor / Other,C8H10O2S,170.0,155,104
65,SWGDRUG 3.14,"2,5-Dimethoxybenzenesulfonyl chloride",Precursor / Other,C8H9ClO4S,236.0,159,132
66,SWGDRUG 3.14,N-formyl-4-methylthioamphetamine,Stimulant,C11H15NOS,209.0,164,121
67,SWGDRUG 3.14,4-tert-Butyl-ethylamphetamine,Stimulant,C15H25N,219.0,72,76
68,SWGDRUG 3.14,"N,N-dimethyl-4-tert-butylamphetamine",Stimulant,C15H25N,219.0,72,64
69,SWGDRUG 3.14,2-Oxo-MDMA,Stimulant,C20H21NO5,355.0,58,80
70,SWGDRUG 3.14,4-tert-Butylmethamphetamine,Stimulant,C14H23N,205.0,58,62
71,SWGDRUG 3.14,N-acetyl-4-tert-butylmethamphetamine,Stimulant,C16H25NO,247.0,58,85
72,SWGDRUG 3.14,MDbenzylMDMA,Stimulant,C19H21NO4,327.0,135,63
73,SWGDRUG 3.14,N-[2-(4-tert-butylphenyl)-1-methylethyl]formamide,Precursor / Other,C14H21NO,219.0,72,96
74,SWGDRUG 3.14,1-(4-tert-Butylphenyl)-2-propanone,Precursor / Other,C13H18O,190.0,147,87
75,SWGDRUG 3.14,"1-(3,4-methylenedioxyphenyl)-1,3-dimethoxypropane",Precursor / Other,C12H16O4,224.0,165,71
76,SWGDRUG 3.14,"1-(3,4-methylenedioxyphenyl)-1-methoxypropan-2-one",Precursor / Other,C11H12O4,208.0,165,76
77,SWGDRUG 3.14,"1-(3,4-methylenedioxyphenyl)-1-methoxypropane",Precursor / Other,C11H14O3,194.0,165,78
78,SWGDRUG 3.14,"3-[3,4-Methylenedioxyphenyl]-3-buten-2-one",Precursor / Other,C11H10O3,190.0,147,35
79,SWGDRUG 3.14,"3,4-Methylenedioxyphenylacetic acid, methyl ester",Precursor / Other,C10H10O4,194.0,135,57
80,SWGDRUG 3.14,"3,4-Methylenedioxyphenylacetic acid, ethyl ester",Precursor / Other,C11H12O4,208.0,135,53
81,SWGDRUG 3.14,"3,4-Methylenedioxyphenylacetic acid, isopropyl ester",Precursor / Other,C12H14O4,222.0,135,57
82,SWGDRUG 3.14,Piperonyl ethyl ether,Precursor / Other,C10H12O3,180.0,135,68
83,SWGDRUG 3.14,Piperonyl isopropyl ether,Precursor / Other,C11H14O3,194.0,135,82
84,SWGDRUG 3.14,"N-Isopropyl-3,4-methylenedioxyamphetamine",Stimulant,C13H19NO2,221.0,86,83
85,SWGDRUG 3.14,"N-acetyl-N-isopropyl-3,4-methylenedioxyamphetamine",Stimulant,C15H21NO3,263.0,86,99
86,SWGDRUG 3.14,"1-(3,4-methylenedioxyphenyl)ethane-1-ol",Precursor / Other,C9H10O3,166.0,93,80
87,SWGDRUG 3.14,"1-methylamino-1-(3,4-methylenedioxyphenyl)ethane",Precursor / Other,C10H13NO2,179.0,164,80
88,SWGDRUG 3.14,"N-acetyl-1-methylamino-1-(3,4-methylenedioxyphenyl)ethane",Precursor / Other,C12H15NO3,221.0,164,105
89,SWGDRUG 3.14,"1-(3,4-methylenedioxyphenyl)ethane-1-ol, acetyl",Precursor / Other,C11H12O4,208.0,149,88
90,SWGDRUG 3.14,"N-formyl-3,4,5-trimethoxymethamphetamine",Stimulant,C14H21NO4,267.0,86,168
91,SWGDRUG 3.14,"N-formyl-N-methyl-3,4-methylenedioxybenzylamine",Precursor / Other,C10H11NO3,193.0,135,109
92,SWGDRUG 3.14,"2,2,3,4-tetramethyl-5-(3,4-methylenedioxy)phenyloxazolidine",Precursor / Other,C14H19NO3,249.0,99,109
93,SWGDRUG 3.14,"3,4-Methylenedioxyphenylpropan-2-ol, formyl",Precursor / Other,C11H12O4,208.0,135,66
94,SWGDRUG 3.14,"Isosafrole glycol, diacetyl",Precursor / Other,C14H16O6,280.0,151,92
95,SWGDRUG 3.14,"N-methyl,N-acetyl-3,4-methylenedioxyphenylalanine",Precursor / Other,C13H15NO5,265.0,88,117
96,SWGDRUG 3.14,"N-methyl-3,4-methylenedioxyphenylalanine",Precursor / Other,C11H13NO4,223.0,88,93
97,SWGDRUG 3.14,"N-cyclohexyl-3,4-methylenedioxyamphetamine",Stimulant,C16H23NO2,261.0,126,87
98,SWGDRUG 3.14,N-cyclohexyl-piperonylamine,Precursor / Other,C14H19NO2,233.0,135,90
99,SWGDRUG 3.14,N-acetyl-N-cyclohexyl-piperonylamine,Precursor / Other,C16H21NO3,275.0,150,109
100,SWGDRUG 3.14,"3,4-Dimethyl-5-(3,4-methylenedioxy)phenyloxazolidine",Precursor / Other,C12H15NO3,221.0,71,106
101,SWGDRUG 3.14,"3,4-Dimethyl-5-phenyloxazolidine",Precursor / Other,C11H15NO,177.0,71,74
102,SWGDRUG 3.14,"2,2,3,4-tetramethyl-5-phenyloxazolidine",Precursor / Other,C13H19NO,205.0,148,92
103,SWGDRUG 3.14,"Diacetyl-3,4-dihydroxyphenyl-2-propanone",Precursor / Other,C13H14O5,250.0,123,60
104,SWGDRUG 3.14,"3,4-Dihydroxyphenyl-2-propanone",Precursor / Other,C9H10O3,166.0,123,79
105,SWGDRUG 3.14,"2,4-Dimethyl-3,5-bis(3,4-methylenedioxyphenyl)tetrahydrofuran",Precursor / Other,C20H20O5,340.0,296,177
106,SWGDRUG 3.14,"3-Methoxy-4,5-methylenedioxyphenyl-2-propanone",Precursor / Other,C11H12O4,208.0,165,32
107,SWGDRUG 3.14,"(5-Methoxyindol-3-yl)-N,N-diisopropyl-glyoxylamide",Precursor / Other,C17H22N2O3,302.0,174,74
108,SWGDRUG 3.14,"N,N-diethyl-3,4-methylenedioxyamphetamine",Stimulant,C14H21NO2,235.0,100,76
109,SWGDRUG 3.14,"N-methyl-N-isopropyl-3,4-methylenedioxyamphetamine",Stimulant,C14H21NO2,235.0,100,82
110,SWGDRUG 3.14,"N-formyl,N-ethyl-3,4-methylenedioxyamphetamine",Stimulant,C13H17NO3,235.0,162,113
111,SWGDRUG 3.14,"Diacetyl-Hydroxyethyl-3,4-methylenedioxyamphetamine",Stimulant,C16H21NO5,307.0,130,108
112,SWGDRUG 3.14,"Hydroxyethyl-3,4-methylenedioxyamphetamine",Stimulant,C12H17NO3,223.0,88,86
113,SWGDRUG 3.14,"3,4-Methylenedioxyphenyl-1-propanal",Precursor / Other,C10H10O3,178.0,135,78
114,SWGDRUG 3.14,"N-acetyl-3,4-dimethoxymethamphetamine",Stimulant,C14H21NO3,251.0,58,103
115,SWGDRUG 3.14,N-acetyl-4-methoxymethamphetamine,Stimulant,C13H19NO2,221.0,58,77
116,SWGDRUG 3.14,N-acetyl-MMDMA,Stimulant,C14H19NO4,265.0,58,117
117,SWGDRUG 3.14,MMDMA,Stimulant,C12H17NO3,223.0,58,111
118,SWGDRUG 3.14,N-methyliminopropylbenzene,Precursor / Other,C10H13N,147.0,56,73
119,SWGDRUG 3.14,Piperonyl methyl ether,Precursor / Other,C9H10O3,166.0,135,74
120,SWGDRUG 3.14,N-formyl-MMDMA,Stimulant,C13H17NO4,251.0,86,88
121,SWGDRUG 3.14,N-formyl-4-methoxymethamphetamine,Stimulant,C12H17NO2,207.0,86,50
122,SWGDRUG 3.14,"2-Chloro-4,5-methylenedioxyphenylpropan-2-one",Precursor / Other,C10H9ClO3,212.0,169,100
123,SWGDRUG 3.14,"2-Chloro-4,5-methylenedioxyethylamphetamine",Stimulant,C12H16ClNO2,241.0,72,141
124,SWGDRUG 3.14,"N-(-3,4-Methylenedioxyphenylisopropyl)benzaldimine",Precursor / Other,C17H17NO2,267.0,132,72
125,SWGDRUG 3.14,"N-acetyl-.alpha.-methoxy-3,4-methylenedioxymethamphetamine",Stimulant,C14H19NO4,265.0,58,104
126,SWGDRUG 3.14,"1-(2,5-dimethoxyphenyl)-2-nitroethene",Precursor / Other,C10H11NO4,209.0,162,115
127,SWGDRUG 3.14,"2,5-Dimethoxy-4-bromobenzylamine",Precursor / Other,C9H12BrNO2,245.0,214,133
128,SWGDRUG 3.14,"N-acetyl-3,4-dimethoxyamphetamine",Stimulant,C13H19NO3,237.0,44,124
129,SWGDRUG 3.14,"N-methyl-.alpha.methyl-3,4-methylenedioxyphenethylamine",Precursor / Other,C11H15NO2,193.0,44,71
130,SWGDRUG 3.14,"N-ethyl-.alpha.methyl-3,4-methylenedioxyphenethylamine",Precursor / Other,C12H17NO2,207.0,58,76
131,SWGDRUG 3.14,"3,4-Methylenedioxyphenylpropan-2-ol, acetyl",Precursor / Other,C12H14O4,222.0,162,83
132,SWGDRUG 3.14,"3,4,5-Trimethoxyphenyl-2-propanone",Precursor / Other,C12H16O4,224.0,181,111
133,SWGDRUG 3.14,2-Acetoxy-1-phenyl-1-propene,Precursor / Other,C11H12O2,176.0,134,59
134,SWGDRUG 3.14,"3,4-Diphenyl-3-buten-2-one",Precursor / Other,C16H14O,222.0,179,113
135,SWGDRUG 3.14,"4-Methyl-5-(3,4-methylenedioxy)-phenylpyrimidine",Precursor / Other,C12H10N2O2,214.0,214,92
136,SWGDRUG 3.14,"N-formyl-3,4-methylenedioxyamphetamine",Stimulant,C11H13NO3,207.0,162,89
137,SWGDRUG 3.14,"Dimethyl-3,5-di-(3,4-methylenedioxy)phenylpyridine",Precursor / Other,C21H17NO4,347.0,347,179
138,SWGDRUG 3.14,"N-[-(3,4-Methylenedioxy)phenylmethyl]-3,4-(methylenedioxy)benzald",Precursor / Other,C16H13NO4,283.0,135,99
139,SWGDRUG 3.14,"N-formyl-di[1-(3,4-methylenedioxyphenyl)-2-propyl]amine",Precursor / Other,C21H23NO5,369.0,162,90
140,SWGDRUG 3.14,Hydroxyskatole,Precursor / Other,C9H9NO,147.0,147,8
141,SWGDRUG 3.14,Isosafrole Glycol,Precursor / Other,C10H12O4,196.0,151,102
142,SWGDRUG 3.14,"4-Methyl-1,2-(methylenedioxy)benzene",Precursor / Other,C8H8O2,136.0,135,8
143,SWGDRUG 3.14,"N-methyl-3,4-(methylenedioxy)benzylamine",Precursor / Other,C9H11NO2,165.0,135,80
144,SWGDRUG 3.14,"N-ethyl,N-methyl-3,4-methylenedioxyamphetamine",Stimulant,C13H19NO2,221.0,86,75
145,SWGDRUG 3.14,"N-formyl-3,4-methylenedioxymethamphetamine",Stimulant,C12H15NO3,221.0,58,79
146,SWGDRUG 3.14,"4-Isopropyl-1,6-dimethyl-1,2,3,4-tetrahydronaphthalene",Precursor / Other,C15H22,202.0,159,63
147,SWGDRUG 3.14,4-Methylthiophenylmethanol,Precursor / Other,C8H10OS,154.0,154,102
148,SWGDRUG 3.14,1-(4-methylthiophenyl)-2-propanone,Precursor / Other,C10H12OS,180.0,137,80
149,SWGDRUG 3.14,4-(Methylthio)benzylmethylketoxime,Precursor / Other,C10H13NOS,195.0,137,129
150,SWGDRUG 3.14,N-formylamphetamine,Stimulant,C10H13NO,163.0,118,49
151,SWGDRUG 3.14,4-Methyl-5-phenylpyrimidine,Precursor / Other,C11H10N2,170.0,170,74
152,SWGDRUG 3.14,4-Benzylpyrimidine,Precursor / Other,C11H10N2,170.0,169,46
153,SWGDRUG 3.14,"3,5-Diphenyl-4-methyl-3-penten-2-one",Precursor / Other,C18H18O,250.0,159,78
154,SWGDRUG 3.14,"1,5-diphenyl-4-methyl-4-penten-2-one",Precursor / Other,C18H18O,250.0,91,71
155,SWGDRUG 3.14,"2,6-Dimethyl-3,5-diphenylpyridine",Precursor / Other,C19H17N,259.0,259,142
156,SWGDRUG 3.14,"2,6-Diphenyl-3,4-dimethylpyridine",Precursor / Other,C19H17N,259.0,258,120
157,SWGDRUG 3.14,"N,N-di(beta-phenyl-isopropyl)methylamine",Precursor / Other,C19H25N,267.0,176,45
158,SWGDRUG 3.14,"2,4-Dimethyl-3-phenyl-6-(phenylmethyl)pyridine",Precursor / Other,C20H19N,273.0,272,118
159,SWGDRUG 3.14,"2-Benzyl-2-methyl-5-phenyl-2,3-dihydropyrid-4-one",Precursor / Other,C19H19NO,277.0,186,69
160,SWGDRUG 3.14,N-(-phenylisopropyl)benzaldimine,Precursor / Other,C16H17N,223.0,132,60
161,SWGDRUG 3.14,N-(-phenylisopropyl)benzylmethylketimine,Precursor / Other,C18H21N,251.0,160,56
162,SWGDRUG 3.14,1-oxo-1-phenyl-2-(-phenylisopropylimino)propane,Precursor / Other,C18H19NO,265.0,91,30
163,SWGDRUG 3.14,M-ALPHA,Precursor / Other,C11H15NO2,193.0,164,84
164,SWGDRUG 3.14,BDB,Precursor / Other,C11H15NO2,193.0,58,76
165,SWGDRUG 3.14,"1-(3-Chlorophenyl)piperazine, acetyl",Precursor / Other,C12H15ClN2O,238.0,166,126
166,SWGDRUG 3.14,"N-acetyl-3,4-methylenedioxyamphetamine",Stimulant,C12H15NO3,221.0,44,85
167,SWGDRUG 3.14,"N-acetyl-3,4-methylenedioxyethylamphetamine",Stimulant,C14H19NO3,249.0,72,86
168,SWGDRUG 3.14,"N-ethyl-2,3-methylenedioxyphenethylamine",Precursor / Other,C11H15NO2,193.0,58,68
169,SWGDRUG 3.14,"N-acetyl, N-ethyl-2,3-methylenedioxyphenethylamine",Precursor / Other,C13H17NO3,235.0,58,86
170,SWGDRUG 3.14,"N,N-diacetylnorpseudoephedrine",Stimulant,C13H17NO3,235.0,44,73
171,SWGDRUG 3.14,"N,N-diacetylnorephedrine",Stimulant,C13H17NO3,235.0,44,73
172,SWGDRUG 3.14,"1-(4-Methoxyphenyl)piperazine, acetyl",Precursor / Other,C13H18N2O2,234.0,162,120
173,SWGDRUG 3.14,N-acetylfenproporex,Precursor / Other,C14H18N2O,230.0,97,68
174,SWGDRUG 3.14,N-acetyl-4-methoxyamphetamine,Stimulant,C12H17NO2,207.0,44,74
175,SWGDRUG 3.14,N-acetylphentermine,Precursor / Other,C12H17NO,191.0,58,60
176,SWGDRUG 3.14,N-acetyl-2C-I,Hallucinogen,C12H16INO3,349.0,290,150
177,SWGDRUG 3.14,N-acetyl-4-methylthioamphetamine,Stimulant,C12H17NOS,223.0,164,104
178,SWGDRUG 3.14,4-tert-Butylamphetamine,Stimulant,C13H21N,191.0,44,73
179,SWGDRUG 3.14,N-acetyl-4-tert-butylamphetamine,Stimulant,C15H23NO,233.0,44,93
180,SWGDRUG 3.14,N-isopropylamphetamine,Stimulant,C12H19N,177.0,86,100
181,SWGDRUG 3.14,"N-formyl-3,4-dimethoxymethamphetamine",Stimulant,C13H19NO3,237.0,86,132
182,SWGDRUG 3.14,Ethyltolylbarbituric acid,Precursor / Other,C13H14N2O3,246.0,218,129
183,SWGDRUG 3.14,N-desmethyltramadol,Opioid,C15H23NO2,249.0,188,164
184,SWGDRUG 3.14,Levetiracetam,Precursor / Other,C8H14N2O2,170.0,126,44
185,SWGDRUG 3.14,Naratriptan,Precursor / Other,C17H25N3O2S,335.0,70,167
186,SWGDRUG 3.14,Reboxetine,Precursor / Other,C19H23NO3,313.0,175,114
187,SWGDRUG 3.14,Vigabatrin,Precursor / Other,C6H11NO2,129.0,56,49
188,SWGDRUG 3.14,Desmethylcitalopram,Precursor / Other,C19H19FN2O,310.0,44,118
189,SWGDRUG 3.14,Ropivacaine,Precursor / Other,C17H26N2O,274.0,126,55
190,SWGDRUG 3.14,Bambuterol,Precursor / Other,C18H29N3O5,367.0,86,84
191,SWGDRUG 3.14,Clidinium,Precursor / Other,C22H26NO3,352.0,105,198
192,SWGDRUG 3.14,Norpropoxyphene,Precursor / Other,C21H27NO2,325.0,44,170
193,SWGDRUG 3.14,Efavirenz,Precursor / Other,C14H9ClF3NO2,315.0,246,224
194,SWGDRUG 3.14,Rizatriptan,Precursor / Other,C15H19N5,269.0,58,76
195,SWGDRUG 3.14,Donepezil,Precursor / Other,C24H29NO3,379.0,91,200
196,SWGDRUG 3.14,Dolasetron,Precursor / Other,C19H20N2O3,324.0,134,72
197,SWGDRUG 3.14,Aripiprazole,Precursor / Other,C23H27Cl2N3O2,447.0,243,184
198,SWGDRUG 3.14,Floctafenine,Precursor / Other,C20H17F3N2O4,406.0,286,162
199,SWGDRUG 3.14,Etodolac,Precursor / Other,C17H21NO3,287.0,228,92
200,SWGDRUG 3.14,Tolcapone,Precursor / Other,C14H11NO5,273.0,119,66
201,SWGDRUG 3.14,N-Desalkylflurazepam,Precursor / Other,C15H10ClFN2O,288.0,260,185
202,SWGDRUG 3.14,Cholesterol,Precursor / Other,C27H46O,386.0,43,302
203,SWGDRUG 3.14,"N,N-Didesmethylvenlafaxine",Precursor / Other,C15H23NO2,249.0,134,122
204,SWGDRUG 3.14,2-Amino-5-chloropyridine,Precursor / Other,C5H5ClN2,128.0,128,57
205,SWGDRUG 3.14,1-[2-(Trifluoromethyl)phenyl]piperazine,Precursor / Other,C11H13F3N2,230.0,188,130
206,SWGDRUG 3.14,1-[4-(Trifluoromethyl)phenyl]piperazine,Precursor / Other,C11H13F3N2,230.0,188,125
207,SWGDRUG 3.14,"N-Propyl-3,4-methylenedioxyamphetamine",Stimulant,C13H19NO2,221.0,86,79
208,SWGDRUG 3.14,Desmethylclobazam,Precursor / Other,C15H11ClN2O2,286.0,286,196
209,SWGDRUG 3.14,Norketamine,Hallucinogen,C12H14ClNO,223.0,166,117
210,SWGDRUG 3.14,Dehydronorketamine,Hallucinogen,C12H12ClNO,221.0,153,128
211,SWGDRUG 3.14,Memantine,Precursor / Other,C12H21N,179.0,108,69
212,SWGDRUG 3.14,Varenicline,Precursor / Other,C13H13N3,211.0,168,78
213,SWGDRUG 3.14,Stiripentol,Precursor / Other,C14H18O3,234.0,177,106
214,SWGDRUG 3.14,Ropinirole,Precursor / Other,C16H24N2O,260.0,114,92
215,SWGDRUG 3.14,Ramelteon,Precursor / Other,C16H21NO2,259.0,186,138
216,SWGDRUG 3.14,Solifenacin,Precursor / Other,C23H26N2O2,362.0,126,150
217,SWGDRUG 3.14,Pramipexole,Precursor / Other,C10H17N3S,211.0,126,131
218,SWGDRUG 3.14,Norhydrocodone,Opioid,C17H19NO3,285.0,285,216
219,SWGDRUG 3.14,Palmitoleic Acid,Precursor / Other,C16H30O2,254.0,55,132
220,SWGDRUG 3.14,N-acetyl-2-fluoroamphetamine,Stimulant,C11H14FNO,195.0,44,82
221,SWGDRUG 3.14,N-acetyl-3-fluoroamphetamine,Stimulant,C11H14FNO,195.0,44,78
222,SWGDRUG 3.14,N-acetyl-4-fluoroamphetamine,Stimulant,C11H14FNO,195.0,44,82
223,SWGDRUG 3.14,N-Ethyl-2C-B,Hallucinogen,C12H18BrNO2,287.0,58,128
224,SWGDRUG 3.14,4-Hydroxy-N-methyl-N-ethyltryptamine,Hallucinogen,C13H18N2O,218.0,72,61
225,SWGDRUG 3.14,5-Methoxy-3-[2-(1-pyrrolidinyl)ethyl]indole,Precursor / Other,C15H20N2O,244.0,84,88
226,SWGDRUG 3.14,1-(3-Chlorophenyl)-4-(3-chloropropyl)piperazine,Precursor / Other,C13H18Cl2N2,272.0,209,175
227,SWGDRUG 3.14,4-Fluorotropacocaine,Stimulant,C15H18FNO2,263.0,124,67
228,SWGDRUG 3.14,BAY 59-3074,Precursor / Other,C18H13F6NO4S,453.0,279,206
229,SWGDRUG 3.14,HU-308,Precursor / Other,C27H42O3,414.0,277,335
230,SWGDRUG 3.14,HU-210-BSA derivative,Cannabinoid,C31H54O3Si2,530.0,446,382
231,SWGDRUG 3.14,"2,5-Dimethoxyphenylethylsulfide",Precursor / Other,C10H14O2S,198.0,198,137
232,SWGDRUG 3.14,"2,5-Dimethoxy-4-ethylthio-benzaldehyde",Precursor / Other,C11H14O3S,226.0,226,162
233,SWGDRUG 3.14,"2,5-Dimethoxy-4-ethylthionitrostyrene",Precursor / Other,C12H15NO4S,269.0,269,163
234,SWGDRUG 3.14,Lophophorine,Precursor / Other,C13H17NO3,235.0,220,114
235,SWGDRUG 3.14,Anhalonine,Precursor / Other,C12H15NO3,221.0,206,121
236,SWGDRUG 3.14,Acetanthranil,Precursor / Other,C9H7NO2,161.0,146,52
237,SWGDRUG 3.14,Acetaminophen di-TMS Derivative,Precursor / Other,C14H25NO2Si2,295.0,73,157
238,SWGDRUG 3.14,"3,4,5-Trimethoxy-B-Nitrostyrene",Precursor / Other,C11H13NO5,239.0,239,133
239,SWGDRUG 3.14,"3,4,5-Trimethoxybenzoyl Chloride",Precursor / Other,C10H11ClO4,230.0,195,143
240,SWGDRUG 3.14,Acetylprocaine,Precursor / Other,C15H22N2O3,278.0,86,96
241,SWGDRUG 3.14,1-Methyl-4-phenyl-4-propionoxypiperidine,Precursor / Other,C15H21NO2,247.0,173,106
242,SWGDRUG 3.14,Thiomescaline,Hallucinogen,C11H17NO2S,227.0,30,70
243,SWGDRUG 3.14,1-Piperidino-1-cyclohexene,Precursor / Other,C11H19N,165.0,150,89
244,SWGDRUG 3.14,"2,3,4-Trimethoxyphenylethylamine",Precursor / Other,C11H17NO3,211.0,182,108
245,SWGDRUG 3.14,"2,4,5-Trimethoxyphenylethylamine",Precursor / Other,C11H17NO3,211.0,182,108
246,SWGDRUG 3.14,Phenacetin TMS Derivative,Precursor / Other,C13H21NO2Si,251.0,73,146
247,SWGDRUG 3.14,Nandrolone TMS Derivative,Anabolic Steroid,C21H34O2Si,346.0,73,199
248,SWGDRUG 3.14,Lysergic Acid TMS Derivative,Hallucinogen,C19H24N2O2Si,340.0,207,108
249,SWGDRUG 3.14,Codeine TMS Derivative,Opioid,C21H29NO3Si,371.0,73,288
250,SWGDRUG 3.14,Furosemide TMS Derivative,Precursor / Other,C18H27ClN2O5SSi2,474.0,81,333
251,SWGDRUG 3.14,"N-Benzyl, N-Methyl Benzylamine",Precursor / Other,C15H17N,211.0,91,52
252,SWGDRUG 3.14,Nandrolone Acetate,Anabolic Steroid,C20H28O3,316.0,43,180
253,SWGDRUG 3.14,Mercuric bromide,Precursor / Other,Br2Hg,360.0,362,72
254,SWGDRUG 3.14,Stanolone Acetate,Precursor / Other,C21H32O3,332.0,43,169
255,SWGDRUG 3.14,"1,4-dimethoxybenzene",Precursor / Other,C8H10O2,138.0,123,56
256,SWGDRUG 3.14,"1,4-Dibenzylpiperazine",Precursor / Other,C18H22N2,266.0,91,66
257,SWGDRUG 3.14,Dimethyl terephthalate,Precursor / Other,C10H10O4,194.0,163,50
258,SWGDRUG 3.14,Boldenone,Anabolic Steroid,C19H26O2,286.0,122,167
259,SWGDRUG 3.14,Terazosin,Precursor / Other,C19H25N5O4,387.0,233,155
260,SWGDRUG 3.14,Penfluridol,Precursor / Other,C28H27ClF5NO,523.0,292,224
261,SWGDRUG 3.14,Meconin,Precursor / Other,C10H10O4,194.0,165,105
262,SWGDRUG 3.14,Dibenzylketone,Precursor / Other,C15H14O,210.0,91,40
263,SWGDRUG 3.14,Isosafrole,Precursor / Other,C10H10O2,162.0,162,82
264,SWGDRUG 3.14,Piperine,Precursor / Other,C17H19NO3,285.0,201,168
265,SWGDRUG 3.14,Sesamol,Precursor / Other,C7H6O3,138.0,138,23
266,SWGDRUG 3.14,Resorcinol,Precursor / Other,C6H6O2,110.0,110,37
267,SWGDRUG 3.14,Dimethylisophthalate,Precursor / Other,C10H10O4,194.0,163,54
268,SWGDRUG 3.14,Phloroglucinol,Precursor / Other,C6H6O3,126.0,126,45
269,SWGDRUG 3.14,Corticosterone,Precursor / Other,C21H30O4,346.0,315,146
270,SWGDRUG 3.14,Tenocyclidine,Precursor / Other,C15H23NS,249.0,97,151
271,SWGDRUG 3.14,Methylprednisolone Acetate,Precursor / Other,C24H32O6,416.0,135,205
272,SWGDRUG 3.14,Cortisone,Precursor / Other,C21H28O5,360.0,360,187
273,SWGDRUG 3.14,PCPy,Hallucinogen,C16H23N,229.0,186,112
274,SWGDRUG 3.14,"1,2,3-trimethoxy-5-(2-propenyl)benzene",Precursor / Other,C12H16O3,208.0,208,137
275,SWGDRUG 3.14,Trimeperidine,Opioid,C17H25NO2,275.0,186,81
276,SWGDRUG 3.14,"1,2-Dichloroethane",Precursor / Other,C2H4Cl2,98.0,62,45
277,SWGDRUG 3.14,"1,2-dimethyl-3-phenylaziridine",Precursor / Other,C10H13N,147.0,146,51
278,SWGDRUG 3.14,1-(2-Phenethyl)-4-piperidone,Precursor / Other,C13H17NO,203.0,112,55
279,SWGDRUG 3.14,LSD TMS Derivative,Hallucinogen,C23H33N3OSi,395.0,253,199
280,SWGDRUG 3.14,1-Piperonylpiperazine,Precursor / Other,C12H16N2O2,220.0,135,92
281,SWGDRUG 3.14,PCC,Precursor / Other,C12H20N2,192.0,149,74
282,SWGDRUG 3.14,Benzylmethylketoxime,Precursor / Other,C9H11NO,149.0,91,75
283,SWGDRUG 3.14,1-phenyl-2-propanol,Precursor / Other,C9H12O,136.0,92,52
284,SWGDRUG 3.14,1-Phenyl-1-propanone,Precursor / Other,C9H10O,134.0,105,45
285,SWGDRUG 3.14,1-Phenyl-1-Cyclohexene,Precursor / Other,C12H14,158.0,158,75
286,SWGDRUG 3.14,1-(para-methoxyphenyl)-2-propanone,Precursor / Other,C10H12O2,164.0,121,52
287,SWGDRUG 3.14,1-benzyl-4-piperidone,Precursor / Other,C12H15NO,189.0,91,76
288,SWGDRUG 3.14,Hydralazine,Precursor / Other,C8H8N4,160.0,160,54
289,SWGDRUG 3.14,Hexylamine,Precursor / Other,C6H15N,101.0,30,43
290,SWGDRUG 3.14,Procyclidine,Precursor / Other,C19H29NO,287.0,84,61
291,SWGDRUG 3.14,Phenylacetoacetonitrile,Precursor / Other,C10H9NO,159.0,43,62
292,SWGDRUG 3.14,Bromobenzene,Precursor / Other,C6H5Br,156.0,77,31
293,SWGDRUG 3.14,Atropine,Precursor / Other,C17H23NO3,289.0,124,75
294,SWGDRUG 3.14,Azapetine,Precursor / Other,C17H17N,235.0,234,111
295,SWGDRUG 3.14,Acetylcarbromal,Precursor / Other,C9H15BrN2O3,278.0,129,118
296,SWGDRUG 3.14,Eucalyptol,Precursor / Other,C10H18O,154.0,43,70
297,SWGDRUG 3.14,Norgestrel,Precursor / Other,C21H28O2,312.0,91,201
298,SWGDRUG 3.14,Desoximetasone,Precursor / Other,C22H29FO4,376.0,122,229
299,SWGDRUG 3.14,Nandrolone,Anabolic Steroid,C18H26O2,274.0,274,196
300,SWGDRUG 3.14,Mibolerone,Precursor / Other,C20H30O2,302.0,284,222
301,SWGDRUG 3.14,Mesterolone,Precursor / Other,C20H32O2,304.0,218,214
302,SWGDRUG 3.14,Methandrostenolone,Anabolic Steroid,C20H28O2,300.0,122,189
303,SWGDRUG 3.14,Methyltestosterone,Anabolic Steroid,C20H30O2,302.0,302,198
304,SWGDRUG 3.14,Danazol,Precursor / Other,C22H27NO2,337.0,91,232
305,SWGDRUG 3.14,Spironolactone,Precursor / Other,C24H32O4S,416.0,341,279
306,SWGDRUG 3.14,Methylandrostanolone,Precursor / Other,C20H32O2,304.0,43,200
307,SWGDRUG 3.14,Stanozolol,Anabolic Steroid,C21H32N2O,328.0,96,181
308,SWGDRUG 3.14,Ethisterone,Precursor / Other,C21H28O2,312.0,91,242
309,SWGDRUG 3.14,Mestranol,Precursor / Other,C21H26O2,310.0,227,209
310,SWGDRUG 3.14,Norethindrone,Precursor / Other,C20H26O2,298.0,91,187
311,SWGDRUG 3.14,Norethandrolone,Precursor / Other,C20H30O2,302.0,302,205
312,SWGDRUG 3.14,Ethinyl estradiol,Precursor / Other,C20H24O2,296.0,213,126
313,SWGDRUG 3.14,Norethindrone Acetate,Precursor / Other,C22H28O3,340.0,43,214
314,SWGDRUG 3.14,Thiobarbituric acid,Precursor / Other,C4H4N2O2S,144.0,144,93
315,SWGDRUG 3.14,Isopropyl Alcohol,Precursor / Other,C3H8O,60.0,45,31
316,SWGDRUG 3.14,"2-Methyl-2-(phenylmethyl)-1,3-dioxalane",Precursor / Other,C11H14O2,178.0,87,51
317,SWGDRUG 3.14,2-Methoxyamphetamine,Stimulant,C10H15NO,165.0,44,62
318,SWGDRUG 3.14,Eugenol,Precursor / Other,C10H12O2,164.0,164,105
319,SWGDRUG 3.14,Lormetazepam,Precursor / Other,C16H12Cl2N2O2,334.0,305,232
320,SWGDRUG 3.14,Diclofenac artifact,Precursor / Other,C14H9Cl2NO,277.0,214,102
321,SWGDRUG 3.14,Delorazepam,Depressant,C15H10Cl2N2O,304.0,275,229
322,SWGDRUG 3.14,Thymidine,Precursor / Other,C10H14N2O5,242.0,117,142
323,SWGDRUG 3.14,Methazolamide,Precursor / Other,C5H8N4O3S2,236.0,221,37
324,SWGDRUG 3.14,Propofol,Precursor / Other,C12H18O,178.0,163,77
325,SWGDRUG 3.14,Methylethylketone,Precursor / Other,C4H8O,72.0,43,38
326,SWGDRUG 3.14,"2-Chloro-1,4-dimethoxybenzene",Precursor / Other,C8H9ClO2,172.0,157,75
327,SWGDRUG 3.14,2-Carbomethoxytropinone,Precursor / Other,C10H15NO3,197.0,82,80
328,SWGDRUG 3.14,2-Bromophenylacetic acid,Precursor / Other,C8H7BrO2,214.0,135,55
329,SWGDRUG 3.14,Vitamin E,Precursor / Other,C29H50O2,430.0,430,142
330,SWGDRUG 3.14,Benoxaprofen,Precursor / Other,C16H12ClNO3,301.0,256,62
331,SWGDRUG 3.14,"2,5-Dimethoxyphenyl-2-nitropropene",Precursor / Other,C11H13NO4,223.0,161,142
332,SWGDRUG 3.14,Paraldehyde,Precursor / Other,C6H12O3,132.0,43,13
333,SWGDRUG 3.14,"2,4,5-Trimethoxybenzoic Acid",Precursor / Other,C10H12O5,212.0,212,103
334,SWGDRUG 3.14,"2,4,6-Trimethoxybenzoic Acid",Precursor / Other,C10H12O5,212.0,139,87
335,SWGDRUG 3.14,Naphazoline,Precursor / Other,C14H14N2,210.0,209,59
336,SWGDRUG 3.14,Trichloroethanol,Precursor / Other,C2H3Cl3O,148.0,77,64
337,SWGDRUG 3.14,"2,3-Dimethoxyphenethylamine",Precursor / Other,C10H15NO2,181.0,150,92
338,SWGDRUG 3.14,"2,4,5-Trimethoxybenzaldehyde",Precursor / Other,C10H12O4,196.0,196,107
339,SWGDRUG 3.14,"2,4,5-Trimethoxyphenyl-2-nitropropene",Precursor / Other,C12H15NO5,253.0,206,169
340,SWGDRUG 3.14,"2,4-Dimethoxyamphetamine",Stimulant,C11H17NO2,195.0,152,101
341,SWGDRUG 3.14,"2,4-Dimethoxyphenylacetone",Precursor / Other,C11H14O3,194.0,151,74
342,SWGDRUG 3.14,DOET,Precursor / Other,C13H21NO2,223.0,44,114
343,SWGDRUG 3.14,Pregnanetriol,Precursor / Other,C21H36O3,336.0,255,170
344,SWGDRUG 3.14,Nicotinyl Alcohol,Precursor / Other,C6H7NO,109.0,108,28
345,SWGDRUG 3.14,Biperiden,Precursor / Other,C21H29NO,311.0,98,75
346,SWGDRUG 3.14,Fencamfamine,Precursor / Other,C15H21N,215.0,98,135
347,SWGDRUG 3.14,Norfluoxetine,Precursor / Other,C16H16F3NO,295.0,134,104
348,SWGDRUG 3.14,3-Methylfentanyl,Opioid,C23H30N2O,350.0,259,140
349,SWGDRUG 3.14,Thymol,Precursor / Other,C10H14O,150.0,135,82
350,SWGDRUG 3.14,3-Methoxyamphetamine,Stimulant,C10H15NO,165.0,44,65
351,SWGDRUG 3.14,m-Tyramine,Precursor / Other,C8H11NO,137.0,108,78
352,SWGDRUG 3.14,Estrone,Precursor / Other,C18H22O2,270.0,270,142
353,SWGDRUG 3.14,Cholestanol,Precursor / Other,C27H48O,388.0,215,136
354,SWGDRUG 3.14,Aspartame,Precursor / Other,C14H18N2O5,294.0,88,184
355,SWGDRUG 3.14,"3,5-Dimethoxyphenethylamine",Precursor / Other,C10H15NO2,181.0,152,88
356,SWGDRUG 3.14,"3,4-Methylenedioxypropiophenone",Precursor / Other,C10H10O3,178.0,149,61
357,SWGDRUG 3.14,"3,4-Methylenedioxyphenethylamine",Precursor / Other,C9H11NO2,165.0,136,69
358,SWGDRUG 3.14,"3,4-Methylenedioxyphenylacetonitrile",Precursor / Other,C9H7NO2,161.0,160,64
359,SWGDRUG 3.14,"3,4-Methylenedioxyphenylacetic acid",Precursor / Other,C9H8O4,180.0,135,75
360,SWGDRUG 3.14,"3,4-Methylenedioxyethylamphetamine",Stimulant,C12H17NO2,207.0,72,78
361,SWGDRUG 3.14,Piperonylamine,Precursor / Other,C8H9NO2,151.0,150,67
362,SWGDRUG 3.14,Mescaline,Hallucinogen,C11H17NO3,211.0,182,78
363,SWGDRUG 3.14,"3,4-(Methylenedioxy)benzylmethylketoxime",Precursor / Other,C10H11NO3,193.0,135,99
364,SWGDRUG 3.14,Piperonyl Alcohol,Precursor / Other,C8H8O3,152.0,152,73
365,SWGDRUG 3.14,Safrole,Precursor / Other,C10H10O2,162.0,162,77
366,SWGDRUG 3.14,"3,4-Dimethoxyphenylacetone",Precursor / Other,C11H14O3,194.0,151,62
367,SWGDRUG 3.14,"3,4-Dimethoxyphenethylamine",Precursor / Other,C10H15NO2,181.0,152,79
368,SWGDRUG 3.14,"3,4,5-Trimethoxyphenyl-2-nitropropene",Precursor / Other,C12H15NO5,253.0,253,175
369,SWGDRUG 3.14,Estriol,Precursor / Other,C18H24O3,288.0,288,138
370,SWGDRUG 3.14,"3,4,5-Trimethoxybenzaldehyde",Precursor / Other,C10H12O4,196.0,196,96
371,SWGDRUG 3.14,"3,4,5-Trimethoxybenzoic Acid",Precursor / Other,C10H12O5,212.0,212,103
372,SWGDRUG 3.14,"3,4,5-Trimethoxybenzylcyanide",Precursor / Other,C11H13NO3,207.0,192,110
373,SWGDRUG 3.14,Arachidonic Acid,Precursor / Other,C20H32O2,304.0,79,159
374,SWGDRUG 3.14,Vinylbital,Precursor / Other,C11H16N2O3,224.0,154,74
375,SWGDRUG 3.14,Mazindol (or breakdown),Precursor / Other,C16H13ClN2O,284.0,255,176
376,SWGDRUG 3.14,5-Methyltryptamine,Hallucinogen,C11H14N2,174.0,144,66
377,SWGDRUG 3.14,5-Methoxytryptamine,Hallucinogen,C11H14N2O,190.0,160,84
378,SWGDRUG 3.14,5-Methoxyindole,Precursor / Other,C9H9NO,147.0,104,58
379,SWGDRUG 3.14,5-Methoxygramine,Precursor / Other,C12H16N2O,204.0,160,92
380,SWGDRUG 3.14,"5-Methoxy-N,N-Dimethyltryptamine",Hallucinogen,C13H18N2O,218.0,58,84
381,SWGDRUG 3.14,5-Hydroxyindole,Precursor / Other,C8H7NO,133.0,133,14
382,SWGDRUG 3.14,Serotonin,Precursor / Other,C10H12N2O,176.0,146,68
383,SWGDRUG 3.14,Probarbital,Precursor / Other,C9H14N2O3,198.0,156,75
384,SWGDRUG 3.14,Hexethal,Precursor / Other,C12H20N2O3,240.0,156,59
385,SWGDRUG 3.14,Heptabarbital,Precursor / Other,C13H18N2O3,250.0,221,77
386,SWGDRUG 3.14,Chlorzoxazone,Precursor / Other,C7H4ClNO2,169.0,169,83
387,SWGDRUG 3.14,Clorexolone,Precursor / Other,C14H17ClN2O3S,328.0,247,175
388,SWGDRUG 3.14,Butethal,Precursor / Other,C10H16N2O3,212.0,141,81
389,SWGDRUG 3.14,5-Amino-1-phenylpyrazolo-4-carbonitrile,Precursor / Other,C10H8N4,184.0,184,80
390,SWGDRUG 3.14,Thiamylal,Precursor / Other,C12H18N2O2S,254.0,43,106
391,SWGDRUG 3.14,"5,6,7,8-Tetrahydroisoquinoline",Precursor / Other,C9H11N,133.0,132,63
392,SWGDRUG 3.14,"5,5-Di-n-propylbarbituric acid",Precursor / Other,C10H16N2O3,212.0,141,74
393,SWGDRUG 3.14,Cyclobarbital,Precursor / Other,C12H16N2O3,236.0,207,140
394,SWGDRUG 3.14,Isonicotinamide,Precursor / Other,C6H6N2O,122.0,122,35
395,SWGDRUG 3.14,DDT,Precursor / Other,C14H9Cl5,352.0,235,197
396,SWGDRUG 3.14,Pramoxine,Precursor / Other,C17H27NO3,293.0,100,87
397,SWGDRUG 3.14,4-Aminosalicylic Acid,Precursor / Other,C7H7NO3,153.0,109,106
398,SWGDRUG 3.14,Desmethylsertraline,Precursor / Other,C16H15Cl2N,291.0,119,172
399,SWGDRUG 3.14,"4-Allyl-1,2-(dimethoxy)-benzene",Precursor / Other,C11H14O2,178.0,178,69
400,SWGDRUG 3.14,4-(Aminomethyl)-piperidine,Precursor / Other,C6H14N2,114.0,56,48
401,SWGDRUG 3.14,Clostebol Acetate,Precursor / Other,C21H29ClO3,364.0,43,228
402,SWGDRUG 3.14,Vanillin,Precursor / Other,C8H8O3,152.0,151,64
403,SWGDRUG 3.14,4-Hydroxy-4-phenylpiperidine,Precursor / Other,C11H15NO,177.0,159,103
404,SWGDRUG 3.14,4-Hydroxyindole,Precursor / Other,C8H7NO,133.0,133,52
405,SWGDRUG 3.14,p-Tyramine,Precursor / Other,C8H11NO,137.0,108,66
406,SWGDRUG 3.14,4-Piperidinol,Precursor / Other,C5H11NO,101.0,56,43
407,SWGDRUG 3.14,4-Methoxybenzaldehyde,Precursor / Other,C8H8O2,136.0,135,27
408,SWGDRUG 3.14,4-Methoxyindole,Precursor / Other,C9H9NO,147.0,147,38
409,SWGDRUG 3.14,4-Methoxyphenylacetic acid,Precursor / Other,C9H10O3,166.0,121,53
410,SWGDRUG 3.14,4-Methylaminorex (cis),Precursor / Other,C10H12N2O,176.0,70,74
411,SWGDRUG 3.14,4-Methylthiobenzaldehyde,Precursor / Other,C8H8OS,152.0,152,82
412,SWGDRUG 3.14,"4-Phenyl-1,2,3,6-tetrahydropyridine",Precursor / Other,C11H13N,159.0,159,85
413,SWGDRUG 3.14,Benzylacetone,Precursor / Other,C10H12O,148.0,105,72
414,SWGDRUG 3.14,4-Phenylpyridine,Precursor / Other,C11H9N,155.0,155,54
415,SWGDRUG 3.14,4-Phenylpyrimidine,Precursor / Other,C10H8N2,156.0,156,49
416,SWGDRUG 3.14,4-Piperidone,Precursor / Other,C5H9NO,99.0,56,35
417,SWGDRUG 3.14,Hydroquinidine,Precursor / Other,C20H26N2O2,326.0,138,169
418,SWGDRUG 3.14,Oleic Acid,Precursor / Other,C18H34O2,282.0,55,152
419,SWGDRUG 3.14,Betamethasone Dipropionate,Precursor / Other,C28H37FO7,504.0,57,191
420,SWGDRUG 3.14,Elaidic Acid,Precursor / Other,C18H34O2,282.0,55,154
421,SWGDRUG 3.14,Triamcinolone Acetonide,Precursor / Other,C24H31FO6,434.0,375,300
422,SWGDRUG 3.14,Linoleic Acid,Precursor / Other,C18H32O2,280.0,67,125
423,SWGDRUG 3.14,Linolenic Acid,Precursor / Other,C18H30O2,278.0,79,137
424,SWGDRUG 3.14,Oleamide,Precursor / Other,C18H35NO,281.0,59,128
425,SWGDRUG 3.14,Homatropine,Precursor / Other,C16H21NO3,275.0,124,44
426,SWGDRUG 3.14,Fludiazepam,Depressant,C16H12ClFN2O,302.0,274,208
427,SWGDRUG 3.14,Phenazepam,Precursor / Other,C15H10BrClN2O,348.0,321,274
428,SWGDRUG 3.14,Zeranol,Precursor / Other,C18H26O5,322.0,168,218
429,SWGDRUG 3.14,Fluocinolone Acetonide,Precursor / Other,C24H30F2O6,452.0,393,139
430,SWGDRUG 3.14,Acetylcodeine,Opioid,C20H23NO4,341.0,341,232
431,SWGDRUG 3.14,Butriptyline,Precursor / Other,C21H27N,293.0,58,77
432,SWGDRUG 3.14,Butacaine,Precursor / Other,C18H30N2O2,306.0,120,90
433,SWGDRUG 3.14,Buspirone,Precursor / Other,C21H31N5O2,385.0,177,153
434,SWGDRUG 3.14,Bupivacaine,Precursor / Other,C18H28N2O,288.0,140,71
435,SWGDRUG 3.14,Brucine,Precursor / Other,C23H26N2O4,394.0,394,206
436,SWGDRUG 3.14,Brompheniramine,Precursor / Other,C16H19BrN2,318.0,249,148
437,SWGDRUG 3.14,Bromodiphenhydramine,Precursor / Other,C17H20BrNO,333.0,58,67
438,SWGDRUG 3.14,Bromazepam,Precursor / Other,C14H10BrN3O,315.0,236,190
439,SWGDRUG 3.14,Bisoprolol,Precursor / Other,C18H31NO4,325.0,72,56
440,SWGDRUG 3.14,Bisacodyl,Precursor / Other,C22H19NO4,361.0,43,208
441,SWGDRUG 3.14,Bibenzyl,Precursor / Other,C14H14,182.0,91,56
442,SWGDRUG 3.14,Biphenyl,Precursor / Other,C12H10,154.0,154,55
443,SWGDRUG 3.14,BHT,Precursor / Other,C15H24O,220.0,205,116
444,SWGDRUG 3.14,Betazole,Precursor / Other,C5H9N3,111.0,82,40
445,SWGDRUG 3.14,Betaxolol,Precursor / Other,C18H29NO3,307.0,72,56
446,SWGDRUG 3.14,Betahistine,Precursor / Other,C8H12N2,136.0,93,25
447,SWGDRUG 3.14,Sotalol,Precursor / Other,C12H20N2O3S,272.0,72,109
448,SWGDRUG 3.14,Benzylfentanyl,Opioid,C21H26N2O,322.0,91,119
449,SWGDRUG 3.14,Benzyl Cyanide,Precursor / Other,C8H7N,117.0,117,65
450,SWGDRUG 3.14,Benzylamine,Precursor / Other,C7H9N,107.0,106,43
451,SWGDRUG 3.14,Benztropine,Precursor / Other,C21H25NO,307.0,140,121
452,SWGDRUG 3.14,Tropacocaine,Stimulant,C15H19NO2,245.0,124,68
453,SWGDRUG 3.14,Benzoyl ecgonine,Precursor / Other,C16H19NO4,289.0,124,99
454,SWGDRUG 3.14,Benzophenone,Precursor / Other,C13H10O,182.0,105,54
455,SWGDRUG 3.14,Benzoic Acid,Precursor / Other,C7H6O2,122.0,105,32
456,SWGDRUG 3.14,Benzyl Alcohol,Precursor / Other,C7H8O,108.0,79,45
457,SWGDRUG 3.14,"Benzenemethanamine, 4-methoxy-",Precursor / Other,C8H11NO,137.0,136,52
458,SWGDRUG 3.14,Phenylacetic acid methyl ester,Precursor / Other,C9H10O2,150.0,91,42
459,SWGDRUG 3.14,Phenylacetaldehyde,Precursor / Other,C8H8O,120.0,91,38
460,SWGDRUG 3.14,"Benzene, 1-methoxy-4-(2-propenyl)-",Precursor / Other,C10H12O,148.0,148,44
461,SWGDRUG 3.14,"Benzene, 1-methoxy-4-(1-propenyl)-",Precursor / Other,C10H12O,148.0,148,63
462,SWGDRUG 3.14,"Benzene, 1,2-dimethoxy-4-(1-propenyl)-",Precursor / Other,C11H14O2,178.0,178,16
463,SWGDRUG 3.14,Elemicine,Precursor / Other,C12H16O3,208.0,208,18
464,SWGDRUG 3.14,Propylhexadrine,Precursor / Other,C10H21N,155.0,58,42
465,SWGDRUG 3.14,Benzaldehyde,Precursor / Other,C7H6O,106.0,106,35
466,SWGDRUG 3.14,Dicyclomine,Precursor / Other,C19H35NO2,309.0,86,60
467,SWGDRUG 3.14,Diphenhydramine,Precursor / Other,C17H21NO,255.0,58,65
468,SWGDRUG 3.14,Behenic Acid,Precursor / Other,C22H44O2,340.0,73,135
469,SWGDRUG 3.14,Barbituric Acid,Precursor / Other,C4H4N2O3,128.0,42,11
470,SWGDRUG 3.14,Azatadine,Precursor / Other,C20H22N2,290.0,246,163
471,SWGDRUG 3.14,Lorazepam,Depressant,C15H10Cl2N2O2,320.0,239,162
472,SWGDRUG 3.14,Atenolol,Precursor / Other,C14H22N2O3,266.0,72,84
473,SWGDRUG 3.14,Hydroxyzine,Precursor / Other,C21H27ClN2O2,374.0,201,94
474,SWGDRUG 3.14,Asarone,Precursor / Other,C12H16O3,208.0,208,123
475,SWGDRUG 3.14,Articaine,Precursor / Other,C13H20N2O3S,284.0,86,72
476,SWGDRUG 3.14,Arachidic Acid,Precursor / Other,C20H40O2,312.0,73,123
477,SWGDRUG 3.14,Aprobarbital,Precursor / Other,C10H14N2O3,210.0,167,99
478,SWGDRUG 3.14,Apomorphine,Opioid,C17H17NO2,267.0,266,179
479,SWGDRUG 3.14,Meclizine,Precursor / Other,C25H27ClN2,390.0,105,110
480,SWGDRUG 3.14,Antipyrine,Precursor / Other,C11H12N2O,188.0,188,101
481,SWGDRUG 3.14,Disulfiram,Precursor / Other,C10H20N2S4,296.0,116,60
482,SWGDRUG 3.14,Aniline,Precursor / Other,C6H7N,93.0,93,34
483,SWGDRUG 3.14,Anileridine,Precursor / Other,C22H28N2O2,352.0,246,103
484,SWGDRUG 3.14,Anhydroecgonine methyl ester,Precursor / Other,C10H15NO2,181.0,152,93
485,SWGDRUG 3.14,Clomipramine,Precursor / Other,C19H23ClN2,314.0,58,199
486,SWGDRUG 3.14,Amoxapine,Precursor / Other,C17H16ClN3O,313.0,245,203
487,SWGDRUG 3.14,Amlodipine,Precursor / Other,C20H25ClN2O5,408.0,297,285
488,SWGDRUG 3.14,Amitriptyline,Precursor / Other,C20H23N,277.0,58,82
489,SWGDRUG 3.14,Aminorex,Precursor / Other,C9H10N2O,162.0,56,63
490,SWGDRUG 3.14,Aminopyrine,Precursor / Other,C13H17N3O,231.0,56,128
491,SWGDRUG 3.14,Aminopromazine,Precursor / Other,C19H25N3S,327.0,198,48
492,SWGDRUG 3.14,Zolpidem,Depressant,C19H21N3O,307.0,235,124
493,SWGDRUG 3.14,Alprenolol,Precursor / Other,C15H23NO2,249.0,72,92
494,SWGDRUG 3.14,Alphenal,Precursor / Other,C13H12N2O3,244.0,215,153
495,SWGDRUG 3.14,Vitamin E acetate,Precursor / Other,C31H52O3,472.0,430,98
496,SWGDRUG 3.14,Cinchonidine,Precursor / Other,C19H22N2O,294.0,136,122
497,SWGDRUG 3.14,Alphaprodine,Precursor / Other,C16H23NO2,261.0,172,117
498,SWGDRUG 3.14,Norfenfluramine,Precursor / Other,C10H12F3N,203.0,44,107
499,SWGDRUG 3.14,Chlophedianol,Precursor / Other,C17H20ClNO,289.0,58,71
500,SWGDRUG 3.14,Allopurinol,Precursor / Other,C5H4N4O,136.0,136,24
501,SWGDRUG 3.14,Albuterol,Precursor / Other,C13H21NO3,239.0,86,110
502,SWGDRUG 3.14,Loratadine,Precursor / Other,C22H23ClN2O2,382.0,266,287
503,SWGDRUG 3.14,Adrenolone,Precursor / Other,C9H11NO3,181.0,44,88
504,SWGDRUG 3.14,Epinephrine,Precursor / Other,C9H13NO3,183.0,44,97
505,SWGDRUG 3.14,Adenine,Precursor / Other,C5H5N5,135.0,135,28
506,SWGDRUG 3.14,Amantadine,Precursor / Other,C10H17N,151.0,94,51
507,SWGDRUG 3.14,Acetylsalicylic acid methyl ester,Precursor / Other,C10H10O4,194.0,120,41
508,SWGDRUG 3.14,Acetophenone,Precursor / Other,C8H8O,120.0,105,50
509,SWGDRUG 3.14,Aspirin,Precursor / Other,C9H8O4,180.0,120,57
510,SWGDRUG 3.14,Phenacetin,Precursor / Other,C10H13NO2,179.0,108,66
511,SWGDRUG 3.14,Acetonitrile,Precursor / Other,C2H3N,41.0,41,19
512,SWGDRUG 3.14,Acetone,Precursor / Other,C3H6O,58.0,43,30
513,SWGDRUG 3.14,Acetaminophen,Precursor / Other,C8H9NO2,151.0,109,37
514,SWGDRUG 3.14,Acetanilide,Precursor / Other,C8H9NO,135.0,93,20
515,SWGDRUG 3.14,Cyproheptadine,Precursor / Other,C21H21N,287.0,287,186
516,SWGDRUG 3.14,Cyclophosphamide,Precursor / Other,C7H15Cl2N2O2P,260.0,211,122
517,SWGDRUG 3.14,Cyclopentamine,Precursor / Other,C9H19N,141.0,58,28
518,SWGDRUG 3.14,Cyclohexanone,Precursor / Other,C6H10O,98.0,55,39
519,SWGDRUG 3.14,Lindane,Precursor / Other,C6H6Cl6,288.0,180,86
520,SWGDRUG 3.14,Cyclohexane,Precursor / Other,C6H12,84.0,84,35
521,SWGDRUG 3.14,Eticyclidine,Precursor / Other,C14H21N,203.0,160,101
522,SWGDRUG 3.14,Cyclobenzaprine,Precursor / Other,C20H21N,275.0,58,89
523,SWGDRUG 3.14,Creatinine,Precursor / Other,C4H7N3O,113.0,42,25
524,SWGDRUG 3.14,Prochlorperazine,Precursor / Other,C20H24ClN3S,373.0,70,220
525,SWGDRUG 3.14,Colchicine,Precursor / Other,C22H25NO6,399.0,312,307
526,SWGDRUG 3.14,Cocaethylene,Precursor / Other,C18H23NO4,317.0,82,140
527,SWGDRUG 3.14,Clozapine,Precursor / Other,C18H19ClN4,326.0,243,209
528,SWGDRUG 3.14,Clotrimazole,Precursor / Other,C22H17ClN2,344.0,277,142
529,SWGDRUG 3.14,Clortermine,Precursor / Other,C10H14ClN,183.0,58,77
530,SWGDRUG 3.14,Clonazepam,Depressant,C15H10ClN3O3,315.0,280,225
531,SWGDRUG 3.14,Clomiphene,Precursor / Other,C26H28ClNO,405.0,86,128
532,SWGDRUG 3.14,Clofibrate,Precursor / Other,C12H15ClO3,242.0,128,60
533,SWGDRUG 3.14,Clobenzorex,Precursor / Other,C16H18ClN,259.0,125,86
534,SWGDRUG 3.14,Clobazam,Precursor / Other,C16H13ClN2O2,300.0,77,226
535,SWGDRUG 3.14,Clioquinol,Precursor / Other,C9H5ClINO,305.0,305,107
536,SWGDRUG 3.14,Clindamycin,Precursor / Other,C18H33ClN2O5S,424.0,126,32
537,SWGDRUG 3.14,Clenbuterol,Precursor / Other,C12H18Cl2N2O,276.0,86,168
538,SWGDRUG 3.14,Clemastine,Precursor / Other,C21H26ClNO,343.0,84,96
539,SWGDRUG 3.14,Desloratadine,Precursor / Other,C19H19ClN2,310.0,280,144
540,SWGDRUG 3.14,Cisapride,Precursor / Other,C23H29ClFN3O4,465.0,232,197
541,SWGDRUG 3.14,Dextrorphan,Precursor / Other,C17H23NO,257.0,257,179
542,SWGDRUG 3.14,Cimetidine,Precursor / Other,C10H16N6S,252.0,116,148
543,SWGDRUG 3.14,Tadalafil,Precursor / Other,C22H19N3O4,389.0,262,113
544,SWGDRUG 3.14,Chlorthalidone,Precursor / Other,C14H11ClN2O4S,338.0,148,153
545,SWGDRUG 3.14,Chlortetracycline,Precursor / Other,C22H23ClN2O8,478.0,84,252
546,SWGDRUG 3.14,Chlorpromazine,Precursor / Other,C17H19ClN2S,318.0,58,213
547,SWGDRUG 3.14,Chlorphentermine,Precursor / Other,C10H14ClN,183.0,58,78
548,SWGDRUG 3.14,Chlorphenoxamine,Precursor / Other,C18H22ClNO,303.0,58,79
549,SWGDRUG 3.14,Chloroquine,Precursor / Other,C18H26ClN3,319.0,86,142
550,SWGDRUG 3.14,Chloroprocaine,Precursor / Other,C13H19ClN2O2,270.0,86,67
551,SWGDRUG 3.14,Chlorophenol,Precursor / Other,C6H5ClO,128.0,128,28
552,SWGDRUG 3.14,Chloroform,Precursor / Other,CHCl3,118.0,83,27
553,SWGDRUG 3.14,Camphor,Precursor / Other,C10H16O,152.0,95,56
554,SWGDRUG 3.14,Chlordiazepoxide,Precursor / Other,C16H14ClN3O,299.0,282,238
555,SWGDRUG 3.14,Citalopram,Precursor / Other,C20H21FN2O,324.0,58,133
556,SWGDRUG 3.14,Clonidine,Precursor / Other,C9H9Cl2N3,229.0,229,160
557,SWGDRUG 3.14,Diltiazem,Precursor / Other,C22H26N2O4S,414.0,58,95
558,SWGDRUG 3.14,Carbinoxamine,Precursor / Other,C16H19ClN2O,290.0,58,97
559,SWGDRUG 3.14,Caprylic Acid,Precursor / Other,C8H16O2,144.0,60,52
560,SWGDRUG 3.14,Capric Acid,Precursor / Other,C10H20O2,172.0,73,65
561,SWGDRUG 3.14,Ethyl stearate,Precursor / Other,C20H40O2,312.0,88,138
562,SWGDRUG 3.14,Ethylmorphine,Opioid,C19H23NO3,313.0,313,241
563,SWGDRUG 3.14,Ethyl acetate,Precursor / Other,C4H8O2,88.0,43,32
564,SWGDRUG 3.14,Ethosuximide,Precursor / Other,C7H11NO2,141.0,113,52
565,SWGDRUG 3.14,Ethinamate,Precursor / Other,C9H13NO2,167.0,91,68
566,SWGDRUG 3.14,Ethchlorvynol,Cannabinoid,C7H9ClO,144.0,115,73
567,SWGDRUG 3.14,Ethambutol,Precursor / Other,C10H24N2O2,204.0,102,61
568,SWGDRUG 3.14,Estradiol,Precursor / Other,C18H24O2,272.0,272,189
569,SWGDRUG 3.14,Estazolam,Precursor / Other,C16H11ClN4,294.0,205,212
570,SWGDRUG 3.14,Erucic Acid,Precursor / Other,C22H42O2,338.0,55,188
571,SWGDRUG 3.14,Ergonovine,Precursor / Other,C19H23N3O2,325.0,221,93
572,SWGDRUG 3.14,Ecgonine,Precursor / Other,C9H15NO3,185.0,82,79
573,SWGDRUG 3.14,Dyclonine (or breakdown product),Precursor / Other,C18H27NO2,289.0,121,55
574,SWGDRUG 3.14,Droperidol,Precursor / Other,C22H22FN3O2,379.0,246,196
575,SWGDRUG 3.14,Doxylamine,Precursor / Other,C17H22N2O,270.0,58,86
576,SWGDRUG 3.14,Doxepin,Precursor / Other,C19H21NO,279.0,58,85
577,SWGDRUG 3.14,Doxapram,Precursor / Other,C24H30N2O2,378.0,100,160
578,SWGDRUG 3.14,Dothiepin,Precursor / Other,C19H21NS,295.0,58,87
579,SWGDRUG 3.14,Quazepam,Precursor / Other,C17H11ClF4N2S,386.0,386,335
580,SWGDRUG 3.14,Lauric Acid,Precursor / Other,C12H24O2,200.0,73,77
581,SWGDRUG 3.14,d-Methamphetamine TPC derivative,Stimulant,C17H21F3N2O2,342.0,166,104
582,SWGDRUG 3.14,"N,N-Dimethylamphetamine",Stimulant,C11H17N,163.0,72,60
583,SWGDRUG 3.14,Diundecyl phthalate,Precursor / Other,C30H50O4,474.0,149,66
584,SWGDRUG 3.14,Oxybutynin,Precursor / Other,C22H31NO3,357.0,342,152
585,SWGDRUG 3.14,Disopyramide,Precursor / Other,C21H29N3O,339.0,195,144
586,SWGDRUG 3.14,Diphenylamine,Precursor / Other,C12H11N,169.0,169,67
587,SWGDRUG 3.14,Diphenoxylate,Precursor / Other,C30H32N2O2,452.0,246,169
588,SWGDRUG 3.14,Dioctyl phthalate,Precursor / Other,C24H38O4,390.0,149,69
589,SWGDRUG 3.14,Di-n-propyl phthalate,Precursor / Other,C14H18O4,250.0,149,44
590,SWGDRUG 3.14,Di-n-pentyl phthalate,Precursor / Other,C18H26O4,306.0,149,48
591,SWGDRUG 3.14,Dinonyl phthalate,Precursor / Other,C26H42O4,418.0,149,99
592,SWGDRUG 3.14,Di-n-butyl phthalate,Precursor / Other,C16H22O4,278.0,149,48
593,SWGDRUG 3.14,Dimethylsulfone,Precursor / Other,C2H6O2S,94.0,79,27
594,SWGDRUG 3.14,Dimethyl phthalate,Precursor / Other,C10H10O4,194.0,163,42
595,SWGDRUG 3.14,Hydromorphone,Opioid,C17H19NO3,285.0,285,203
596,SWGDRUG 3.14,Diphenylhydantoin,Precursor / Other,C15H12N2O2,252.0,180,112
597,SWGDRUG 3.14,Diisopropyl phthalate,Precursor / Other,C14H18O4,250.0,149,48
598,SWGDRUG 3.14,Diisobutyl phthalate,Precursor / Other,C16H22O4,278.0,149,48
599,SWGDRUG 3.14,Dihydromorphine,Opioid,C17H21NO3,287.0,287,177
600,SWGDRUG 3.14,Dihexyl phthalate,Precursor / Other,C20H30O4,334.0,149,45
601,SWGDRUG 3.14,Diheptyl phthalate,Precursor / Other,C22H34O4,362.0,149,53
602,SWGDRUG 3.14,Diethyl phthalate,Precursor / Other,C12H14O4,222.0,149,47
603,SWGDRUG 3.14,Diethyl ether,Precursor / Other,C4H10O,74.0,31,30
604,SWGDRUG 3.14,Didodecyl phthalate,Precursor / Other,C32H54O4,502.0,149,67
605,SWGDRUG 3.14,Didecyl phthalate,Precursor / Other,C28H46O4,446.0,149,70
606,SWGDRUG 3.14,Methylene chloride,Precursor / Other,CH2Cl2,84.0,49,28
607,SWGDRUG 3.14,Dibucaine,Precursor / Other,C20H29N3O2,343.0,86,54
608,SWGDRUG 3.14,Dibromoethane,Precursor / Other,C2H4Br2,186.0,107,26
609,SWGDRUG 3.14,Dibenzylamine,Precursor / Other,C14H15N,197.0,91,50
610,SWGDRUG 3.14,Diacetylephedrine,Stimulant,C14H19NO3,249.0,58,72
611,SWGDRUG 3.14,Diethyltryptamine,Hallucinogen,C14H20N2,216.0,86,61
612,SWGDRUG 3.14,Trazodone,Precursor / Other,C19H22ClN5O,371.0,205,215
613,SWGDRUG 3.14,Normethadone,Opioid,C20H25NO,295.0,58,97
614,SWGDRUG 3.14,Desipramine,Precursor / Other,C18H22N2,266.0,234,157
615,SWGDRUG 3.14,Dehydroisoandrosterone 3-Acetate,Anabolic Steroid,C21H30O3,330.0,270,186
616,SWGDRUG 3.14,Dehydroisoandrosterone,Anabolic Steroid,C19H28O2,288.0,91,171
617,SWGDRUG 3.14,Nordazepam,Precursor / Other,C15H11ClN2O,270.0,242,180
618,SWGDRUG 3.14,Diethylamine,Precursor / Other,C4H11N,73.0,58,32
619,SWGDRUG 3.14,Oxaprozin,Precursor / Other,C18H15NO3,293.0,248,67
620,SWGDRUG 3.14,d-Propoxyphene,Precursor / Other,C22H29NO2,339.0,58,101
621,SWGDRUG 3.14,Dapsone,Precursor / Other,C12H12N2O2S,248.0,108,93
622,SWGDRUG 3.14,Mefloquine,Precursor / Other,C17H16F6N2O,378.0,84,198
623,SWGDRUG 3.14,Lysergic acid N-(methylpropyl)amide,Hallucinogen,C20H25N3O,323.0,323,153
624,SWGDRUG 3.14,Levamisole,Precursor / Other,C11H12N2S,204.0,148,126
625,SWGDRUG 3.14,Isoniazid,Precursor / Other,C6H7N3O,137.0,106,64
626,SWGDRUG 3.14,Isocarboxazid,Precursor / Other,C12H13N3O2,231.0,91,80
627,SWGDRUG 3.14,Isobutylnitrite,Precursor / Other,C4H9NO2,103.0,43,34
628,SWGDRUG 3.14,Isoamylnitrite,Precursor / Other,C5H11NO2,117.0,41,43
629,SWGDRUG 3.14,Malathion,Precursor / Other,C10H19O6PS2,330.0,93,140
630,SWGDRUG 3.14,Tryptophol,Precursor / Other,C10H11NO,161.0,130,59
631,SWGDRUG 3.14,Indole,Precursor / Other,C8H7N,117.0,117,43
632,SWGDRUG 3.14,Indomethacin,Precursor / Other,C19H16ClNO4,357.0,139,111
633,SWGDRUG 3.14,Propranolol,Precursor / Other,C16H21NO2,259.0,72,75
634,SWGDRUG 3.14,Indapamide,Precursor / Other,C16H16ClN3O3S,365.0,147,53
635,SWGDRUG 3.14,Sumatriptan,Precursor / Other,C14H21N3O2S,295.0,58,63
636,SWGDRUG 3.14,Loperamide,Precursor / Other,C29H33ClN2O2,476.0,238,209
637,SWGDRUG 3.14,Imipramine,Precursor / Other,C19H24N2,280.0,58,137
638,SWGDRUG 3.14,Hydromorphone TMS derivative,Opioid,C20H27NO3Si,357.0,357,295
639,SWGDRUG 3.14,Hydroquinine,Precursor / Other,C20H26N2O2,326.0,138,207
640,SWGDRUG 3.14,Hexylresorcinol,Precursor / Other,C12H18O2,194.0,123,33
641,SWGDRUG 3.14,Hexylcaine,Precursor / Other,C16H23NO2,261.0,112,64
642,SWGDRUG 3.14,Myristic Acid,Precursor / Other,C14H28O2,228.0,73,96
643,SWGDRUG 3.14,Lignoceric Acid,Precursor / Other,C24H48O2,368.0,73,114
644,SWGDRUG 3.14,Hexobarbital,Precursor / Other,C12H16N2O3,236.0,221,143
645,SWGDRUG 3.14,Hexane,Precursor / Other,C6H14,86.0,57,34
646,SWGDRUG 3.14,Hexamine,Precursor / Other,C6H12N4,140.0,42,33
647,SWGDRUG 3.14,Harmine,Precursor / Other,C13H12N2O,212.0,212,109
648,SWGDRUG 3.14,Harmaline,Precursor / Other,C13H14N2O,214.0,213,124
649,SWGDRUG 3.14,Triazolam,Depressant,C17H12Cl2N4,342.0,313,244
650,SWGDRUG 3.14,Haloperidol,Precursor / Other,C21H23ClFNO2,375.0,224,121
651,SWGDRUG 3.14,Halazepam,Precursor / Other,C17H12ClF3N2O,352.0,324,220
652,SWGDRUG 3.14,Nitroglycerin,Precursor / Other,C3H5N3O9,227.0,46,78
653,SWGDRUG 3.14,Glipizide,Precursor / Other,C21H27N5O4S,445.0,150,94
654,SWGDRUG 3.14,Prazosin,Precursor / Other,C19H21N5O4,383.0,233,95
655,SWGDRUG 3.14,Fluvoxamine,Precursor / Other,C15H21F3N2O2,318.0,45,195
656,SWGDRUG 3.14,Flutamide,Precursor / Other,C11H11F3N2O3,276.0,43,49
657,SWGDRUG 3.14,Flurbiprofen,Precursor / Other,C15H13FO2,244.0,199,77
658,SWGDRUG 3.14,Fluoxetine,Precursor / Other,C17H18F3NO,309.0,44,112
659,SWGDRUG 3.14,Flumazenil,Precursor / Other,C15H14FN3O3,303.0,229,114
660,SWGDRUG 3.14,Flavone,Precursor / Other,C15H10O2,222.0,222,56
661,SWGDRUG 3.14,Fenproporex,Precursor / Other,C12H16N2,188.0,97,65
662,SWGDRUG 3.14,Fenoprofen,Precursor / Other,C15H14O3,242.0,242,143
663,SWGDRUG 3.14,Fenfluramine,Precursor / Other,C12H16F3N,231.0,72,116
664,SWGDRUG 3.14,Metoclopramide,Precursor / Other,C14H22ClN3O2,299.0,86,104
665,SWGDRUG 3.14,Methyl stearate,Precursor / Other,C19H38O2,298.0,74,114
666,SWGDRUG 3.14,Methyl salicylate,Precursor / Other,C8H8O3,152.0,120,26
667,SWGDRUG 3.14,Methyldopa,Precursor / Other,C10H13NO4,211.0,88,98
668,SWGDRUG 3.14,Methyldihydromorphinone,Precursor / Other,C18H21NO3,299.0,299,204
669,SWGDRUG 3.14,Orthocaine,Precursor / Other,C8H9NO3,167.0,136,93
670,SWGDRUG 3.14,Methsuximide,Precursor / Other,C12H13NO2,203.0,118,67
671,SWGDRUG 3.14,Methohexital,Precursor / Other,C14H18N2O3,262.0,79,180
672,SWGDRUG 3.14,Methenolone Enanthate,Precursor / Other,C27H42O3,414.0,136,238
673,SWGDRUG 3.14,Methenolone Acetate,Precursor / Other,C22H32O3,344.0,123,235
674,SWGDRUG 3.14,Metharbital,Precursor / Other,C9H14N2O3,198.0,155,70
675,SWGDRUG 3.14,Methandriol Dipropionate,Precursor / Other,C26H40O4,416.0,57,169
676,SWGDRUG 3.14,Trimecaine,Precursor / Other,C15H24N2O,248.0,86,75
677,SWGDRUG 3.14,Sibutramine,Precursor / Other,C17H26ClN,279.0,114,98
678,SWGDRUG 3.14,Mepivacaine,Precursor / Other,C15H22N2O,246.0,98,60
679,SWGDRUG 3.14,Mephobarbital,Precursor / Other,C13H14N2O3,246.0,218,119
680,SWGDRUG 3.14,(-) Menthol,Precursor / Other,C10H20O,156.0,71,74
681,SWGDRUG 3.14,Melatonin,Precursor / Other,C13H16N2O2,232.0,160,90
682,SWGDRUG 3.14,m-Dinitrobenzene,Precursor / Other,C6H4N2O4,168.0,168,57
683,SWGDRUG 3.14,Maprotiline,Precursor / Other,C20H23N,277.0,277,161
684,SWGDRUG 3.14,Pregabalin,Precursor / Other,C8H17NO2,159.0,41,46
685,SWGDRUG 3.14,l-Methamphetamine TPC derivative,Stimulant,C17H21F3N2O2,342.0,166,102
686,SWGDRUG 3.14,Lidocaine,Precursor / Other,C14H22N2O,234.0,86,73
687,SWGDRUG 3.14,Levorphan,Precursor / Other,C17H23NO,257.0,59,176
688,SWGDRUG 3.14,levo-Propoxyphene,Precursor / Other,C22H29NO2,339.0,58,89
689,SWGDRUG 3.14,Levobunolol,Precursor / Other,C17H25NO3,291.0,86,57
690,SWGDRUG 3.14,Vardenafil,Precursor / Other,C23H32N6O4S,488.0,113,81
691,SWGDRUG 3.14,Levallorphan,Precursor / Other,C19H25NO,283.0,283,178
692,SWGDRUG 3.14,Levodopa,Precursor / Other,C9H11NO4,197.0,123,59
693,SWGDRUG 3.14,Laudanosine,Precursor / Other,C21H27NO4,357.0,206,73
694,SWGDRUG 3.14,Naphthalene,Precursor / Other,C10H8,128.0,128,37
695,SWGDRUG 3.14,Nandrolone Propionate,Anabolic Steroid,C21H30O3,330.0,57,211
696,SWGDRUG 3.14,Nandrolone Phenylpropionate,Anabolic Steroid,C27H34O3,406.0,257,157
697,SWGDRUG 3.14,Nandrolone Laurate,Anabolic Steroid,C30H48O3,456.0,110,185
698,SWGDRUG 3.14,Nandrolone Decanoate,Anabolic Steroid,C28H44O3,428.0,110,200
699,SWGDRUG 3.14,Nandrolone Cypionate,Anabolic Steroid,C26H38O3,398.0,274,233
700,SWGDRUG 3.14,Naloxone,Precursor / Other,C19H21NO4,327.0,327,235
701,SWGDRUG 3.14,N-acetyl-N-ethylamphetamine,Stimulant,C13H19NO,205.0,72,68
702,SWGDRUG 3.14,N-acetylmethamphetamine,Stimulant,C12H17NO,191.0,58,61
703,SWGDRUG 3.14,N-acetylmescaline,Hallucinogen,C13H19NO4,253.0,194,118
704,SWGDRUG 3.14,N-acetylamphetamine,Stimulant,C11H15NO,177.0,44,35
705,SWGDRUG 3.14,Nabumetone,Precursor / Other,C15H16O2,228.0,171,103
706,SWGDRUG 3.14,Stearic Acid,Precursor / Other,C18H36O2,284.0,43,83
707,SWGDRUG 3.14,n-Tridecane,Precursor / Other,C13H28,184.0,57,23
708,SWGDRUG 3.14,n-Tetracosane,Precursor / Other,C24H50,338.0,57,49
709,SWGDRUG 3.14,Procaine,Precursor / Other,C13H20N2O2,236.0,86,68
710,SWGDRUG 3.14,Noscapine,Precursor / Other,C22H23NO7,413.0,220,106
711,SWGDRUG 3.14,Norverapamil,Precursor / Other,C26H36N2O4,440.0,289,193
712,SWGDRUG 3.14,Nortriptyline,Precursor / Other,C19H21N,263.0,44,104
713,SWGDRUG 3.14,Normeperidine,Opioid,C14H19NO2,233.0,57,65
714,SWGDRUG 3.14,Norfentanyl,Opioid,C14H20N2O,232.0,83,115
715,SWGDRUG 3.14,Phenylpropanolamine,Precursor / Other,C9H13NO,151.0,44,48
716,SWGDRUG 3.14,Tamoxifen,Precursor / Other,C26H29NO,371.0,58,136
717,SWGDRUG 3.14,"N,N-Dimethylphenethylamine",Precursor / Other,C10H15N,149.0,58,66
718,SWGDRUG 3.14,"N,N-Dimethylacetamide",Precursor / Other,C4H9NO,87.0,87,21
719,SWGDRUG 3.14,Phenyltoloxamine,Precursor / Other,C17H21NO,255.0,58,39
720,SWGDRUG 3.14,N-methylphthalimide,Precursor / Other,C9H7NO2,161.0,161,41
721,SWGDRUG 3.14,Nitrofurazone,Precursor / Other,C6H6N4O4,198.0,154,107
722,SWGDRUG 3.14,Nifedipine,Precursor / Other,C17H18N2O6,346.0,284,227
723,SWGDRUG 3.14,Palmitic Acid,Precursor / Other,C16H32O2,256.0,60,136
724,SWGDRUG 3.14,N-formylmethamphetamine,Stimulant,C11H15NO,177.0,86,62
725,SWGDRUG 3.14,N-Ethylphenethylamine,Precursor / Other,C10H15N,149.0,58,52
726,SWGDRUG 3.14,Neostigmine,Precursor / Other,C11H16N2O2,208.0,72,68
727,SWGDRUG 3.14,Tropicamide,Precursor / Other,C17H20N2O2,284.0,92,94
728,SWGDRUG 3.14,N-butylbenzylamine,Precursor / Other,C11H17N,163.0,91,52
729,SWGDRUG 3.14,N-butylnitrite,Precursor / Other,C4H9NO2,103.0,41,36
730,SWGDRUG 3.14,N-benzylmethylamine,Precursor / Other,C8H11N,121.0,120,47
731,SWGDRUG 3.14,N-Isopropylbenzylamine,Precursor / Other,C10H15N,149.0,91,58
732,SWGDRUG 3.14,N-ethylbenzylamine,Precursor / Other,C9H13N,135.0,91,59
733,SWGDRUG 3.14,Narceine,Precursor / Other,C23H27NO8,445.0,58,170
734,SWGDRUG 3.14,Oxymetazoline,Precursor / Other,C16H24N2O,260.0,245,127
735,SWGDRUG 3.14,Oxazolam,Precursor / Other,C18H17ClN2O2,328.0,251,132
736,SWGDRUG 3.14,Oxazepam,Depressant,C15H11ClN2O2,286.0,205,140
737,SWGDRUG 3.14,Ornidazole,Precursor / Other,C7H10ClN3O3,219.0,81,115
738,SWGDRUG 3.14,Salicylic Acid,Precursor / Other,C7H6O3,138.0,92,33
739,SWGDRUG 3.14,Pipradrol,Precursor / Other,C18H21NO,267.0,84,74
740,SWGDRUG 3.14,Piperidine,Precursor / Other,C5H11N,85.0,84,31
741,SWGDRUG 3.14,Pindolol,Precursor / Other,C14H20N2O2,248.0,133,99
742,SWGDRUG 3.14,Piminodine,Precursor / Other,C23H30N2O2,366.0,246,181
743,SWGDRUG 3.14,Pilocarpine,Precursor / Other,C11H16N2O2,208.0,95,79
744,SWGDRUG 3.14,Tetramisole,Precursor / Other,C11H12N2S,204.0,148,127
745,SWGDRUG 3.14,Phenylsalicylate,Precursor / Other,C13H10O3,214.0,121,37
746,SWGDRUG 3.14,Phenylbutazone,Precursor / Other,C19H20N2O2,308.0,183,122
747,SWGDRUG 3.14,Phenylalanine,Precursor / Other,C9H11NO2,165.0,74,41
748,SWGDRUG 3.14,"Phenylacetic acid, 2-methylpropyl ester",Precursor / Other,C12H16O2,192.0,91,53
749,SWGDRUG 3.14,Phensuximide,Precursor / Other,C11H11NO2,189.0,104,57
750,SWGDRUG 3.14,Phenethylamine,Precursor / Other,C8H11N,121.0,91,43
751,SWGDRUG 3.14,Phenethyl acetate,Precursor / Other,C10H12O2,164.0,104,36
752,SWGDRUG 3.14,Promethazine,Precursor / Other,C17H20N2S,284.0,72,111
753,SWGDRUG 3.14,Phenazine,Precursor / Other,C12H8N2,180.0,180,57
754,SWGDRUG 3.14,p-Fluorofentanyl,Opioid,C22H27FN2O,354.0,263,153
755,SWGDRUG 3.14,Perphenazine,Precursor / Other,C21H26ClN3OS,403.0,246,166
756,SWGDRUG 3.14,Penicillic Acid,Precursor / Other,C8H10O4,170.0,69,91
757,SWGDRUG 3.14,p-Benzoquinone,Precursor / Other,C6H4O2,108.0,108,30
758,SWGDRUG 3.14,Paroxetine,Precursor / Other,C19H20FNO3,329.0,44,151
759,SWGDRUG 3.14,Parathion,Precursor / Other,C10H14NO5PS,291.0,97,93
760,SWGDRUG 3.14,para-Dimethylaminobenzaldehyde,Precursor / Other,C9H11NO,149.0,148,60
761,SWGDRUG 3.14,Papaverine,Precursor / Other,C20H21NO4,339.0,338,235
762,SWGDRUG 3.14,Phenyl-2-propanone,Precursor / Other,C9H10O,134.0,91,52
763,SWGDRUG 3.14,Simvastatin,Precursor / Other,C25H38O5,418.0,159,178
764,SWGDRUG 3.14,Selegiline,Precursor / Other,C13H17N,187.0,96,64
765,SWGDRUG 3.14,Salicylamide,Precursor / Other,C7H7NO2,137.0,120,50
766,SWGDRUG 3.14,Rofecoxib,Precursor / Other,C17H14O4S,314.0,257,97
767,SWGDRUG 3.14,Temazepam,Depressant,C16H13ClN2O2,300.0,271,216
768,SWGDRUG 3.14,Quinine,Precursor / Other,C20H24N2O2,324.0,136,150
769,SWGDRUG 3.14,Quinidine,Precursor / Other,C20H24N2O2,324.0,136,181
770,SWGDRUG 3.14,Quetiapine,Precursor / Other,C21H25N3O2S,383.0,210,193
771,SWGDRUG 3.14,Pyrilamine,Precursor / Other,C17H23N3O,285.0,121,86
772,SWGDRUG 3.14,Pyrazinamide,Precursor / Other,C5H5N3O,123.0,123,37
773,SWGDRUG 3.14,Pseudococaine,Stimulant,C17H21NO4,303.0,82,112
774,SWGDRUG 3.14,Proparacaine,Precursor / Other,C16H26N2O3,294.0,86,79
775,SWGDRUG 3.14,Promazine,Precursor / Other,C17H20N2S,284.0,58,166
776,SWGDRUG 3.14,Procarbazine,Precursor / Other,C12H19N3O,221.0,177,163
777,SWGDRUG 3.14,Procainamide,Precursor / Other,C13H21N3O,235.0,86,61
778,SWGDRUG 3.14,Probenecid,Precursor / Other,C13H19NO4S,285.0,256,54
779,SWGDRUG 3.14,Prilocaine,Precursor / Other,C13H20N2O,220.0,86,64
780,SWGDRUG 3.14,Progesterone,Precursor / Other,C21H30O2,314.0,124,211
781,SWGDRUG 3.14,Yohimbine,Precursor / Other,C21H26N2O3,354.0,353,160
782,SWGDRUG 3.14,Xylometazoline,Precursor / Other,C16H24N2,244.0,126,87
783,SWGDRUG 3.14,Vinbarbital,Precursor / Other,C11H16N2O3,224.0,195,102
784,SWGDRUG 3.14,Verapamil,Precursor / Other,C27H38N2O4,454.0,303,183
785,SWGDRUG 3.14,Tropine,Precursor / Other,C8H15NO,141.0,82,64
786,SWGDRUG 3.14,Urea,Precursor / Other,CH4N2O,60.0,44,10
787,SWGDRUG 3.14,Trimipramine,Precursor / Other,C20H26N2,294.0,58,152
788,SWGDRUG 3.14,Trifluoperazine,Precursor / Other,C21H24F3N3S,407.0,113,231
789,SWGDRUG 3.14,Triethylamine,Precursor / Other,C6H15N,101.0,86,26
790,SWGDRUG 3.14,Triethanolamine,Precursor / Other,C6H15NO3,149.0,118,47
791,SWGDRUG 3.14,Trenbolone Acetate,Anabolic Steroid,C20H24O3,312.0,252,179
792,SWGDRUG 3.14,Tramadol,Opioid,C16H25NO2,263.0,58,110
793,SWGDRUG 3.14,Toluene,Precursor / Other,C7H8,92.0,91,38
794,SWGDRUG 3.14,Tocainide,Precursor / Other,C11H16N2O,192.0,44,40
795,SWGDRUG 3.14,Timolol,Precursor / Other,C13H24N4O3S,316.0,86,133
796,SWGDRUG 3.14,Tioconazole,Precursor / Other,C16H13Cl3N2OS,386.0,131,94
797,SWGDRUG 3.14,Tryptamine,Hallucinogen,C10H12N2,160.0,130,62
798,SWGDRUG 3.14,Trimethobenzamide,Precursor / Other,C21H28N2O5,388.0,58,101
799,SWGDRUG 3.14,Ticlopidine,Precursor / Other,C14H14ClNS,263.0,110,121
800,SWGDRUG 3.14,Thonzylamine,Precursor / Other,C16H22N4O,286.0,58,103
801,SWGDRUG 3.14,Zaleplon,Precursor / Other,C17H15N5O,305.0,248,148
802,SWGDRUG 3.14,Strychnine,Precursor / Other,C21H22N2O2,334.0,334,222
803,SWGDRUG 3.14,Sufentanil,Precursor / Other,C22H30N2O2S,386.0,289,128
804,SWGDRUG 3.14,Sulfadiazine,Precursor / Other,C10H10N4O2S,250.0,185,125
805,SWGDRUG 3.14,Sulfanilamide,Precursor / Other,C6H8N2O2S,172.0,155,80
806,SWGDRUG 3.14,Sulfapyridine,Precursor / Other,C11H11N3O2S,249.0,184,128
807,SWGDRUG 3.14,Talbutal,Precursor / Other,C11H16N2O3,224.0,167,84
808,SWGDRUG 3.14,Terfenadine,Precursor / Other,C32H41NO2,471.0,280,215
809,SWGDRUG 3.14,Testosterone Acetate,Anabolic Steroid,C21H30O3,330.0,124,222
810,SWGDRUG 3.14,Thiothixene,Precursor / Other,C23H29N3O2S2,443.0,113,177
811,SWGDRUG 3.14,Thiabendazole,Precursor / Other,C10H7N3S,201.0,201,153
812,SWGDRUG 3.14,Theobromine,Precursor / Other,C7H8N4O2,180.0,180,29
813,SWGDRUG 3.14,Thebaine,Precursor / Other,C19H21NO3,311.0,311,167
814,SWGDRUG 3.14,Tetrazepam,Precursor / Other,C16H17ClN2O,288.0,253,214
815,SWGDRUG 3.14,Tetracaine,Precursor / Other,C15H24N2O2,264.0,58,77
816,SWGDRUG 3.14,Tetrahydrozoline,Precursor / Other,C13H16N2,200.0,200,100
817,SWGDRUG 3.14,meta-Fluorofentanyl,Opioid,C22H27FN2O,354.0,263,120
818,SWGDRUG 3.14,Fentanyl para methylphenyl analog,Opioid,C23H30N2O,350.0,245,84
819,SWGDRUG 3.14,Fentanyl meta methylphenyl analog,Opioid,C23H30N2O,350.0,245,106
820,SWGDRUG 3.14,Fentanyl meta methylphenyl acetyl analog,Opioid,C22H28N2O,336.0,231,95
821,SWGDRUG 3.14,Fentanyl ortho methylphenyl acetyl analog,Opioid,C22H28N2O,336.0,231,107
822,SWGDRUG 3.14,Fentanyl meta tolyl analog,Opioid,C23H30N2O,350.0,160,91
823,SWGDRUG 3.14,Fentanyl ortho tolyl analog,Opioid,C23H30N2O,350.0,259,71
824,SWGDRUG 3.14,Fentanyl para tolyl acetyl analog,Opioid,C22H28N2O,336.0,245,100
825,SWGDRUG 3.14,Fentanyl ortho tolyl acetyl analog,Opioid,C22H28N2O,336.0,245,102
826,SWGDRUG 3.14,Fentanyl methyl acetyl analog,Opioid,C20H24N2O,308.0,91,98
827,SWGDRUG 3.14,Fentanyl propyl analog,Opioid,C23H30N2O,350.0,245,103
828,SWGDRUG 3.14,Fentanyl propyl acetyl analog,Opioid,C22H28N2O,336.0,231,94
829,SWGDRUG 3.14,Boldenone Cypionate,Anabolic Steroid,C27H38O3,410.0,122,180
830,SWGDRUG 3.14,Calusterone,Precursor / Other,C21H32O2,316.0,43,251
831,SWGDRUG 3.14,"17.alpha.-methyl-3.beta.,17.beta.-dihydroxy-5.alpha.-androstane",Precursor / Other,C20H34O2,306.0,43,228
832,SWGDRUG 3.14,"17.alpha.-methyl-3.alpha.,17.beta.-dihydroxy-5.alpha.-androstane",Precursor / Other,C20H34O2,306.0,43,222
833,SWGDRUG 3.14,"3.beta.,17.beta.-Dihydroxy-5.alpha.-androstane",Precursor / Other,C19H32O2,292.0,107,229
834,SWGDRUG 3.14,"3.alpha.,17.beta.-dihydroxy-5.alpha.-androstane",Precursor / Other,C19H32O2,292.0,93,224
835,SWGDRUG 3.14,"3.alpha.,17.beta.-Dihydroxyestr-4-ene",Precursor / Other,C18H28O2,276.0,91,205
836,SWGDRUG 3.14,Bolandiol,Precursor / Other,C18H28O2,276.0,91,209
837,SWGDRUG 3.14,4-Androstenediol,Precursor / Other,C19H30O2,290.0,91,226
838,SWGDRUG 3.14,Bolasterone,Precursor / Other,C21H32O2,316.0,43,240
839,SWGDRUG 3.14,Clostebol,Precursor / Other,C19H27ClO2,322.0,91,272
840,SWGDRUG 3.14,.delta.-1-dihydrotestosterone,Anabolic Steroid,C19H28O2,288.0,122,212
841,SWGDRUG 3.14,Drostanolone,Precursor / Other,C20H32O2,304.0,245,229
842,SWGDRUG 3.14,Normethandrolone,Precursor / Other,C19H28O2,288.0,91,219
843,SWGDRUG 3.14,Trenbolone,Anabolic Steroid,C18H22O2,270.0,270,212
844,SWGDRUG 3.14,5-Androstenedione,Precursor / Other,C19H26O2,286.0,286,228
845,SWGDRUG 3.14,"5.alpha.-Androstan-3,17-dione",Precursor / Other,C19H28O2,288.0,288,224
846,SWGDRUG 3.14,1-Androstenedione,Precursor / Other,C19H26O2,286.0,122,202
847,SWGDRUG 3.14,Bolandione,Precursor / Other,C18H24O2,272.0,91,205
848,SWGDRUG 3.14,Isomethadone,Opioid,C21H27NO,309.0,58,59
849,SWGDRUG 3.14,5-Androstenediol,Precursor / Other,C19H30O2,290.0,91,207
850,SWGDRUG 3.14,4-Androstenedione,Precursor / Other,C19H26O2,286.0,91,218
851,SWGDRUG 3.14,N-ethyl-4-methoxyamphetamine,Stimulant,C12H19NO,193.0,72,72
852,SWGDRUG 3.14,Methyl Palmitate,Precursor / Other,C17H34O2,270.0,74,51
853,SWGDRUG 3.14,Carbaryl,Precursor / Other,C12H11NO2,201.0,144,69
854,SWGDRUG 3.14,2-Methyl-3-phenylaziridine,Precursor / Other,C9H11N,133.0,132,56
855,SWGDRUG 3.14,Famprofazone,Precursor / Other,C24H31N3O,377.0,286,164
856,SWGDRUG 3.14,Methylparaben,Precursor / Other,C8H8O3,152.0,121,55
857,SWGDRUG 3.14,1-Benzyl-3-methylnaphthalene,Precursor / Other,C18H16,232.0,232,98
858,SWGDRUG 3.14,"1,3-Dimethyl-2-phenyl-naphthalene",Precursor / Other,C18H16,232.0,232,83
859,SWGDRUG 3.14,1-phenyl-4-phenethyliminopiperidine,Precursor / Other,C19H22N2,278.0,105,107
860,SWGDRUG 3.14,4-Propionyloxypiperidine,Precursor / Other,C8H15NO2,157.0,82,15
861,SWGDRUG 3.14,Acepromazine,Precursor / Other,C19H22N2OS,326.0,58,180
862,SWGDRUG 3.14,Phenolphthalein,Precursor / Other,C20H14O4,318.0,274,200
863,SWGDRUG 3.14,Diuron,Precursor / Other,C9H10Cl2N2O,232.0,187,75
864,SWGDRUG 3.14,3-Phenyl-1-propylamine,Precursor / Other,C9H13N,135.0,30,55
865,SWGDRUG 3.14,Ethyl methyl sulfone,Precursor / Other,C3H8O2S,108.0,80,42
866,SWGDRUG 3.14,Diethyl sulfone,Precursor / Other,C4H10O2S,122.0,29,44
867,SWGDRUG 3.14,Sulfolane,Precursor / Other,C4H8O2S,120.0,41,44
868,SWGDRUG 3.14,Diphenylmethane,Precursor / Other,C13H12,168.0,167,80
869,SWGDRUG 3.14,Ergotamine (gc-breakdown product),Precursor / Other,C33H35N5O5,581.0,70,155
870,SWGDRUG 3.14,Hexacosane,Precursor / Other,C26H54,366.0,57,93
871,SWGDRUG 3.14,L-phenylalaninol,Precursor / Other,C9H13NO,151.0,60,62
872,SWGDRUG 3.14,6-Chloropiperonyl alcohol,Precursor / Other,C8H7ClO3,186.0,186,129
873,SWGDRUG 3.14,2-Ethylnaphthalene,Precursor / Other,C12H12,156.0,141,61
874,SWGDRUG 3.14,Lysergol,Precursor / Other,C16H18N2O,254.0,254,161
875,SWGDRUG 3.14,Allylbenzene,Precursor / Other,C9H10,118.0,117,45
876,SWGDRUG 3.14,3-Phenyl-1-propanol,Precursor / Other,C9H12O,136.0,117,63
877,SWGDRUG 3.14,"2,4-Dimethoxybenzaldehyde",Precursor / Other,C9H10O3,166.0,166,81
878,SWGDRUG 3.14,"2,4-Dimethoxyphenyl-2-nitropropene",Precursor / Other,C11H13NO4,223.0,176,137
879,SWGDRUG 3.14,"N-Acetyl-2,5-dimethoxyphenethylamine",Precursor / Other,C12H17NO3,223.0,164,87
880,SWGDRUG 3.14,1-phenylpropylene oxide,Precursor / Other,C9H10O,134.0,90,60
881,SWGDRUG 3.14,"4-Methyl-2,5-dimethoxyphenylnitropropene",Precursor / Other,C12H15NO4,237.0,237,153
882,SWGDRUG 3.14,5-Methoxy-N-isopropyltryptamine,Hallucinogen,C14H20N2O,232.0,72,93
883,SWGDRUG 3.14,1-(N-methylamino)-1-phenylpropane,Precursor / Other,C10H15N,149.0,120,62
884,SWGDRUG 3.14,"2,5-Dimethoxy-4-n-propylthio-beta-nitrostyrene",Precursor / Other,C13H17NO4S,283.0,283,216
885,SWGDRUG 3.14,"2,5-Dimethoxyphenylpropyl sulfide",Precursor / Other,C11H16O2S,212.0,155,124
886,SWGDRUG 3.14,N-Methyl-2-phenyl-1-propylamine,Precursor / Other,C10H15N,149.0,44,56
887,SWGDRUG 3.14,"2-Chloro-4,5-methylenedioxyphenyl-2-nitropropene",Precursor / Other,C10H8ClNO4,241.0,176,178
888,SWGDRUG 3.14,N-(1-phenyl-4-piperidyl)-N-benzylpropanamide,Precursor / Other,C21H26N2O,322.0,158,155
889,SWGDRUG 3.14,Nortropacocaine,Stimulant,C14H17NO2,231.0,110,49
890,SWGDRUG 3.14,p-Fluorococaine,Stimulant,C17H20FNO4,321.0,82,97
891,SWGDRUG 3.14,2-Methylnaphthalene,Precursor / Other,C11H10,142.0,142,62
892,SWGDRUG 3.14,1-benzyl-4-benzyliminopiperidine,Precursor / Other,C19H22N2,278.0,91,111
893,SWGDRUG 3.14,Lysergic Acid TBDMS Derivative,Hallucinogen,C22H30N2O2Si,382.0,382,205
894,SWGDRUG 3.14,Pseudoephedrine O-TBDMS Derivative,Stimulant,C16H29NOSi,279.0,58,109
895,SWGDRUG 3.14,Pseudoephedrine bis-TBDMS Derivative,Stimulant,C22H43NOSi2,393.0,172,99
896,SWGDRUG 3.14,Ephedrine O-TBDMS Derivative,Stimulant,C16H29NOSi,279.0,58,109
897,SWGDRUG 3.14,Ephedrine bis-TBDMS Derivative,Stimulant,C22H43NOSi2,393.0,172,93
898,SWGDRUG 3.14,Norephedrine O-TBDMS Derivative,Stimulant,C15H27NOSi,265.0,158,96
899,SWGDRUG 3.14,Norephedrine bis-TBDMS Derivative,Stimulant,C21H41NOSi2,379.0,158,114
900,SWGDRUG 3.14,Norpseudoephedrine O-TBDMS Derivative,Stimulant,C15H27NOSi,265.0,158,111
901,SWGDRUG 3.14,Norpseudoephedrine bis-TBDMS Derivative,Stimulant,C21H41NOSi2,379.0,158,112
902,SWGDRUG 3.14,Amphetamine TBDMS Derivative,Stimulant,C15H27NSi,249.0,158,97
903,SWGDRUG 3.14,6-Chloropiperonal,Precursor / Other,C8H5ClO3,184.0,183,94
904,SWGDRUG 3.14,Lysergic acid methyl ester,Hallucinogen,C17H18N2O2,282.0,282,187
905,SWGDRUG 3.14,Alfentanil,Precursor / Other,C21H32N6O3,416.0,289,196
906,SWGDRUG 3.14,N-(1-phenyl-4-piperidyl)-N-phenethylpropanamide,Precursor / Other,C22H28N2O,336.0,158,161
907,SWGDRUG 3.14,N-Trichloroacetylmethamphetamine,Stimulant,C12H14Cl3NO,293.0,202,143
908,SWGDRUG 3.14,2-Phenylpropionaldehyde,Precursor / Other,C9H10O,134.0,105,44
909,SWGDRUG 3.14,N-Benzylidenemethylamine,Precursor / Other,C8H9N,119.0,118,46
910,SWGDRUG 3.14,Ephedrine-TPC Derivative,Stimulant,C17H21F3N2O3,358.0,166,128
911,SWGDRUG 3.14,"3,4-Methylenedioxycinnamic acid",Precursor / Other,C10H8O4,192.0,192,110
912,SWGDRUG 3.14,Methoxy-THC,Cannabinoid,C22H32O2,328.0,328,231
913,SWGDRUG 3.14,Methoxyolivetol,Precursor / Other,C12H18O2,194.0,138,84
914,SWGDRUG 3.14,Olivetol,Precursor / Other,C11H16O2,180.0,124,82
915,SWGDRUG 3.14,"N,N-Diethylbenzylamine",Precursor / Other,C11H17N,163.0,91,63
916,SWGDRUG 3.14,4-Methylthiomethylnitrostyrene,Precursor / Other,C10H11NO2S,209.0,115,116
917,SWGDRUG 3.14,1-Benzyl-4-phenyliminopiperidine,Precursor / Other,C18H20N2,264.0,91,128
918,SWGDRUG 3.14,1-Benzyl-4-anilinopiperidine,Precursor / Other,C18H22N2,266.0,91,92
919,SWGDRUG 3.14,Benzyl propionate,Precursor / Other,C10H12O2,164.0,91,28
920,SWGDRUG 3.14,trans-4-Phenyl-3-buten-2-one,Precursor / Other,C10H10O,146.0,131,62
921,SWGDRUG 3.14,1-Benzyl-4-hydroxypiperidine,Precursor / Other,C12H17NO,191.0,91,93
922,SWGDRUG 3.14,1-phenethyl-4-acetoxypiperidine,Precursor / Other,C15H21NO2,247.0,156,78
923,SWGDRUG 3.14,1-Propionyl-4-anilinopiperidine,Precursor / Other,C14H20N2O,232.0,83,133
924,SWGDRUG 3.14,"N,N-dipropionylphenethylamine",Precursor / Other,C14H19NO2,233.0,104,70
925,SWGDRUG 3.14,4-Anilinopiperidine,Precursor / Other,C11H16N2,176.0,83,91
926,SWGDRUG 3.14,N-benzylpropanamide,Precursor / Other,C10H13NO,163.0,91,76
927,SWGDRUG 3.14,N-phenylpropanamide,Precursor / Other,C9H11NO,149.0,93,50
928,SWGDRUG 3.14,N-phenylmethylene-2-phenethylamine,Precursor / Other,C15H15N,209.0,118,60
929,SWGDRUG 3.14,N-Benzyl-2-phenethylamine,Precursor / Other,C15H17N,211.0,91,50
930,SWGDRUG 3.14,Phenethylpropanamide,Precursor / Other,C11H15NO,177.0,104,59
931,SWGDRUG 3.14,1-phenethyl-4-hydroxypiperidine,Precursor / Other,C13H19NO,205.0,114,74
932,SWGDRUG 3.14,1-benzoyl-4-piperidone,Precursor / Other,C12H13NO2,203.0,105,74
933,SWGDRUG 3.14,1-(3-phenylpropyl)-4-piperidone,Precursor / Other,C14H19NO,217.0,112,70
934,SWGDRUG 3.14,N-benzyl-N-phenylpropanamide,Precursor / Other,C16H17NO,239.0,91,91
935,SWGDRUG 3.14,1-benzyl-4-propionyloxypiperidine,Precursor / Other,C15H21NO2,247.0,91,91
936,SWGDRUG 3.14,1-phenethyl-4-propionyloxypiperidine,Precursor / Other,C16H23NO2,261.0,170,83
937,SWGDRUG 3.14,N-(phenylmethyl)-1-phenylmethyl-4-piperidinamine,Precursor / Other,C19H24N2,280.0,91,97
938,SWGDRUG 3.14,Dipropionylaniline,Precursor / Other,C12H15NO2,205.0,93,62
939,SWGDRUG 3.14,2-Phenyl-1-propanol,Precursor / Other,C9H12O,136.0,105,37
940,SWGDRUG 3.14,Phenethyl chloride,Precursor / Other,C8H9Cl,140.0,91,43
941,SWGDRUG 3.14,N-Benzylaniline,Precursor / Other,C13H13N,183.0,91,69
942,SWGDRUG 3.14,N-(1-benzyl-4-piperid-3-enyl)-N-phenylpropanamide,Precursor / Other,C21H24N2O,320.0,172,109
943,SWGDRUG 3.14,N-(1-phenethyl-4-piperidyl)-N-phenethylpropanamide,Precursor / Other,C24H32N2O,364.0,273,157
944,SWGDRUG 3.14,1-phenyl-4-benzyliminopiperidine,Precursor / Other,C18H20N2,264.0,91,128
945,SWGDRUG 3.14,1-phenyl-4-hydroxypiperidine,Precursor / Other,C11H15NO,177.0,177,56
946,SWGDRUG 3.14,N-(phenylmethyl)-1-phenyl-4-piperidinamine,Precursor / Other,C18H22N2,266.0,159,100
947,SWGDRUG 3.14,N-(1-phenethyl-4-piperidyl)-N-benzylpropanamide,Precursor / Other,C23H30N2O,350.0,259,115
948,SWGDRUG 3.14,N-(1-phenethyl-4-piperidyl)-N-benzylamine,Precursor / Other,C20H26N2,294.0,203,104
949,SWGDRUG 3.14,1-phenyl-4-phenyliminopiperidine,Precursor / Other,C17H18N2,250.0,77,113
950,SWGDRUG 3.14,1-phenyl-4-anilinopiperidine,Precursor / Other,C17H20N2,252.0,159,85
951,SWGDRUG 3.14,N-(1-phenyl-4-piperidyl)-N-phenethylamine,Precursor / Other,C19H24N2,280.0,132,99
952,SWGDRUG 3.14,Nabilone,Precursor / Other,C24H36O3,372.0,288,252
953,SWGDRUG 3.14,Methanandamide,Precursor / Other,C23H39NO2,361.0,99,248
954,SWGDRUG 3.14,Androstadiendione,Precursor / Other,C19H24O2,284.0,122,157
955,SWGDRUG 3.14,4-Methylmethamphetamine,Stimulant,C11H17N,163.0,58,66
956,SWGDRUG 3.14,1-(4-Ethylbenzyl)piperazine,Precursor / Other,C13H20N2,204.0,91,114
957,SWGDRUG 3.14,alpha-Methytryptamine,Hallucinogen,C11H14N2,174.0,131,72
958,SWGDRUG 3.14,Chlorodehydromethyltestosterone,Anabolic Steroid,C20H27ClO2,334.0,43,230
959,SWGDRUG 3.14,Stanolone,Precursor / Other,C19H30O2,290.0,231,179
960,SWGDRUG 3.14,Ethylestrenol,Precursor / Other,C20H32O,288.0,216,187
961,SWGDRUG 3.14,Formebolone,Precursor / Other,C21H28O4,344.0,148,192
962,SWGDRUG 3.14,4-Hydroxytestosterone,Anabolic Steroid,C19H28O3,304.0,147,244
963,SWGDRUG 3.14,Norbolethone,Precursor / Other,C21H32O2,316.0,57,212
964,SWGDRUG 3.14,Testolactone,Precursor / Other,C19H24O3,300.0,119,218
965,SWGDRUG 3.14,"Estra-4,9-diene-3,17-dione",Precursor / Other,C18H22O2,270.0,174,193
966,SWGDRUG 3.14,Xylazine,Precursor / Other,C12H16N2S,220.0,205,160
967,SWGDRUG 3.14,trans-Cinnamaldehyde,Precursor / Other,C9H8O,132.0,131,54
968,SWGDRUG 3.14,Helional,Precursor / Other,C11H12O3,192.0,135,82
969,SWGDRUG 3.14,"4-Hydoxyindol-3-yl-N,N-diisopropylglyoxylamide",Precursor / Other,C16H20N2O3,288.0,160,67
970,SWGDRUG 3.14,2-Bromo-4-Methyl-propiophenone,Precursor / Other,C10H11BrO,226.0,119,62
971,SWGDRUG 3.14,2-Bromo-4-Methoxy-Propiophenone,Precursor / Other,C10H11BrO2,242.0,135,64
972,SWGDRUG 3.14,N-Acetyl-4-Fluoromethcathinone,Cannabinoid,C12H14FNO2,223.0,58,66
973,SWGDRUG 3.14,N-Acetyl-2-Fluoromethcathinone,Cannabinoid,C12H14FNO2,223.0,58,78
974,SWGDRUG 3.14,N-Acetyl-3-Fluoromethcathinone,Cannabinoid,C12H14FNO2,223.0,58,69
975,SWGDRUG 3.14,"2-Chloro-4,5-Methylenedioxyamphetamine",Stimulant,C10H12ClNO2,213.0,44,130
976,SWGDRUG 3.14,"2,5-Dimethoxy-4-ethyl-benzaldehyde",Precursor / Other,C11H14O3,194.0,194,122
977,SWGDRUG 3.14,"2,5-Dimethoxy-4-ethyl-nitrostyrene",Precursor / Other,C12H15NO4,237.0,237,170
978,SWGDRUG 3.14,"2,5-Dimethoxy-4-ethylbenzene",Precursor / Other,C10H14O2,166.0,151,84
979,SWGDRUG 3.14,"N-acetyl-3,4-methylenedioxymethamphetamine",Stimulant,C13H17NO3,235.0,58,79
980,SWGDRUG 3.14,"5(10)-Estren-3.beta.,17.beta.-diol",Precursor / Other,C18H28O2,276.0,91,193
981,SWGDRUG 3.14,"5(10)-Estren-3.alpha.,17.beta.-diol",Precursor / Other,C18H28O2,276.0,91,208
982,SWGDRUG 3.14,"5(10)-Estren-3,17-dione",Precursor / Other,C18H24O2,272.0,91,204
983,SWGDRUG 3.14,.alpha.-Benzyl-N-methyl-.beta.-phenethylamine,Precursor / Other,C16H19N,225.0,134,55
984,SWGDRUG 3.14,"WIN 55,212-3",Precursor / Other,C27H26N2O3,426.0,100,122
985,SWGDRUG 3.14,"WIN 55,212-2",Precursor / Other,C27H26N2O3,426.0,100,144
986,SWGDRUG 3.14,Dextromoramide,Precursor / Other,C25H32N2O2,392.0,100,118
987,SWGDRUG 3.14,MDAI TMS Derivative,Stimulant,C13H19NO2Si,249.0,150,139
988,SWGDRUG 3.14,MDAI di-TMS Derivative,Stimulant,C16H27NO2Si2,321.0,321,219
989,SWGDRUG 3.14,Dimethocaine,Precursor / Other,C16H26N2O2,278.0,86,53
990,SWGDRUG 3.14,Diphenylprolinol,Precursor / Other,C17H19NO,253.0,70,94
991,SWGDRUG 3.14,3-Methylamphetamine,Stimulant,C10H15N,149.0,44,64
992,SWGDRUG 3.14,"3,4-Dimethylmethcathinone acetyl derivative",Cannabinoid,C14H19NO2,233.0,58,69
993,SWGDRUG 3.14,"3,4-Dimethylmethcathinone, N-trifluoracetyl derivative",Cannabinoid,C14H16F3NO2,287.0,133,84
994,SWGDRUG 3.14,BMDB,Precursor / Other,C18H19NO3,297.0,91,77
995,SWGDRUG 3.14,BMDP,Precursor / Other,C17H17NO3,283.0,91,68
996,SWGDRUG 3.14,Iso-ethcathinone,Cannabinoid,C11H15NO,177.0,134,54
997,SWGDRUG 3.14,Iso-mephedrone,Stimulant,C11H15NO,177.0,134,58
998,SWGDRUG 3.14,MDP2P methyl glycidate,Precursor / Other,C12H12O5,236.0,165,119
999,SWGDRUG 3.14,N-acetyl-2-methylamphetamine,Stimulant,C12H17NO,191.0,44,67
1000,SWGDRUG 3.14,N-acetyl-3-methylamphetamine,Stimulant,C12H17NO,191.0,44,72
1001,SWGDRUG 3.14,N-acetyl-4-methylamphetamine,Stimulant,C12H17NO,191.0,44,80
1002,SWGDRUG 3.14,N-acetyl-4-methylmethamphetamine,Stimulant,C13H19NO,205.0,58,71
1003,SWGDRUG 3.14,2-Methylamphetamine,Stimulant,C10H15N,149.0,44,57
1004,SWGDRUG 3.14,2-(Diphenylmethyl)pyrrolidine,Precursor / Other,C17H19N,237.0,70,94
1005,SWGDRUG 3.14,CP 80633,Precursor / Other,C18H24N2O3,316.0,222,127
1006,SWGDRUG 3.14,Benzedrone,Precursor / Other,C17H19NO,253.0,91,61
1007,SWGDRUG 3.14,Pentylone acetyl derivative,Precursor / Other,C15H19NO4,277.0,86,94
1008,SWGDRUG 3.14,1-(3-methylbenzyl)piperazine,Precursor / Other,C12H18N2,190.0,105,89
1009,SWGDRUG 3.14,"Diphenylprolinol, diacetyl",Precursor / Other,C21H23NO3,337.0,113,132
1010,SWGDRUG 3.14,4-Methyl-N-ethylcathinone Acetyl derivative,Stimulant,C14H19NO2,233.0,72,75
1011,SWGDRUG 3.14,cis-Cinnamoylcocaine,Stimulant,C19H23NO4,329.0,82,146
1012,SWGDRUG 3.14,"3,5-Dichloromethcathinone",Cannabinoid,C10H11Cl2NO,231.0,58,78
1013,SWGDRUG 3.14,"3,5-Difluoromethcathinone",Cannabinoid,C10H11F2NO,199.0,58,78
1014,SWGDRUG 3.14,Atorvastatin,Precursor / Other,C33H35FN2O5,558.0,306,224
1015,SWGDRUG 3.14,o-Hydroxytropacocaine,Stimulant,C15H19NO3,261.0,124,66
1016,SWGDRUG 3.14,"3', 4', 5'-Trimethoxytropacocaine",Stimulant,C18H25NO5,335.0,124,110
1017,SWGDRUG 3.14,"3', 4', 5'-Trimethoxycinnamoylcocaine",Stimulant,C22H29NO7,419.0,82,146
1018,SWGDRUG 3.14,"3', 4', 5'-Trimethoxycocaethylene",Precursor / Other,C21H29NO7,407.0,82,130
1019,SWGDRUG 3.14,"3', 4', 5'-Trimethoxycocaine",Stimulant,C20H27NO7,393.0,182,131
1020,SWGDRUG 3.14,Ecgonidine,Precursor / Other,C9H13NO2,167.0,138,61
1021,SWGDRUG 3.14,Norcocaine,Stimulant,C16H19NO4,289.0,168,62
1022,SWGDRUG 3.14,BTCP,Precursor / Other,C19H25NS,299.0,147,178
1023,SWGDRUG 3.14,Eutylone,Precursor / Other,C13H17NO3,235.0,86,74
1024,SWGDRUG 3.14,1-(4-Methoxyphenyl)piperazine,Precursor / Other,C11H16N2O,192.0,150,82
1025,SWGDRUG 3.14,RCS-4-C4 homolog,Precursor / Other,C20H21NO2,307.0,307,181
1026,SWGDRUG 3.14,"3,4-Dimethoxymethamphetamine",Stimulant,C12H19NO2,209.0,58,85
1027,SWGDRUG 3.14,URB447,Precursor / Other,C25H21ClN2O,400.0,275,89
1028,SWGDRUG 3.14,RCS-8 3-methoxy isomer,Precursor / Other,C25H29NO2,375.0,254,131
1029,SWGDRUG 3.14,"CP 47,497-para-quinone analog",Precursor / Other,C21H32O3,332.0,43,214
1030,SWGDRUG 3.14,AM630,Precursor / Other,C23H25IN2O3,504.0,100,100
1031,SWGDRUG 3.14,AM2201 N-(4-fluoropentyl) isomer,Precursor / Other,C24H22FNO,359.0,284,148
1032,SWGDRUG 3.14,AM1241,Precursor / Other,C22H22IN3O3,503.0,98,119
1033,SWGDRUG 3.14,"5-epi CP 55,940",Precursor / Other,C24H40O3,376.0,147,198
1034,SWGDRUG 3.14,"3-epi CP 47,497-C8-homolog",Precursor / Other,C22H36O2,332.0,215,166
1035,SWGDRUG 3.14,2-Aminoindane,Precursor / Other,C9H11N,133.0,133,67
1036,SWGDRUG 3.14,3-Methoxymethcathinone,Cannabinoid,C11H15NO2,193.0,58,69
1037,SWGDRUG 3.14,2-Methoxymethcathinone,Cannabinoid,C11H15NO2,193.0,58,68
1038,SWGDRUG 3.14,Dibutylone,Precursor / Other,C13H17NO3,235.0,86,74
1039,SWGDRUG 3.14,AM251,Precursor / Other,C22H21Cl2IN4O,554.0,84,204
1040,SWGDRUG 3.14,AM2232,Precursor / Other,C24H20N2O,352.0,225,142
1041,SWGDRUG 3.14,4-Fluoroethcathinone,Cannabinoid,C11H14FNO,195.0,72,63
1042,SWGDRUG 3.14,"3,4-Dimethylethcathinone",Cannabinoid,C13H19NO,205.0,72,67
1043,SWGDRUG 3.14,"4-Ethyl-N,N-dimethylcathinone",Stimulant,C13H19NO,205.0,72,61
1044,SWGDRUG 3.14,Mitragynine,Opioid,C23H30N2O4,398.0,214,237
1045,SWGDRUG 3.14,1-(4-Fluorobenzyl) piperazine,Precursor / Other,C11H15FN2,194.0,109,88
1046,SWGDRUG 3.14,AM694 3-iodo isomer,Precursor / Other,C20H19FINO,435.0,232,130
1047,SWGDRUG 3.14,AM694 4-iodo isomer,Precursor / Other,C20H19FINO,435.0,435,140
1048,SWGDRUG 3.14,RCS-4 3-methoxy isomer,Precursor / Other,C21H23NO2,321.0,214,142
1049,SWGDRUG 3.14,RCS-4 2-methoxy isomer,Precursor / Other,C21H23NO2,321.0,321,154
1050,SWGDRUG 3.14,Dromostanolone Enanthate,Anabolic Steroid,C27H44O3,416.0,43,236
1051,SWGDRUG 3.14,Anandamide,Precursor / Other,C22H37NO2,347.0,103,220
1052,SWGDRUG 3.14,3'-Methyl-.alpha.-pyrrolidinobutiophenone,Precursor / Other,C15H21NO,231.0,112,71
1053,SWGDRUG 3.14,"3-epi CP 47,497",Precursor / Other,C21H34O2,318.0,215,176
1054,SWGDRUG 3.14,"1-(3,4-methylenedioxy)phenylpropane-2-ol",Precursor / Other,C10H12O3,180.0,135,75
1055,SWGDRUG 3.14,"1-(3,4-methylenedioxyphenyl)propane",Precursor / Other,C10H12O2,164.0,135,60
1056,SWGDRUG 3.14,Cannabigerol,Precursor / Other,C21H32O2,316.0,193,161
1057,SWGDRUG 3.14,Tetrahydrogestrinone,Precursor / Other,C21H28O2,312.0,227,210
1058,SWGDRUG 3.14,"1,3-butanediol",Precursor / Other,C4H10O2,90.0,43,31
1059,SWGDRUG 3.14,.alpha.-Benzylphenethylamine,Precursor / Other,C15H17N,211.0,120,44
1060,SWGDRUG 3.14,Oxymetholone,Anabolic Steroid,C21H32O3,332.0,43,209
1061,SWGDRUG 3.14,Desoxymethyltestosterone,Anabolic Steroid,C20H32O,288.0,91,193
1062,SWGDRUG 3.14,Methasterone,Precursor / Other,C21H34O2,318.0,43,231
1063,SWGDRUG 3.14,17.alpha.-methyl-.delta.-1-dihydrotestosterone,Anabolic Steroid,C20H30O2,302.0,122,220
1064,SWGDRUG 3.14,Cannabicyclol,Precursor / Other,C21H30O2,314.0,231,141
1065,SWGDRUG 3.14,1-Naphyrone,Precursor / Other,C19H23NO,281.0,126,75
1066,SWGDRUG 3.14,1-Phenyl-1-Cyclohexanol,Precursor / Other,C12H16O,176.0,133,91
1067,SWGDRUG 3.14,.alpha.-Pyrrolidinopropiophenone,Precursor / Other,C13H17NO,203.0,98,57
1068,SWGDRUG 3.14,.alpha.-Phenethylamine,Precursor / Other,C8H11N,121.0,106,64
1069,SWGDRUG 3.14,1-Phenylpiperazine,Precursor / Other,C10H14N2,162.0,120,59
1070,SWGDRUG 3.14,Diclofenac,Precursor / Other,C14H11Cl2NO2,295.0,214,169
1071,SWGDRUG 3.14,Nefazodone,Precursor / Other,C25H32ClN5O2,469.0,303,204
1072,SWGDRUG 3.14,"2,3-Butanediol",Precursor / Other,C4H10O2,90.0,45,23
1073,SWGDRUG 3.14,"2,4,5-Trimethoxyamphetamine",Stimulant,C12H19NO3,225.0,182,117
1074,SWGDRUG 3.14,"2,4-Dinitrophenol",Precursor / Other,C6H4N2O5,184.0,184,44
1075,SWGDRUG 3.14,2C-T-4,Precursor / Other,C13H21NO2S,255.0,183,127
1076,SWGDRUG 3.14,2C-N,Precursor / Other,C10H14N2O4,226.0,197,122
1077,SWGDRUG 3.14,"2,5-Dimethoxybenzaldehyde",Precursor / Other,C9H10O3,166.0,166,82
1078,SWGDRUG 3.14,gamma-Crotonolactone,Precursor / Other,C4H4O2,84.0,55,20
1079,SWGDRUG 3.14,Phenethylbromide,Precursor / Other,C8H9Br,184.0,91,46
1080,SWGDRUG 3.14,2C-D,Precursor / Other,C11H17NO2,195.0,166,98
1081,SWGDRUG 3.14,"3,4,5-Trimethoxyamphetamine",Stimulant,C12H19NO3,225.0,44,106
1082,SWGDRUG 3.14,Halobolin,Precursor / Other,C20H29ClO2,336.0,121,262
1083,SWGDRUG 3.14,5-Methoxyindole-3-carboxaldehyde,Precursor / Other,C10H9NO2,175.0,175,77
1084,SWGDRUG 3.14,Pergolide,Precursor / Other,C19H26N2S,314.0,314,193
1085,SWGDRUG 3.14,.alpha.-Ethyltryptamine,Hallucinogen,C12H16N2,188.0,58,68
1086,SWGDRUG 3.14,Fexofenadine,Precursor / Other,C32H39NO4,501.0,280,32
1087,SWGDRUG 3.14,".alpha.-Methoxy-3,4-methylenedioxymethamphetamine",Stimulant,C12H17NO3,223.0,58,81
1088,SWGDRUG 3.14,.alpha.-Methylfentanyl,Opioid,C23H30N2O,350.0,259,117
1089,SWGDRUG 3.14,1-Methyl-3-phenylpropylamine,Precursor / Other,C10H15N,149.0,44,72
1090,SWGDRUG 3.14,"Diacetyl-.alpha.-hydroxy-3,4-methylenedioxymethamphetamine",Stimulant,C15H19NO5,293.0,58,104
1091,SWGDRUG 3.14,".alpha.-Hydroxy-3,4-methylenedioxymethamphetamine",Stimulant,C11H15NO3,209.0,58,90
1092,SWGDRUG 3.14,".alpha.-Hydroxy-3,4-methylenedioxyphenyl-2-propanone",Precursor / Other,C10H10O4,194.0,151,90
1093,SWGDRUG 3.14,.alpha.-Ethyl-phenethylamine TFA derivative,Precursor / Other,C12H14F3NO,245.0,154,109
1094,SWGDRUG 3.14,Ramipril,Precursor / Other,C23H32N2O5,416.0,91,221
1095,SWGDRUG 3.14,Ambroxol,Precursor / Other,C13H18Br2N2O,376.0,264,184
1096,SWGDRUG 3.14,Nizatadine,Precursor / Other,C12H21N5O2S2,331.0,111,66
1097,SWGDRUG 3.14,Azidothymidine,Precursor / Other,C10H13N5O4,267.0,126,108
1098,SWGDRUG 3.14,Barbital,Precursor / Other,C8H12N2O3,184.0,156,68
1099,SWGDRUG 3.14,Benzocaine,Precursor / Other,C9H11NO2,165.0,120,51
1100,SWGDRUG 3.14,Benzphetamine,Precursor / Other,C17H21N,239.0,91,51
1101,SWGDRUG 3.14,.beta.-Benzopinacolone,Precursor / Other,C26H20O,348.0,243,97
1102,SWGDRUG 3.14,.beta.-Butyrolactone,Precursor / Other,C4H6O2,86.0,42,19
1103,SWGDRUG 3.14,.beta.-Hydroxyphenethylamine,Precursor / Other,C8H11NO,137.0,79,45
1104,SWGDRUG 3.14,.beta.-Naphthol,Precursor / Other,C10H8O,144.0,144,55
1105,SWGDRUG 3.14,Valdecoxib,Precursor / Other,C16H14N2O3S,314.0,314,154
1106,SWGDRUG 3.14,Buprenorphine,Opioid,C29H41NO4,467.0,378,304
1107,SWGDRUG 3.14,Bupropion,Precursor / Other,C13H18ClNO,239.0,44,73
1108,SWGDRUG 3.14,Butabarbital,Precursor / Other,C10H16N2O3,212.0,156,79
1109,SWGDRUG 3.14,Butorphanol,Precursor / Other,C21H29NO2,327.0,272,186
1110,SWGDRUG 3.14,Caffeine,Stimulant,C8H10N4O2,194.0,194,66
1111,SWGDRUG 3.14,Cannabichromene,Precursor / Other,C21H30O2,314.0,231,119
1112,SWGDRUG 3.14,Cannabidiol,Cannabinoid,C21H30O2,314.0,231,191
1113,SWGDRUG 3.14,Cannabinol,Cannabinoid,C21H26O2,310.0,295,161
1114,SWGDRUG 3.14,Carbamazepine,Precursor / Other,C15H12N2O,236.0,193,85
1115,SWGDRUG 3.14,Celecoxib,Precursor / Other,C17H14F3N3O2S,381.0,381,245
1116,SWGDRUG 3.14,Clobutinol (or breakdown),Precursor / Other,C14H22ClNO,255.0,58,97
1117,SWGDRUG 3.14,Clopidogrel,Precursor / Other,C16H16ClNO2S,321.0,262,144
1118,SWGDRUG 3.14,Codeine,Opioid,C18H21NO3,299.0,299,230
1119,SWGDRUG 3.14,Duloxetine,Precursor / Other,C18H19NOS,297.0,44,197
1120,SWGDRUG 3.14,Dexamethasone,Precursor / Other,C22H29FO5,392.0,122,203
1121,SWGDRUG 3.14,Allobarbital,Precursor / Other,C10H12N2O3,208.0,167,124
1122,SWGDRUG 3.14,Dihydrocodeine,Opioid,C18H23NO3,301.0,301,231
1123,SWGDRUG 3.14,Diosgenin,Precursor / Other,C27H42O3,414.0,139,232
1124,SWGDRUG 3.14,Diphylline,Precursor / Other,C10H14N4O4,254.0,180,157
1125,SWGDRUG 3.14,Dromostanolone Propionate,Anabolic Steroid,C23H36O3,360.0,57,221
1126,SWGDRUG 3.14,Venlafaxine,Precursor / Other,C17H27NO2,277.0,58,92
1127,SWGDRUG 3.14,Embutramide,Precursor / Other,C17H27NO3,293.0,121,134
1128,SWGDRUG 3.14,Ephedrine,Stimulant,C10H15NO,165.0,58,50
1129,SWGDRUG 3.14,Escitalopram,Precursor / Other,C20H21FN2O,324.0,58,147
1130,SWGDRUG 3.14,Famiciclovir,Precursor / Other,C14H19N5O4,321.0,262,127
1131,SWGDRUG 3.14,Fenofibrate,Precursor / Other,C20H21ClO4,360.0,121,133
1132,SWGDRUG 3.14,Felopidine,Precursor / Other,C18H19Cl2NO4,383.0,238,250
1133,SWGDRUG 3.14,Fenethylline,Precursor / Other,C18H23N5O2,341.0,250,123
1134,SWGDRUG 3.14,Fluconazole,Precursor / Other,C13H12F2N6O,306.0,224,106
1135,SWGDRUG 3.14,gamma-Phenyl-gamma-butyrolactone,Precursor / Other,C10H10O2,162.0,162,72
1136,SWGDRUG 3.14,Glutethamide,Precursor / Other,C13H15NO2,217.0,189,115
1137,SWGDRUG 3.14,Griseofulvin,Precursor / Other,C17H17ClO6,352.0,352,180
1138,SWGDRUG 3.14,Guaifenesin,Precursor / Other,C10H14O4,198.0,124,72
1139,SWGDRUG 3.14,Methocarbamol,Precursor / Other,C11H15NO5,241.0,118,68
1140,SWGDRUG 3.14,Ketoprofen,Precursor / Other,C16H14O3,254.0,105,55
1141,SWGDRUG 3.14,Lamotrigine,Precursor / Other,C9H7Cl2N5,255.0,185,149
1142,SWGDRUG 3.14,Terbenafine,Precursor / Other,C21H25N,291.0,141,154
1143,SWGDRUG 3.14,Lofentanil,Precursor / Other,C25H32N2O3,408.0,317,176
1144,SWGDRUG 3.14,Loxapine,Precursor / Other,C18H18ClN3O,327.0,70,226
1145,SWGDRUG 3.14,Lysergic acid amide,Hallucinogen,C16H17N3O,267.0,267,169
1146,SWGDRUG 3.14,MBDB,Stimulant,C12H17NO2,207.0,72,78
1147,SWGDRUG 3.14,Medazepam,Precursor / Other,C16H15ClN2,270.0,207,174
1148,SWGDRUG 3.14,Meperidine,Opioid,C15H21NO2,247.0,71,118
1149,SWGDRUG 3.14,Mercuric chloride,Precursor / Other,Cl2Hg,272.0,272,40
1150,SWGDRUG 3.14,Methadone,Opioid,C21H27NO,309.0,72,86
1151,SWGDRUG 3.14,JWH-018 N-(5-bromopentyl) analog,Cannabinoid,C24H22BrNO,419.0,284,85
1152,SWGDRUG 3.14,JWH-018 N-(2-methylbutyl) isomer,Cannabinoid,C24H23NO,341.0,284,164
1153,SWGDRUG 3.14,"JWH-018 N-(2,2-dimethylpropyl) isomer",Cannabinoid,C24H23NO,341.0,284,119
1154,SWGDRUG 3.14,JWH-018 N-(1-methylbutyl) isomer,Cannabinoid,C24H23NO,341.0,298,135
1155,SWGDRUG 3.14,JWH-018 N-(1-ethylpropyl) isomer,Cannabinoid,C24H23NO,341.0,312,179
1156,SWGDRUG 3.14,"JWH-018 N-(1,2-dimethylpropyl) isomer",Cannabinoid,C24H23NO,341.0,298,152
1157,SWGDRUG 3.14,"JWH-018 N-(4,5-epoxypentyl) analog",Cannabinoid,C24H21NO2,355.0,355,94
1158,SWGDRUG 3.14,JWH-011,Cannabinoid,C27H29NO,383.0,270,204
1159,SWGDRUG 3.14,JWH-007,Cannabinoid,C25H25NO,355.0,355,196
1160,SWGDRUG 3.14,JWH-015,Cannabinoid,C23H21NO,327.0,327,178
1161,SWGDRUG 3.14,JWH-016,Cannabinoid,C24H23NO,341.0,341,194
1162,SWGDRUG 3.14,JWH-018 2'-naphthyl isomer,Cannabinoid,C24H23NO,341.0,214,179
1163,SWGDRUG 3.14,"JWH-018 2'-naphthyl-N-(1,1-dimethylpropyl) isomer",Cannabinoid,C24H23NO,341.0,271,114
1164,SWGDRUG 3.14,"JWH-018 2'-naphthyl-N-(1,2-dimethylpropyl) isomer",Cannabinoid,C24H23NO,341.0,298,140
1165,SWGDRUG 3.14,JWH-018 2'-naphthyl-N-(1-ethylpropyl) isomer,Cannabinoid,C24H23NO,341.0,312,166
1166,SWGDRUG 3.14,JWH-018 2'-naphthyl-N-(1-methylbutyl) isomer,Cannabinoid,C24H23NO,341.0,298,105
1167,SWGDRUG 3.14,"JWH-018 2'-naphthyl-N-(2,2-dimethylpropyl) isomer",Cannabinoid,C24H23NO,341.0,284,104
1168,SWGDRUG 3.14,JWH-018 2'-naphthyl-N-(2-methylbutyl) isomer,Cannabinoid,C24H23NO,341.0,284,99
1169,SWGDRUG 3.14,JWH-018 2'-naphthyl-N-(3-methylbutyl) isomer,Cannabinoid,C24H23NO,341.0,341,80
1170,SWGDRUG 3.14,JWH-018 6-methoxyindole analog,Cannabinoid,C25H25NO2,371.0,371,123
1171,SWGDRUG 3.14,"JWH-018 N-(1,1-dimethylpropyl) isomer",Cannabinoid,C24H23NO,341.0,270,150
1172,SWGDRUG 3.14,JWH-122 8-methylnaphthyl isomer,Cannabinoid,C25H25NO,355.0,298,186
1173,SWGDRUG 3.14,JWH-122 7-methylnaphthyl isomer,Cannabinoid,C25H25NO,355.0,355,181
1174,SWGDRUG 3.14,JWH-122 6-methylnaphthyl isomer,Cannabinoid,C25H25NO,355.0,214,118
1175,SWGDRUG 3.14,JWH-122 5-methylnaphthyl isomer,Cannabinoid,C25H25NO,355.0,355,179
1176,SWGDRUG 3.14,JWH-122 3-methylnaphthyl isomer,Cannabinoid,C25H25NO,355.0,355,172
1177,SWGDRUG 3.14,JWH-122 2-methylnaphthyl isomer,Cannabinoid,C25H25NO,355.0,355,188
1178,SWGDRUG 3.14,JWH-098,Cannabinoid,C26H27NO2,385.0,185,214
1179,SWGDRUG 3.14,JWH-081 8-methoxynaphthyl isomer,Cannabinoid,C25H25NO2,371.0,200,152
1180,SWGDRUG 3.14,JWH-164,Cannabinoid,C25H25NO2,371.0,371,182
1181,SWGDRUG 3.14,JWH-081 6-methoxynaphthyl isomer,Cannabinoid,C25H25NO2,371.0,214,146
1182,SWGDRUG 3.14,JWH-081 5-methoxynaphthyl isomer,Cannabinoid,C25H25NO2,371.0,371,176
1183,SWGDRUG 3.14,JWH-081 3-methoxynaphthyl isomer,Cannabinoid,C25H25NO2,371.0,214,149
1184,SWGDRUG 3.14,JWH-267,Cannabinoid,C25H25NO2,371.0,371,191
1185,SWGDRUG 3.14,JWH-073 N-(1-methylpropyl) isomer,Cannabinoid,C23H21NO,327.0,298,145
1186,SWGDRUG 3.14,JWH-073 N-(2-methylpropyl) isomer,Cannabinoid,C23H21NO,327.0,284,145
1187,SWGDRUG 3.14,"JWH-073 N-(1,1-dimethylethyl) isomer",Cannabinoid,C23H21NO,327.0,270,142
1188,SWGDRUG 3.14,JWH-073 4-methylnaphthyl analog,Cannabinoid,C24H23NO,341.0,341,170
1189,SWGDRUG 3.14,JWH-073 2'-naphthyl-N-(2-methylpropyl) isomer,Cannabinoid,C23H21NO,327.0,284,116
1190,SWGDRUG 3.14,JWH-073 2'-naphthyl-N-(1-methylpropyl) isomer,Cannabinoid,C23H21NO,327.0,298,134
1191,SWGDRUG 3.14,"JWH-073 2'-naphthyl-N-(1,1-dimethylethyl) isomer",Cannabinoid,C23H21NO,327.0,144,130
1192,SWGDRUG 3.14,JWH-073 2'-naphthyl isomer,Cannabinoid,C23H21NO,327.0,200,169
1193,SWGDRUG 3.14,JWH-073 2-methylnaphthyl analog,Cannabinoid,C24H23NO,341.0,341,155
1194,SWGDRUG 3.14,JWH-031,Cannabinoid,C21H23NO,305.0,305,180
1195,SWGDRUG 3.14,JWH-030,Cannabinoid,C20H21NO,291.0,291,153
1196,SWGDRUG 3.14,JWH-020,Cannabinoid,C26H27NO,369.0,369,87
1197,SWGDRUG 3.14,JWH-251,Cannabinoid,C22H25NO,319.0,214,82
1198,SWGDRUG 3.14,JWH-249,Cannabinoid,C21H22BrNO,383.0,214,124
1199,SWGDRUG 3.14,JWH-210 8-ethylnaphthyl isomer,Cannabinoid,C26H27NO,369.0,187,176
1200,SWGDRUG 3.14,JWH-234,Cannabinoid,C26H27NO,369.0,214,185
1201,SWGDRUG 3.14,JWH-210 6-ethylnaphthyl isomer,Cannabinoid,C26H27NO,369.0,214,139
1202,SWGDRUG 3.14,JWH-210 5-ethylnaphthyl isomer,Cannabinoid,C26H27NO,369.0,214,176
1203,SWGDRUG 3.14,JWH-210 3-ethylnaphthyl isomer,Cannabinoid,C26H27NO,369.0,214,155
1204,SWGDRUG 3.14,JWH-210 2-ethylnaphthyl isomer,Cannabinoid,C26H27NO,369.0,182,196
1205,SWGDRUG 3.14,JWH-206,Cannabinoid,C21H22ClNO,339.0,214,87
1206,SWGDRUG 3.14,JWH-237,Cannabinoid,C21H22ClNO,339.0,214,71
1207,SWGDRUG 3.14,JWH-201,Cannabinoid,C22H25NO2,335.0,214,70
1208,SWGDRUG 3.14,JWH-182,Cannabinoid,C27H29NO,383.0,383,253
1209,SWGDRUG 3.14,JWH-175,Cannabinoid,C24H25N,327.0,327,150
1210,SWGDRUG 3.14,JWH-133,Cannabinoid,C22H32O,312.0,269,209
1211,SWGDRUG 3.14,JWH-424,Cannabinoid,C24H22BrNO,419.0,340,193
1212,SWGDRUG 3.14,JWH-398 8-chloronaphthyl isomer,Cannabinoid,C24H22ClNO,375.0,340,168
1213,SWGDRUG 3.14,JWH-398 7-chloronaphthyl isomer,Cannabinoid,C24H22ClNO,375.0,214,200
1214,SWGDRUG 3.14,JWH-398 6-chloronaphthyl isomer,Cannabinoid,C24H22ClNO,375.0,375,201
1215,SWGDRUG 3.14,JWH-398 5-chloronaphthyl isomer,Cannabinoid,C24H22ClNO,375.0,375,214
1216,SWGDRUG 3.14,JWH-398 2-chloronaphthyl isomer,Cannabinoid,C24H22ClNO,375.0,214,179
1217,SWGDRUG 3.14,JWH-398,Cannabinoid,C24H22ClNO,375.0,375,249
1218,SWGDRUG 3.14,JWH-370,Cannabinoid,C27H27NO,381.0,155,234
1219,SWGDRUG 3.14,JWH-369,Cannabinoid,C26H24ClNO,401.0,155,176
1220,SWGDRUG 3.14,JWH-368,Cannabinoid,C26H24FNO,385.0,385,141
1221,SWGDRUG 3.14,JWH-363,Cannabinoid,C27H24F3NO,435.0,435,273
1222,SWGDRUG 3.14,JWH-348,Cannabinoid,C27H24F3NO,435.0,435,241
1223,SWGDRUG 3.14,JWH-309,Cannabinoid,C30H27NO,417.0,417,101
1224,SWGDRUG 3.14,JWH-302,Cannabinoid,C22H25NO2,335.0,214,96
1225,SWGDRUG 3.14,JWH-251 3-methylphenyl isomer,Cannabinoid,C22H25NO,319.0,214,100
1226,SWGDRUG 3.14,JZL195,Precursor / Other,C24H23N3O5,433.0,184,89
1227,SWGDRUG 3.14,JB-336,Precursor / Other,C20H23NO3,325.0,97,89
1228,SWGDRUG 3.14,JB-318,Precursor / Other,C21H25NO3,339.0,111,96
1229,SWGDRUG 3.14,delta-9-Tetrahydrocannabinol,Cannabinoid,C21H30O2,314.0,299,237
1230,SWGDRUG 3.14,delta-8-Tetrahydrocannabinol,Cannabinoid,C21H30O2,314.0,231,219
1231,SWGDRUG 3.14,Campesterol,Precursor / Other,C28H48O,400.0,107,127
1232,SWGDRUG 3.14,alpha-D(+)-Glucose Pentaacetate,Precursor / Other,C16H22O11,390.0,43,133
1233,SWGDRUG 3.14,"3,4-Methylenedioxy-.beta.-Nitrostyrene",Precursor / Other,C9H7NO4,193.0,146,102
1234,SWGDRUG 3.14,Bromo-DragonFLY,Precursor / Other,C13H12BrNO2,293.0,44,156
1235,SWGDRUG 3.14,Cl-MDMA,Stimulant,C11H14ClNO2,227.0,58,113
1236,SWGDRUG 3.14,beta-D(+)-Glucose Pentaacetate,Precursor / Other,C16H22O11,390.0,43,129
1237,SWGDRUG 3.14,BZO-HEXOXIZID,Precursor / Other,C21H23N3O2,349.0,244,115
1238,SWGDRUG 3.14,"4-(3,4-Methylenedioxybenzyl)-pyrimidine",Precursor / Other,C12H10N2O2,214.0,214,46
1239,SWGDRUG 3.14,"3-(1,3-Benzodioxol-5-yl)-N,2-dimethylpropan-1-amine",Precursor / Other,C12H17NO2,207.0,44,74
1240,SWGDRUG 3.14,"L-759,633",Precursor / Other,C26H40O2,384.0,300,216
1241,SWGDRUG 3.14,CB-52 di-TMS-derivative,Precursor / Other,C32H59NO3Si2,561.0,73,311
1242,SWGDRUG 3.14,CB-25 di-TMS-derivative,Precursor / Other,C31H57NO3Si2,547.0,73,344
1243,SWGDRUG 3.14,"CP 47,497 (C8 analog) di-TMS-derivative",Precursor / Other,C28H52O2Si2,476.0,377,182
1244,SWGDRUG 3.14,"CP 55,940 tri-TMS-derivative",Precursor / Other,C33H64O3Si3,592.0,73,341
1245,SWGDRUG 3.14,"CP 47,497 (C7 analog) di-TMS-derivative",Precursor / Other,C27H50O2Si2,462.0,377,325
1246,SWGDRUG 3.14,HU-308 mono-TMS-derivative,Precursor / Other,C30H50O3Si,486.0,73,316
1247,SWGDRUG 3.14,HU-211 di-TMS-derivative,Precursor / Other,C31H54O3Si2,530.0,446,283
1248,SWGDRUG 3.14,HU-210 di-TMS-derivative,Cannabinoid,C31H54O3Si2,530.0,446,283
1249,SWGDRUG 3.14,d-Pseudoephedrine-O-TMS Derivative,Stimulant,C13H23NOSi,237.0,58,66
1250,SWGDRUG 3.14,Ephedrine O-TMS Derivative,Stimulant,C13H23NOSi,237.0,58,88
1251,SWGDRUG 3.14,Ecgonine diTMS Derivative,Precursor / Other,C15H31NO3Si2,329.0,141,160
1252,SWGDRUG 3.14,GHB BSTFA Derivative,Depressant,C10H24O3Si2,248.0,147,91
1253,SWGDRUG 3.14,Lysergic acid di-TMS derivative,Hallucinogen,C22H32N2O2Si2,412.0,412,247
1254,SWGDRUG 3.14,Lysergol TBDMS Derivative,Precursor / Other,C22H32N2OSi,368.0,368,208
1255,SWGDRUG 3.14,MDMA TPC Derivative,Stimulant,C18H21F3N2O4,386.0,166,69
1256,SWGDRUG 3.14,Methamphetamine TBDMS Derivative,Stimulant,C16H29NSi,263.0,172,96
1257,SWGDRUG 3.14,Methyl Ecgonine TMS Derivative,Precursor / Other,C13H25NO3Si,271.0,82,104
1258,SWGDRUG 3.14,Methcathinone TPC Derivative,Cannabinoid,C17H19F3N2O3,356.0,166,114
1259,SWGDRUG 3.14,Morphine mono-TMS derivative,Opioid,C20H27NO3Si,357.0,73,295
1260,SWGDRUG 3.14,Morphine di-TMS derivative,Opioid,C23H35NO3Si2,429.0,73,133
1261,SWGDRUG 3.14,1-(p-Fluorophenyl)piperazine,Precursor / Other,C10H13FN2,180.0,138,81
1262,SWGDRUG 3.14,Testosterone Benzoate,Anabolic Steroid,C26H32O3,392.0,105,184
1263,SWGDRUG 3.14,Trimethoprim,Precursor / Other,C14H18N4O3,290.0,290,80
1264,SWGDRUG 3.14,Trenbolone Hexahydrobenzylcarbonate,Anabolic Steroid,C26H34O4,410.0,252,127
1265,SWGDRUG 3.14,Levo-.alpha.-acetylmethadol,Precursor / Other,C23H31NO2,353.0,72,98
1266,SWGDRUG 3.14,"1,2-propanedione,1-(3,4-methylenedioxy)phenyl-",Precursor / Other,C10H8O4,192.0,149,48
1267,SWGDRUG 3.14,Psilocin di-TMS derivative,Hallucinogen,C18H32N2OSi2,348.0,58,176
1268,SWGDRUG 3.14,Phentermine TPC derivative,Precursor / Other,C17H21F3N2O2,342.0,166,95
1269,SWGDRUG 3.14,Naproxen TMS derivative,Precursor / Other,C17H22O3Si,302.0,185,135
1270,SWGDRUG 3.14,"N-ethyl-2,3-methylenedioxyphenethylamine TMS derivative",Precursor / Other,C14H23NO2Si,265.0,130,117
1271,SWGDRUG 3.14,Norcocaine TMS Derivative,Stimulant,C19H27NO4Si,361.0,73,172
1272,SWGDRUG 3.14,Diacetylpseudoephedrine,Stimulant,C14H19NO3,249.0,58,65
1273,SWGDRUG 3.14,Pyridine,Precursor / Other,C5H5N,79.0,79,31
1274,SWGDRUG 3.14,Psilocybin tri-TMS derivative,Hallucinogen,C21H41N2O4PSi3,500.0,58,220
1275,SWGDRUG 3.14,Pseudoephedrine TPC Derivative,Stimulant,C17H21F3N2O3,358.0,166,131
1276,SWGDRUG 3.14,Norephedrine TPC Derivative,Stimulant,C16H19F3N2O3,344.0,166,132
1277,SWGDRUG 3.14,N-Hydroxy-MDA TPC Derivative,Stimulant,C17H19F3N2O5,388.0,166,91
1278,SWGDRUG 3.14,N-Hydroxy-MDA TMS Derivative,Stimulant,C13H21NO3Si,267.0,75,128
1279,SWGDRUG 3.14,Norpseudoephedrine TPC Derivative,Stimulant,C16H19F3N2O3,344.0,166,142
1280,SWGDRUG 3.14,"1-(3,4-methylenedioxyphenyl)-butan-1-one",Precursor / Other,C11H12O3,192.0,149,51
1281,SWGDRUG 3.14,1-(4-Methoxyphenyl)-2-propanone oxime,Precursor / Other,C10H13NO2,179.0,121,67
1282,SWGDRUG 3.14,Valproic Acid,Precursor / Other,C8H16O2,144.0,73,48
1283,SWGDRUG 3.14,JWH-072,Cannabinoid,C22H19NO,313.0,313,108
1284,SWGDRUG 3.14,Reduced Triprolidine,Precursor / Other,C19H24N2,280.0,183,111
1285,SWGDRUG 3.14,Phthalimide,Precursor / Other,C8H5NO2,147.0,76,48
1286,SWGDRUG 3.14,Oxcarbazepine,Precursor / Other,C15H12N2O2,252.0,180,71
1287,SWGDRUG 3.14,Olanzapine,Precursor / Other,C17H20N4S,312.0,242,178
1288,SWGDRUG 3.14,Methylephedrine,Stimulant,C11H17NO,179.0,72,52
1289,SWGDRUG 3.14,Methylergonovine,Precursor / Other,C20H25N3O2,339.0,196,100
1290,SWGDRUG 3.14,Methylphenidate,Stimulant,C14H19NO2,233.0,84,85
1291,SWGDRUG 3.14,Methylprednisolone (or breakdown product),Precursor / Other,C22H30O5,374.0,136,186
1292,SWGDRUG 3.14,Methyprylon,Precursor / Other,C10H17NO2,183.0,140,81
1293,SWGDRUG 3.14,Metoprolol,Precursor / Other,C15H25NO3,267.0,72,96
1294,SWGDRUG 3.14,Metronidazole,Precursor / Other,C6H9N3O3,171.0,124,69
1295,SWGDRUG 3.14,Mexiletine,Precursor / Other,C11H17NO,179.0,44,72
1296,SWGDRUG 3.14,Midazolam,Depressant,C18H13ClFN3,325.0,310,247
1297,SWGDRUG 3.14,Meprobamate,Precursor / Other,C9H18N2O4,218.0,83,56
1298,SWGDRUG 3.14,"N,N-Methylisopropyltryptamine",Hallucinogen,C14H20N2,216.0,86,68
1299,SWGDRUG 3.14,Moclobemide,Precursor / Other,C13H17ClN2O2,268.0,100,60
1300,SWGDRUG 3.14,Morphine,Opioid,C17H19NO3,285.0,285,206
1301,SWGDRUG 3.14,Ibuprofen,Precursor / Other,C13H18O2,206.0,161,101
1302,SWGDRUG 3.14,Flecainide,Precursor / Other,C17H20F6N2O3,414.0,84,61
1303,SWGDRUG 3.14,"N-Acetyl-2-chloro-4,5-Methylenedioxyamphetamine",Stimulant,C12H14ClNO3,255.0,44,154
1304,SWGDRUG 3.14,"N-acetyl-2-chloro-4,5-methylenedioxymethamphetamine",Stimulant,C13H16ClNO3,269.0,58,124
1305,SWGDRUG 3.14,Nadolol,Precursor / Other,C17H27NO4,309.0,86,122
1306,SWGDRUG 3.14,Nalbuphine,Precursor / Other,C21H27NO4,357.0,302,242
1307,SWGDRUG 3.14,Nalidixic Acid,Precursor / Other,C12H12N2O3,232.0,188,127
1308,SWGDRUG 3.14,Nalorphine,Precursor / Other,C19H21NO3,311.0,311,203
1309,SWGDRUG 3.14,Mephentermine,Precursor / Other,C11H17N,163.0,72,55
1310,SWGDRUG 3.14,Naltrexone,Precursor / Other,C20H23NO4,341.0,55,248
1311,SWGDRUG 3.14,Naproxen,Precursor / Other,C14H14O3,230.0,185,110
1312,SWGDRUG 3.14,Gabapentin,Precursor / Other,C9H17NO2,171.0,81,82
1313,SWGDRUG 3.14,"N-Hydroxy-3,4-methylenedioxyamphetamine",Stimulant,C10H13NO3,195.0,136,59
1314,SWGDRUG 3.14,"N-acetyl-N-acetoxy-3,4-methylenedioxyamphetamine",Stimulant,C14H17NO5,279.0,162,85
1315,SWGDRUG 3.14,Niacin,Precursor / Other,C6H5NO2,123.0,123,15
1316,SWGDRUG 3.14,Niacinamide,Precursor / Other,C6H6N2O,122.0,122,41
1317,SWGDRUG 3.14,Nicardipine,Precursor / Other,C26H29N3O6,479.0,91,167
1318,SWGDRUG 3.14,(-) Nicotine,Precursor / Other,C10H14N2,162.0,84,83
1319,SWGDRUG 3.14,Nimetazepam,Precursor / Other,C16H13N3O3,295.0,267,165
1320,SWGDRUG 3.14,Nitrazepam,Precursor / Other,C15H11N3O3,281.0,280,154
1321,SWGDRUG 3.14,Normephedrone,Stimulant,C10H13NO,163.0,44,53
1322,SWGDRUG 3.14,Orphenadrine,Precursor / Other,C18H23NO,269.0,58,71
1323,SWGDRUG 3.14,Oxymorphone,Opioid,C17H19NO4,301.0,301,219
1324,SWGDRUG 3.14,Oxytetracycline,Precursor / Other,C22H24N2O9,460.0,100,314
1325,SWGDRUG 3.14,Pemoline,Precursor / Other,C9H8N2O2,176.0,107,46
1326,SWGDRUG 3.14,Pentazocine,Precursor / Other,C19H27NO,285.0,217,175
1327,SWGDRUG 3.14,Pentobarbital,Precursor / Other,C11H18N2O3,226.0,156,77
1328,SWGDRUG 3.14,Thiopental,Precursor / Other,C11H18N2O2S,242.0,157,114
1329,SWGDRUG 3.14,Phenazocine,Precursor / Other,C22H27NO,321.0,230,102
1330,SWGDRUG 3.14,Phenazopyridine,Precursor / Other,C11H11N5,213.0,213,96
1331,SWGDRUG 3.14,Phendimetrazine,Precursor / Other,C12H17NO,191.0,57,84
1332,SWGDRUG 3.14,Phenelzine,Precursor / Other,C8H12N2,136.0,45,44
1333,SWGDRUG 3.14,Pheniramine,Precursor / Other,C16H20N2,240.0,169,94
1334,SWGDRUG 3.14,Phenmetrazine,Precursor / Other,C11H15NO,177.0,71,64
1335,SWGDRUG 3.14,Phenylacetic Acid,Precursor / Other,C8H8O2,136.0,91,46
1336,SWGDRUG 3.14,Phenylephrine,Precursor / Other,C9H13NO2,167.0,44,67
1337,SWGDRUG 3.14,Piperonal,Precursor / Other,C8H6O3,150.0,149,47
1338,SWGDRUG 3.14,Piracetam,Precursor / Other,C6H10N2O2,142.0,98,40
1339,SWGDRUG 3.14,Prazepam,Precursor / Other,C19H17ClN2O,324.0,269,259
1340,SWGDRUG 3.14,Prednisolone (or breakdown product),Precursor / Other,C21H28O5,360.0,122,156
1341,SWGDRUG 3.14,Primidone,Precursor / Other,C12H14N2O2,218.0,146,108
1342,SWGDRUG 3.14,Propafenone,Precursor / Other,C21H27NO3,341.0,72,93
1343,SWGDRUG 3.14,Finasteride,Precursor / Other,C23H36N2O2,372.0,372,197
1344,SWGDRUG 3.14,Protriptyline,Precursor / Other,C19H21N,263.0,191,121
1345,SWGDRUG 3.14,Rimonabant,Precursor / Other,C22H21Cl3N4O,462.0,84,147
1346,SWGDRUG 3.14,Theophylline,Precursor / Other,C7H8N4O2,180.0,180,47
1347,SWGDRUG 3.14,Triamterene,Precursor / Other,C12H11N7,253.0,253,62
1348,SWGDRUG 3.14,Tripelennamine,Precursor / Other,C16H21N3,255.0,91,98
1349,SWGDRUG 3.14,Triprolidine,Precursor / Other,C19H22N2,278.0,208,182
1350,SWGDRUG 3.14,4-Methyl-5-thiazoleethanol,Precursor / Other,C6H9NOS,143.0,112,59
1351,SWGDRUG 3.14,"1-Phenyl-1,2-propanedione",Precursor / Other,C9H8O2,148.0,105,37
1352,SWGDRUG 3.14,2C-B HFBA Derivative,Hallucinogen,C14H13BrF7NO3,455.0,242,268
1353,SWGDRUG 3.14,N-Methylphenethylamine,Precursor / Other,C9H13N,135.0,44,50
1354,SWGDRUG 3.14,Mannitol,Precursor / Other,C6H14O6,182.0,73,79
1355,SWGDRUG 3.14,.gamma.-Valerolactone,Precursor / Other,C5H8O2,100.0,56,36
1356,SWGDRUG 3.14,Ecgonine Methyl Ester,Precursor / Other,C10H17NO3,199.0,82,119
1357,SWGDRUG 3.14,3-Fluoromethcathinone HFBA Derivative,Cannabinoid,C14H11F8NO2,377.0,254,113
1358,SWGDRUG 3.14,4-Fluoromethcathinone HFBA Derivative,Cannabinoid,C14H11F8NO2,377.0,123,116
1359,SWGDRUG 3.14,4-Methylethcathinone HFBA Derivative,Cannabinoid,C16H16F7NO2,387.0,119,104
1360,SWGDRUG 3.14,"3,4-Methylenedioxyethylamphetamine HFBA Derivative",Stimulant,C16H16F7NO3,403.0,268,143
1361,SWGDRUG 3.14,Ephedrine HFBA Derivative,Stimulant,C14H14F7NO2,361.0,255,154
1362,SWGDRUG 3.14,"3,4-Methylenedioxyamphetamine HFBA Derivative",Stimulant,C14H12F7NO3,375.0,135,101
1363,SWGDRUG 3.14,Methamphetamine HFBA Derivative,Stimulant,C14H14F7NO,345.0,254,104
1364,SWGDRUG 3.14,Phentermine HFBA Derivative,Precursor / Other,C14H14F7NO,345.0,254,104
1365,SWGDRUG 3.14,TFMPP HFBA Derivative,Precursor / Other,C15H12F10N2O,426.0,200,207
1366,SWGDRUG 3.14,Cathinone HFBA Derivative,Stimulant,C13H10F7NO2,345.0,105,55
1367,SWGDRUG 3.14,Cathine HFBA Derivative,Precursor / Other,C13H12F7NO2,347.0,107,110
1368,SWGDRUG 3.14,Benzylpiperazine HFBA Derivative,Precursor / Other,C15H15F7N2O,372.0,91,126
1369,SWGDRUG 3.14,Amphetamine HFBA Derivative,Stimulant,C13H12F7NO,331.0,118,95
1370,SWGDRUG 3.14,"3,4-Methylenedioxymethcathinone HFBA Derivative",Cannabinoid,C15H12F7NO4,403.0,149,87
1371,SWGDRUG 3.14,"3,4,Methylenedioxymethamphetamine HFBA Derivative",Stimulant,C15H14F7NO3,389.0,162,120
1372,SWGDRUG 3.14,4-Fluoromethamphetamine HFBA Derivative,Stimulant,C14H13F8NO,363.0,254,128
1373,SWGDRUG 3.14,DOB HFBA Derivative,Precursor / Other,C15H15BrF7NO3,469.0,229,211
1374,SWGDRUG 3.14,2-Fluoromethamphetamine HFBA Derivative,Stimulant,C14H13F8NO,363.0,254,129
1375,SWGDRUG 3.14,Butylone HFBA Derivative,Precursor / Other,C16H14F7NO4,417.0,149,107
1376,SWGDRUG 3.14,"3,4-Dihydroxymethamphetamine",Stimulant,C10H15NO2,181.0,58,76
1377,SWGDRUG 3.14,"WIN 54,461",Precursor / Other,C23H25BrN2O3,456.0,100,154
1378,SWGDRUG 3.14,RCS-8 4-methoxy isomer,Precursor / Other,C25H29NO2,375.0,254,94
1379,SWGDRUG 3.14,4'-Methoxy-.alpha.-pyrrolidinopropiophenone,Precursor / Other,C14H19NO2,233.0,98,67
1380,SWGDRUG 3.14,JWH-145,Cannabinoid,C26H25NO,367.0,367,238
1381,SWGDRUG 3.14,AM1235,Precursor / Other,C24H21FN2O3,404.0,404,259
1382,SWGDRUG 3.14,XLR11 N-(4-pentenyl) analog,Cannabinoid,C21H27NO,309.0,212,159
1383,SWGDRUG 3.14,JWH-122 N-(4-pentenyl) analog,Cannabinoid,C25H23NO,353.0,169,171
1384,SWGDRUG 3.14,Methylsynephrine,Precursor / Other,C10H15NO2,181.0,58,70
1385,SWGDRUG 3.14,JWH-408,Cannabinoid,C25H25NO2,371.0,371,179
1386,SWGDRUG 3.14,JWH-165,Cannabinoid,C23H21NO2,343.0,343,178
1387,SWGDRUG 3.14,JWH-457,Cannabinoid,C24H22ClNO,375.0,340,173
1388,SWGDRUG 3.14,JWH-311,Cannabinoid,C21H22FNO,323.0,214,76
1389,SWGDRUG 3.14,JWH-248,Cannabinoid,C21H22BrNO,383.0,214,57
1390,SWGDRUG 3.14,JWH-247,Cannabinoid,C25H38O2,370.0,272,247
1391,SWGDRUG 3.14,AM2233 azepane isomer,Precursor / Other,C22H23IN2O,458.0,84,264
1392,SWGDRUG 3.14,Salvinorin B,Hallucinogen,C21H26O7,390.0,94,272
1393,SWGDRUG 3.14,AM1220 azepane isomer,Precursor / Other,C26H26N2O,382.0,184,231
1394,SWGDRUG 3.14,Pyrovalerone,Stimulant,C16H23NO,245.0,126,72
1395,SWGDRUG 3.14,JWH 398 3-chloronaphthyl isomer,Cannabinoid,C24H22ClNO,375.0,214,229
1396,SWGDRUG 3.14,2-Methyl-.alpha.-pyrrolidinopropiophenone,Precursor / Other,C14H19NO,217.0,98,75
1397,SWGDRUG 3.14,AM281,Precursor / Other,C21H19Cl2IN4O2,556.0,455,388
1398,SWGDRUG 3.14,4-Methylbuphedrone,Precursor / Other,C12H17NO,191.0,72,63
1399,SWGDRUG 3.14,4-Methyl-.alpha.-ethylaminobutiophenone,Precursor / Other,C13H19NO,205.0,86,69
1400,SWGDRUG 3.14,4-Methyl-N-Methylbuphedrone,Precursor / Other,C13H19NO,205.0,86,72
1401,SWGDRUG 3.14,"4-Methoxy-N,N-dimethylcathinone",Stimulant,C12H17NO2,207.0,72,71
1402,SWGDRUG 3.14,2-Methoxymethamphetamine,Stimulant,C11H17NO,179.0,58,63
1403,SWGDRUG 3.14,JWH-387,Cannabinoid,C24H22BrNO,419.0,214,278
1404,SWGDRUG 3.14,1-Phenyl-1-propanamine,Precursor / Other,C9H13N,135.0,106,59
1405,SWGDRUG 3.14,Thienoamphetamine Acetyl Derivative,Stimulant,C9H13NOS,183.0,124,81
1406,SWGDRUG 3.14,Thienoamphetamine TFA Derivative,Stimulant,C9H10F3NOS,237.0,124,104
1407,SWGDRUG 3.14,4-Methoxypropylamphetamine TFA Derivative,Stimulant,C15H20F3NO2,303.0,148,114
1408,SWGDRUG 3.14,JWH-412,Cannabinoid,C24H22FNO,359.0,359,264
1409,SWGDRUG 3.14,JWH-022,Cannabinoid,C24H21NO,339.0,339,236
1410,SWGDRUG 3.14,JWH-147,Cannabinoid,C27H27NO,381.0,155,249
1411,SWGDRUG 3.14,Camfetamine,Precursor / Other,C14H19N,201.0,201,134
1412,SWGDRUG 3.14,Thienoamphetamine,Stimulant,C7H11NS,141.0,44,87
1413,SWGDRUG 3.14,Ostarine,Precursor / Other,C19H14F3N3O3,389.0,176,186
1414,SWGDRUG 3.14,Tapentadol,Precursor / Other,C14H23NO,221.0,58,79
1415,SWGDRUG 3.14,pMPBP,Precursor / Other,C15H21NO,231.0,112,75
1416,SWGDRUG 3.14,Etizolam,Depressant,C17H15ClN4S,342.0,342,280
1417,SWGDRUG 3.14,Bentazepam,Precursor / Other,C17H16N2OS,296.0,267,220
1418,SWGDRUG 3.14,Org 29647,Precursor / Other,C22H24ClN3O,381.0,159,165
1419,SWGDRUG 3.14,Zopiclone,Precursor / Other,C17H17ClN6O3,388.0,143,202
1420,SWGDRUG 3.14,4-Methoxypropylamphetamine,Stimulant,C13H21NO,207.0,86,76
1421,SWGDRUG 3.14,4-Methoxypropylamphetamine Acetyl derivative,Stimulant,C15H23NO2,249.0,86,87
1422,SWGDRUG 3.14,Org 27569,Precursor / Other,C24H28ClN3O,409.0,174,117
1423,SWGDRUG 3.14,Org 27759,Precursor / Other,C21H24FN3O,353.0,147,129
1424,SWGDRUG 3.14,XLR11 cyclopropyl rearrangement product,Cannabinoid,C21H28FNO,329.0,232,161
1425,SWGDRUG 3.14,IMMA,Precursor / Other,C23H23ClN2O4,426.0,139,104
1426,SWGDRUG 3.14,JWH-180,Cannabinoid,C25H25NO,355.0,355,228
1427,SWGDRUG 3.14,AM2201 2'-naphthyl isomer,Precursor / Other,C24H22FNO,359.0,359,230
1428,SWGDRUG 3.14,N-Acetyl-3-Fluoroisomethcathinone,Cannabinoid,C12H14FNO2,223.0,138,94
1429,SWGDRUG 3.14,N-Trifluoroacetyl-3-Fluoroisomethcathinone,Cannabinoid,C12H11F4NO2,277.0,110,131
1430,SWGDRUG 3.14,4-Methoxypropylamphetamine HFB Derivative,Stimulant,C17H20F7NO2,403.0,148,126
1431,SWGDRUG 3.14,4-Methoxypropylamphetamine PFP Derivative,Stimulant,C16H20F5NO2,353.0,232,116
1432,SWGDRUG 3.14,"2,3-Methylenedioxymethamphetamine",Stimulant,C11H15NO2,193.0,58,72
1433,SWGDRUG 3.14,JWH-121,Cannabinoid,C24H23NO,341.0,341,200
1434,SWGDRUG 3.14,JWH-082,Cannabinoid,C26H27NO2,385.0,385,237
1435,SWGDRUG 3.14,JWH-080,Cannabinoid,C24H23NO2,357.0,357,230
1436,SWGDRUG 3.14,JWH-045,Cannabinoid,C17H15NO,249.0,249,142
1437,SWGDRUG 3.14,JWH-033,Cannabinoid,C19H19NO,277.0,277,168
1438,SWGDRUG 3.14,JWH-032,Cannabinoid,C18H17NO,263.0,263,134
1439,SWGDRUG 3.14,JWH-252,Cannabinoid,C23H27NO,333.0,228,95
1440,SWGDRUG 3.14,JWH-209,Cannabinoid,C23H27NO,333.0,228,88
1441,SWGDRUG 3.14,JWH-205,Cannabinoid,C22H25NO,319.0,228,97
1442,SWGDRUG 3.14,JWH-053,Cannabinoid,C24H36O2,356.0,258,244
1443,SWGDRUG 3.14,JWH-197,Cannabinoid,C26H29NO,371.0,371,172
1444,SWGDRUG 3.14,JWH-058,Cannabinoid,C24H36O2,356.0,272,255
1445,SWGDRUG 3.14,JWH-059,Cannabinoid,C24H36O2,356.0,272,255
1446,SWGDRUG 3.14,JWH-054,Cannabinoid,C24H36O2,356.0,258,227
1447,SWGDRUG 3.14,Fluorophenylpropylamine,Precursor / Other,C9H12FN,153.0,124,80
1448,SWGDRUG 3.14,JWH-018 N-3-methylbutyl isomer,Cannabinoid,C24H23NO,341.0,127,223
1449,SWGDRUG 3.14,t-Butylnitrite,Precursor / Other,C4H9NO2,103.0,30,35
1450,SWGDRUG 3.14,CB-52,Precursor / Other,C26H43NO3,417.0,123,204
1451,SWGDRUG 3.14,JWH-071,Cannabinoid,C21H17NO,299.0,299,174
1452,SWGDRUG 3.14,JWH-167,Cannabinoid,C21H23NO,305.0,214,94
1453,SWGDRUG 3.14,JWH-213,Cannabinoid,C27H29NO,383.0,383,223
1454,SWGDRUG 3.14,N-methyltryptamine,Hallucinogen,C11H14N2,174.0,131,74
1455,SWGDRUG 3.14,URB937,Precursor / Other,C20H22N2O4,354.0,212,26
1456,SWGDRUG 3.14,AB-005 azepane isomer,Precursor / Other,C23H32N2O,352.0,112,192
1457,SWGDRUG 3.14,AB-005,Precursor / Other,C23H32N2O,352.0,98,118
1458,SWGDRUG 3.14,5-IT,Precursor / Other,C11H14N2,174.0,44,77
1459,SWGDRUG 3.14,3-Methylbuphedrone,Precursor / Other,C12H17NO,191.0,72,62
1460,SWGDRUG 3.14,3-Methyl-.alpha.-pyrrolidinopropiophenone,Precursor / Other,C14H19NO,217.0,98,67
1461,SWGDRUG 3.14,2C-B-fly,Hallucinogen,C12H14BrNO2,283.0,254,134
1462,SWGDRUG 3.14,25I-NBOMe imine analog,Hallucinogen,C18H20INO3,425.0,148,165
1463,SWGDRUG 3.14,25H-NBOMe imine analog,Hallucinogen,C18H21NO3,299.0,121,138
1464,SWGDRUG 3.14,"2,4,6-Trimethoxyamphetamine",Stimulant,C12H19NO3,225.0,182,123
1465,SWGDRUG 3.14,AM2201 6-hydroxyindole metabolite,Precursor / Other,C24H22FNO2,375.0,375,238
1466,SWGDRUG 3.14,AM2201 5-hydroxyindole metabolite,Precursor / Other,C24H22FNO2,375.0,375,225
1467,SWGDRUG 3.14,AM2201 N-(4-hydroxypentyl) metabolite,Precursor / Other,C24H22FNO2,375.0,127,171
1468,SWGDRUG 3.14,AM2201 N-(3-fluoropentyl) isomer,Precursor / Other,C24H22FNO,359.0,127,215
1469,SWGDRUG 3.14,BIM5078,Precursor / Other,C14H10ClN3O4S,351.0,131,155
1470,SWGDRUG 3.14,AM3102,Precursor / Other,C21H41NO2,339.0,44,173
1471,SWGDRUG 3.14,CB-86,Precursor / Other,C26H43NO3,417.0,57,218
1472,SWGDRUG 3.14,Isopentedrone,Precursor / Other,C12H17NO,191.0,120,65
1473,SWGDRUG 3.14,JW 642,Precursor / Other,C21H20F6N2O3,462.0,184,142
1474,SWGDRUG 3.14,JW 618,Precursor / Other,C17H14F6N2O2,392.0,197,139
1475,SWGDRUG 3.14,JWH-309 5'-isomer,Cannabinoid,C30H27NO,417.0,417,165
1476,SWGDRUG 3.14,KML29,Precursor / Other,C24H21F6NO7,549.0,149,243
1477,SWGDRUG 3.14,MAM2201 N-(4-fluoropentyl) isomer,Precursor / Other,C25H24FNO,373.0,232,255
1478,SWGDRUG 3.14,MAM2201 N-(3-fluoropentyl) isomer,Precursor / Other,C25H24FNO,373.0,115,179
1479,SWGDRUG 3.14,MAM2201 N-(2-fluoropentyl) isomer,Precursor / Other,C25H24FNO,373.0,115,180
1480,SWGDRUG 3.14,SER-601,Precursor / Other,C28H38N2O2,434.0,284,199
1481,SWGDRUG 3.14,N-Ethyl-N-methylcathinone,Stimulant,C12H17NO,191.0,86,64
1482,SWGDRUG 3.14,UR-144 N-(4-hydroxypentyl) metabolite,Cannabinoid,C21H29NO2,327.0,230,212
1483,SWGDRUG 3.14,RCS-4 N-(5-hydroxypentyl) metabolite,Precursor / Other,C21H23NO3,337.0,135,198
1484,SWGDRUG 3.14,RCS-4 N-(4-hydroxypentyl) metabolite,Precursor / Other,C21H23NO3,337.0,135,210
1485,SWGDRUG 3.14,RCS-4 M9 metabolite,Precursor / Other,C20H21NO3,323.0,121,165
1486,SWGDRUG 3.14,JWH-145 2-phenyl isomer,Cannabinoid,C26H25NO,367.0,127,199
1487,SWGDRUG 3.14,JWH-250 N-(5-hydroxypentyl) metabolite,Cannabinoid,C22H25NO3,351.0,230,145
1488,SWGDRUG 3.14,JWH-250 N-(4-hydroxypentyl) metabolite,Cannabinoid,C22H25NO3,351.0,230,164
1489,SWGDRUG 3.14,JWH-250 5-hydroxyindole metabolite,Cannabinoid,C22H25NO3,351.0,230,149
1490,SWGDRUG 3.14,JWH-398 N-(4-hydroxypentyl) metabolite,Cannabinoid,C24H22ClNO2,391.0,189,174
1491,SWGDRUG 3.14,JWH-081 N-(5-hydroxypentyl) metabolite,Cannabinoid,C25H25NO3,387.0,185,207
1492,SWGDRUG 3.14,JWH-018 N-(5-hydroxypentyl) metabolite,Cannabinoid,C24H23NO2,357.0,127,190
1493,SWGDRUG 3.14,JWH-018 N-(4-hydroxypentyl) metabolite,Cannabinoid,C24H23NO2,357.0,127,167
1494,SWGDRUG 3.14,JWH-018 N-(3-hydroxypentyl) metabolite,Cannabinoid,C24H23NO2,357.0,127,181
1495,SWGDRUG 3.14,JWH-018 N-(2-hydroxypentyl) metabolite,Cannabinoid,C24H23NO2,357.0,284,169
1496,SWGDRUG 3.14,JWH-019 N-(6-hydroxyhexyl) metabolite,Cannabinoid,C25H25NO2,371.0,127,181
1497,SWGDRUG 3.14,JWH-019 5-hydroxyindole metabolite,Cannabinoid,C25H25NO2,371.0,300,174
1498,SWGDRUG 3.14,JWH-073 N-(4-hydroxybutyl) metabolite,Cannabinoid,C23H21NO2,343.0,127,182
1499,SWGDRUG 3.14,JWH-073 N-(3-hydroxybutyl) metabolite,Cannabinoid,C23H21NO2,343.0,127,192
1500,SWGDRUG 3.14,JWH-073 2-hydroxyindole metabolite,Cannabinoid,C23H21NO2,343.0,215,175
1501,SWGDRUG 3.14,JWH-122 N-(5-hydroxypentyl) metabolite,Cannabinoid,C25H25NO2,371.0,371,212
1502,SWGDRUG 3.14,JWH-122 N-(4-hydroxypentyl) metabolite,Cannabinoid,C25H25NO2,371.0,284,192
1503,SWGDRUG 3.14,JWH-200 7-hydroxyindole metabolite,Cannabinoid,C25H24N2O3,400.0,100,158
1504,SWGDRUG 3.14,JWH-200 6-hydroxyindole metabolite,Cannabinoid,C25H24N2O3,400.0,100,95
1505,SWGDRUG 3.14,JWH-200 5-hydroxyindole metabolite,Cannabinoid,C25H24N2O3,400.0,100,146
1506,SWGDRUG 3.14,JWH-200 4-hydroxyindole metabolite,Cannabinoid,C25H24N2O3,400.0,100,153
1507,SWGDRUG 3.14,JWH-210 N-(5-hydroxypentyl) metabolite,Cannabinoid,C26H27NO2,385.0,385,242
1508,SWGDRUG 3.14,JWH-210 N-(4-hydroxypentyl) metabolite,Cannabinoid,C26H27NO2,385.0,298,200
1509,SWGDRUG 3.14,4-Methylthioamphetamine,Stimulant,C10H15NS,181.0,44,54
1510,SWGDRUG 3.14,RCS-4 M10 Metabolite,Precursor / Other,C20H21NO3,323.0,121,182
1511,SWGDRUG 3.14,RCS-4 M11 metabolite,Precursor / Other,C20H19NO3,321.0,321,176
1512,SWGDRUG 3.14,MMAI,Precursor / Other,C11H15NO,177.0,160,103
1513,SWGDRUG 3.14,"2,3-MDA",Stimulant,C10H13NO2,179.0,44,44
1514,SWGDRUG 3.14,6-IT,Precursor / Other,C11H14N2,174.0,131,82
1515,SWGDRUG 3.14,3-Methoxy PCP,Hallucinogen,C18H27NO,273.0,230,192
1516,SWGDRUG 3.14,4-Methoxy-PCP,Hallucinogen,C18H27NO,273.0,121,148
1517,SWGDRUG 3.14,"epi-CP 47,497",Precursor / Other,C21H34O2,318.0,215,170
1518,SWGDRUG 3.14,"2,4-Dimethylethcathinone",Cannabinoid,C13H19NO,205.0,72,74
1519,SWGDRUG 3.14,3C-B-fly,Precursor / Other,C13H16BrNO2,297.0,44,137
1520,SWGDRUG 3.14,AM1248 azepane isomer,Precursor / Other,C26H34N2O,390.0,112,145
1521,SWGDRUG 3.14,5F-NNEI 2'-naphthyl isomer,Cannabinoid,C24H23FN2O,374.0,232,179
1522,SWGDRUG 3.14,2C-T,Precursor / Other,C11H17NO2S,227.0,198,121
1523,SWGDRUG 3.14,5-APDI,Precursor / Other,C12H17N,175.0,44,100
1524,SWGDRUG 3.14,4-CAB,Precursor / Other,C10H14ClN,183.0,58,92
1525,SWGDRUG 3.14,4-Methyl-.alpha.-ethyltryptamine,Hallucinogen,C13H18N2,202.0,145,77
1526,SWGDRUG 3.14,5-Methoxy-.alpha.-Ethyltryptamine,Hallucinogen,C13H18N2O,218.0,161,98
1527,SWGDRUG 3.14,"3,4-Dimethoxy-.alpha.-Pyrrolidinopropiophenone",Precursor / Other,C17H25NO3,291.0,126,89
1528,SWGDRUG 3.14,.alpha.-Pyrrolidinopentiophenone metabolite,Precursor / Other,C15H23NO,233.0,126,83
1529,SWGDRUG 3.14,JWH-149,Cannabinoid,C26H27NO,369.0,369,275
1530,SWGDRUG 3.14,JWH-198,Cannabinoid,C26H26N2O3,414.0,100,127
1531,SWGDRUG 3.14,JWH-176,Cannabinoid,C25H24,324.0,253,176
1532,SWGDRUG 3.14,JWH-193,Cannabinoid,C26H26N2O2,398.0,100,129
1533,SWGDRUG 3.14,JWH-116,Cannabinoid,C26H27NO,369.0,127,201
1534,SWGDRUG 3.14,JWH-073 6-methoxyindole analog,Cannabinoid,C24H23NO2,357.0,357,219
1535,SWGDRUG 3.14,JWH-018 N-(4-oxo-pentyl) metabolite,Cannabinoid,C24H21NO2,355.0,270,220
1536,SWGDRUG 3.14,25I-NBMD,Precursor / Other,C18H20INO4,441.0,135,68
1537,SWGDRUG 3.14,25I-NBF,Precursor / Other,C17H19FINO2,415.0,109,137
1538,SWGDRUG 3.14,PCEEA,Precursor / Other,C16H25NO,247.0,159,124
1539,SWGDRUG 3.14,PCMPA,Precursor / Other,C16H25NO,247.0,204,133
1540,SWGDRUG 3.14,AM2201 N-(3-chloropentyl) analog,Precursor / Other,C24H22ClNO,375.0,127,242
1541,SWGDRUG 3.14,UR-144 N-(2-chloropentyl) analog,Cannabinoid,C21H28ClNO,345.0,248,224
1542,SWGDRUG 3.14,PCPr,Hallucinogen,C15H23N,217.0,174,108
1543,SWGDRUG 3.14,Escaline,Precursor / Other,C12H19NO3,225.0,167,117
1544,SWGDRUG 3.14,"2,3-Dichlorophenylpiperazine",Precursor / Other,C10H12Cl2N2,230.0,188,156
1545,SWGDRUG 3.14,5-Fluoropentyl-3-pyridinoylindole,Precursor / Other,C19H19FN2O,310.0,235,204
1546,SWGDRUG 3.14,"2,3-Dimethylethcathinone",Cannabinoid,C13H19NO,205.0,72,76
1547,SWGDRUG 3.14,"A-834,735 degradant",Precursor / Other,C22H29NO2,339.0,257,223
1548,SWGDRUG 3.14,(S)-2-Diphenylmethylpyrrolidine,Precursor / Other,C17H19N,237.0,70,88
1549,SWGDRUG 3.14,Phenylpiperazine-HFBA Derivative,Precursor / Other,C14H13F7N2O,358.0,161,146
1550,SWGDRUG 3.14,Pentylone-HFBA Derivative,Precursor / Other,C17H16F7NO4,431.0,149,120
1551,SWGDRUG 3.14,nor-Mephedrone-HFBA Derivative,Stimulant,C14H12F7NO2,359.0,119,77
1552,SWGDRUG 3.14,Methedrone-HFBA Derivative,Precursor / Other,C15H14F7NO3,389.0,135,88
1553,SWGDRUG 3.14,Isopentedrone-HFBA Derivative,Precursor / Other,C16H16F7NO2,387.0,210,129
1554,SWGDRUG 3.14,Ethylone-HFBA Derivative,Precursor / Other,C16H14F7NO4,417.0,149,119
1555,SWGDRUG 3.14,DOET-HFBA Derivative,Precursor / Other,C17H20F7NO3,419.0,179,129
1556,SWGDRUG 3.14,Buphedrone-HFBA Derivative,Precursor / Other,C15H14F7NO2,373.0,268,126
1557,SWGDRUG 3.14,Mephedrone-HFBA Derivative,Stimulant,C15H14F7NO2,373.0,119,94
1558,SWGDRUG 3.14,DOI-HFBA Derivative,Precursor / Other,C15H15F7INO3,517.0,277,239
1559,SWGDRUG 3.14,DOC-HFBA Derivative,Precursor / Other,C15H15ClF7NO3,425.0,185,152
1560,SWGDRUG 3.14,3-Methylmethcathinone-HFBA Derivative,Cannabinoid,C15H14F7NO2,373.0,119,98
1561,SWGDRUG 3.14,25I-NBOMe-HFBA Derivative,Hallucinogen,C22H21F7INO4,623.0,121,225
1562,SWGDRUG 3.14,25C-NBOMe-HFBA Derivative,Hallucinogen,C22H21ClF7NO4,531.0,121,194
1563,SWGDRUG 3.14,2-Methylmethcatinone-HFBA Derivative,Cannabinoid,C15H14F7NO2,373.0,119,96
1564,SWGDRUG 3.14,"2,3 Pentylone-HFBA Derivative",Precursor / Other,C17H16F7NO4,431.0,149,172
1565,SWGDRUG 3.14,2C-E HFBA Derivative,Hallucinogen,C16H18F7NO3,405.0,179,150
1566,SWGDRUG 3.14,2C-D HFBA Derivative,Precursor / Other,C15H16F7NO3,391.0,178,123
1567,SWGDRUG 3.14,2C-H HFBA Derivative,Precursor / Other,C14H14F7NO3,377.0,164,154
1568,SWGDRUG 3.14,2C-I HFBA Derivative,Hallucinogen,C14H13F7INO3,503.0,290,260
1569,SWGDRUG 3.14,2C-C HFBA Derivative,Precursor / Other,C14H13ClF7NO3,411.0,198,210
1570,SWGDRUG 3.14,2C-P HFBA Derivative,Precursor / Other,C17H20F7NO3,419.0,193,218
1571,SWGDRUG 3.14,2C-N HFBA Derivative,Precursor / Other,C14H13F7N2O5,422.0,209,82
1572,SWGDRUG 3.14,2C-T-4 HFBA Derivative,Precursor / Other,C17H20F7NO3S,451.0,183,199
1573,SWGDRUG 3.14,2C-T-7 HFBA Derivative,Precursor / Other,C17H20F7NO3S,451.0,225,208
1574,SWGDRUG 3.14,2C-T-2 HFBA Derivative,Precursor / Other,C16H18F7NO3S,437.0,211,168
1575,SWGDRUG 3.14,5-Chloro-UR-144 rearrangement product,Cannabinoid,C21H28ClNO,345.0,248,269
1576,SWGDRUG 3.14,1-Propyl-3-benzoylindole,Precursor / Other,C18H17NO,263.0,186,98
1577,SWGDRUG 3.14,Isocyanatocyclohexane,Precursor / Other,C7H11NO,125.0,67,68
1578,SWGDRUG 3.14,1-(4-fluorobenzyl)piperazine-HFBA Derivative,Precursor / Other,C15H14F8N2O,390.0,109,131
1579,SWGDRUG 3.14,1-(p-Fluorophenyl)piperazine-HFBA Derivative,Precursor / Other,C14H12F8N2O,376.0,122,164
1580,SWGDRUG 3.14,25G-NBOMe,Hallucinogen,C20H27NO3,329.0,121,108
1581,SWGDRUG 3.14,25T-NBOMe,Hallucinogen,C19H25NO3S,347.0,121,142
1582,SWGDRUG 3.14,2C-G,Precursor / Other,C12H19NO2,209.0,165,123
1583,SWGDRUG 3.14,JWH-146,Cannabinoid,C28H29NO,395.0,155,273
1584,SWGDRUG 3.14,RCS-4 4-hydroxyphenyl metabolite,Precursor / Other,C20H21NO2,307.0,307,191
1585,SWGDRUG 3.14,UR-144 N-(5-methylhexyl) analog,Cannabinoid,C23H33NO,339.0,242,166
1586,SWGDRUG 3.14,4'-Fluoro-.alpha.-pyrollidinopropiophenone,Precursor / Other,C13H16FNO,221.0,98,60
1587,SWGDRUG 3.14,3'-Fluoro-.alpha.-Pyrrolidinopropiophenone,Precursor / Other,C13H16FNO,221.0,98,62
1588,SWGDRUG 3.14,JWH-203 N-(5-hydroxypentyl) metabolite,Cannabinoid,C21H22ClNO2,355.0,230,150
1589,SWGDRUG 3.14,5-MAPDB,Precursor / Other,C12H17NO,191.0,58,84
1590,SWGDRUG 3.14,PF-3845,Precursor / Other,C24H23F3N4O2,456.0,335,243
1591,SWGDRUG 3.14,BB-22 methylester analogue,Precursor / Other,C17H21NO2,271.0,188,121
1592,SWGDRUG 3.14,Methyl 1-(5-fluoropentyl)-1H-indole-3-carboxylate,Precursor / Other,C15H18FNO2,263.0,188,127
1593,SWGDRUG 3.14,1'-Naphthoyl-2-methylindole,Precursor / Other,C20H15NO,285.0,285,166
1594,SWGDRUG 3.14,JWH-203 N-(4-hydroxypentyl) metabolite,Cannabinoid,C21H22ClNO2,355.0,230,184
1595,SWGDRUG 3.14,JWH-073 N-(2-hydroxybutyl) metabolite,Cannabinoid,C23H21NO2,343.0,284,235
1596,SWGDRUG 3.14,5-Fluoro-PB-22 N-(4-fluoropentyl) isomer,Cannabinoid,C23H21FN2O2,376.0,232,141
1597,SWGDRUG 3.14,JWH-019 N-(5-hydroxyhexyl) metabolite,Cannabinoid,C25H25NO2,371.0,127,258
1598,SWGDRUG 3.14,THJ,Precursor / Other,C22H22N4O,358.0,215,158
1599,SWGDRUG 3.14,FDU-PB-22,Cannabinoid,C26H18FNO2,395.0,109,93
1600,SWGDRUG 3.14,MAM2201 N-(5-chloropentyl) analog,Precursor / Other,C25H24ClNO,389.0,389,286
1601,SWGDRUG 3.14,Phenylpiracetam,Precursor / Other,C12H14N2O2,218.0,174,110
1602,SWGDRUG 3.14,AKB48 N-(4-hydroxypentyl) metabolite,Precursor / Other,C23H31N3O2,381.0,145,272
1603,SWGDRUG 3.14,AKB48 N-(5-hydroxypentyl) metabolite,Precursor / Other,C23H31N3O2,381.0,145,291
1604,SWGDRUG 3.14,5-Fluoro-PB-22 N-(2-fluoropentyl) isomer,Cannabinoid,C23H21FN2O2,376.0,232,105
1605,SWGDRUG 3.14,XLR12,Cannabinoid,C20H24F3NO,351.0,254,167
1606,SWGDRUG 3.14,UR-144 N-(3-chloropentyl) analog,Cannabinoid,C21H28ClNO,345.0,248,215
1607,SWGDRUG 3.14,N-methyl-2AI,Precursor / Other,C10H13N,147.0,147,88
1608,SWGDRUG 3.14,LY2183240,Precursor / Other,C17H17N5O,307.0,167,128
1609,SWGDRUG 3.14,JWH-081 4-hydroxynaphthyl metabolite,Cannabinoid,C24H23NO2,357.0,357,269
1610,SWGDRUG 3.14,JWH-081 N-(4-hydroxypentyl) metabolite,Cannabinoid,C25H25NO3,387.0,185,264
1611,SWGDRUG 3.14,JWH-081-N-(cyclohexylmethyl) analog,Cannabinoid,C27H27NO2,397.0,397,298
1612,SWGDRUG 3.14,Myristicin,Precursor / Other,C11H12O3,192.0,192,97
1613,SWGDRUG 3.14,MDPV metabolite,Stimulant,C15H21NO3,263.0,126,89
1614,SWGDRUG 3.14,Nitracaine,Precursor / Other,C16H24N2O4,308.0,86,86
1615,SWGDRUG 3.14,AB-PINACA N-(5-hydroxypentyl) metabolite,Precursor / Other,C18H26N4O3,346.0,302,210
1616,SWGDRUG 3.14,ADBICA,Precursor / Other,C20H29N3O2,343.0,214,147
1617,SWGDRUG 3.14,Methylbenzylpiperazine,Precursor / Other,C12H18N2,190.0,91,98
1618,SWGDRUG 3.14,ADB-FUBINACA,Precursor / Other,C21H23FN4O2,382.0,109,152
1619,SWGDRUG 3.14,"CP 47,497-C6-homolog",Precursor / Other,C20H32O2,304.0,215,162
1620,SWGDRUG 3.14,Acetyl norfentanyl,Opioid,C13H18N2O,218.0,83,128
1621,SWGDRUG 3.14,Butyryl fentanyl,Opioid,C23H30N2O,350.0,259,130
1622,SWGDRUG 3.14,NNEI 2'-naphthyl isomer,Precursor / Other,C24H24N2O,356.0,214,108
1623,SWGDRUG 3.14,3C-P,Precursor / Other,C14H23NO3,253.0,44,128
1624,SWGDRUG 3.14,Buphedrone metabolite,Precursor / Other,C11H17NO,179.0,72,69
1625,SWGDRUG 3.14,MN-18,Precursor / Other,C23H23N3O,357.0,215,128
1626,SWGDRUG 3.14,5-Fluoro-MN-18,Precursor / Other,C23H22FN3O,375.0,233,187
1627,SWGDRUG 3.14,MN-25-2-methyl derivative,Precursor / Other,C27H39N3O3,453.0,100,163
1628,SWGDRUG 3.14,MN-25,Precursor / Other,C26H37N3O3,439.0,100,182
1629,SWGDRUG 3.14,AM2201 8-quinolinyl carboxamide,Precursor / Other,C23H22FN3O,375.0,232,178
1630,SWGDRUG 3.14,JWH-018 8-quinolinyl carboxamide,Cannabinoid,C23H23N3O,357.0,214,127
1631,SWGDRUG 3.14,"2,5-DMMA",Precursor / Other,C12H19NO2,209.0,58,93
1632,SWGDRUG 3.14,"4-Bromo-2,5-DMMA",Precursor / Other,C12H18BrNO2,287.0,58,143
1633,SWGDRUG 3.14,Acetildenafil,Precursor / Other,C25H34N6O3,466.0,127,201
1634,SWGDRUG 3.14,5-Fluoro-AKB48 N-(5-hydroxypentyl) metabolite,Precursor / Other,C23H30FN3O2,399.0,145,296
1635,SWGDRUG 3.14,"3,4-Methylenedioxy-5-methylethcathinone",Cannabinoid,C13H17NO3,235.0,72,71
1636,SWGDRUG 3.14,"3,4-MDPA",Precursor / Other,C13H19NO2,221.0,86,77
1637,SWGDRUG 3.14,N-Acetylmethylone,Precursor / Other,C13H15NO4,249.0,58,79
1638,SWGDRUG 3.14,4-DAMP,Precursor / Other,C20H23NO2,309.0,96,99
1639,SWGDRUG 3.14,NRG-3,Precursor / Other,C16H19NO,241.0,86,70
1640,SWGDRUG 3.14,Cannabidiolic Acid,Cannabinoid,C22H30O4,358.0,231,182
1641,SWGDRUG 3.14,Methyl-1-pentyl-1H-indole-3-carboxylate,Precursor / Other,C15H19NO2,245.0,188,112
1642,SWGDRUG 3.14,trans-Anethole,Precursor / Other,C10H12O,148.0,148,83
1643,SWGDRUG 3.14,Estragole,Precursor / Other,C10H12O,148.0,148,83
1644,SWGDRUG 3.14,4-Methoxyphenylacetone,Precursor / Other,C10H12O2,164.0,121,63
1645,SWGDRUG 3.14,JWH-208,Cannabinoid,C22H25NO,319.0,214,82
1646,SWGDRUG 3.14,"N,N-di(.beta.-phenylisopropyl)amine",Precursor / Other,C18H23N,253.0,162,106
1647,SWGDRUG 3.14,UR-144 by-product,Cannabinoid,C21H29NO,311.0,296,173
1648,SWGDRUG 3.14,Dihydro-.alpha.-PPP,Precursor / Other,C13H19NO,205.0,98,73
1649,SWGDRUG 3.14,2-Amino-1-phenylbutane,Precursor / Other,C10H15N,149.0,58,77
1650,SWGDRUG 3.14,3-Chloroamphetamine,Stimulant,C9H12ClN,169.0,44,88
1651,SWGDRUG 3.14,2-Chloroamphetamine,Stimulant,C9H12ClN,169.0,44,82
1652,SWGDRUG 3.14,4-Bromoamphetamine,Stimulant,C9H12BrN,213.0,44,82
1653,SWGDRUG 3.14,3-Bromoamphetamine,Stimulant,C9H12BrN,213.0,44,81
1654,SWGDRUG 3.14,2-Bromoamphetamine,Stimulant,C9H12BrN,213.0,44,72
1655,SWGDRUG 3.14,AB-PINACA N-(4-fluoropentyl) isomer,Precursor / Other,C18H25FN4O2,348.0,233,148
1656,SWGDRUG 3.14,AB-PINACA N-(2-fluoropentyl) isomer,Precursor / Other,C18H25FN4O2,348.0,233,143
1657,SWGDRUG 3.14,AB-PINACA N-(4-hydroxypentyl) metabolite,Precursor / Other,C18H26N4O3,346.0,302,193
1658,SWGDRUG 3.14,5-Chloro-AB-PINACA,Precursor / Other,C18H25ClN4O2,364.0,249,219
1659,SWGDRUG 3.14,ADBICA N-(5-hydroxypentyl) metabolite,Precursor / Other,C20H29N3O3,359.0,230,195
1660,SWGDRUG 3.14,ADBICA N-(4-hydroxypentyl) metabolite,Precursor / Other,C20H29N3O3,359.0,230,182
1661,SWGDRUG 3.14,SDB-006,Precursor / Other,C21H24N2O,320.0,214,159
1662,SWGDRUG 3.14,4-APDB,Precursor / Other,C11H15NO,177.0,44,80
1663,SWGDRUG 3.14,ADB-PINACA N-(5-hydroxypentyl) metabolite,Precursor / Other,C19H28N4O3,360.0,316,217
1664,SWGDRUG 3.14,ADB-PINACA N-(4-hydroxypentyl) metabolite,Precursor / Other,C19H28N4O3,360.0,316,219
1665,SWGDRUG 3.14,ADB-PINACA isomer 3,Precursor / Other,C19H28N4O2,344.0,215,120
1666,SWGDRUG 3.14,ADB-PINACA isomer 2,Precursor / Other,C19H28N4O2,344.0,215,168
1667,SWGDRUG 3.14,ADB-PINACA isomer 1,Precursor / Other,C19H28N4O2,344.0,215,131
1668,SWGDRUG 3.14,Pyrazolam,Precursor / Other,C16H12BrN5,353.0,205,271
1669,SWGDRUG 3.14,JWH-019 N-(4-fluorohexyl) isomer,Cannabinoid,C25H24FNO,373.0,127,266
1670,SWGDRUG 3.14,2-Fluoropentylindole,Precursor / Other,C13H16FN,205.0,130,94
1671,SWGDRUG 3.14,NPB-22,Cannabinoid,C22H21N3O2,359.0,215,91
1672,SWGDRUG 3.14,Diclazepam,Precursor / Other,C16H12Cl2N2O,318.0,283,237
1673,SWGDRUG 3.14,"CP 47,497-C9-homolog",Precursor / Other,C23H38O2,346.0,215,196
1674,SWGDRUG 3.14,JWH-019 N-(6-fluorohexyl) isomer,Cannabinoid,C25H24FNO,373.0,127,271
1675,SWGDRUG 3.14,JWH-019 N-(5-fluorohexyl) isomer,Cannabinoid,C25H24FNO,373.0,127,275
1676,SWGDRUG 3.14,Flubromazepam,Precursor / Other,C15H10BrFN2O,332.0,305,265
1677,SWGDRUG 3.14,4-Methoxy-PV8,Precursor / Other,C18H27NO2,289.0,154,79
1678,SWGDRUG 3.14,30C-NBOMe,Hallucinogen,C20H26ClNO5,395.0,181,139
1679,SWGDRUG 3.14,25N-NBOMe,Hallucinogen,C18H22N2O5,346.0,121,138
1680,SWGDRUG 3.14,bk-2C-B,Hallucinogen,C10H12BrNO3,273.0,243,187
1681,SWGDRUG 3.14,Diclofensine,Precursor / Other,C17H17Cl2NO,321.0,243,241
1682,SWGDRUG 3.14,Deschloro-N-ethyl-ketamine,Hallucinogen,C14H19NO,217.0,160,104
1683,SWGDRUG 3.14,2-Methoxy-ketamine,Hallucinogen,C14H19NO2,233.0,176,128
1684,SWGDRUG 3.14,4-Fluorobuphedrone,Precursor / Other,C11H14FNO,195.0,72,62
1685,SWGDRUG 3.14,Tetrahydroharmine,Precursor / Other,C13H16N2O,216.0,201,123
1686,SWGDRUG 3.14,Cl-2201,Precursor / Other,C24H21ClFNO,393.0,232,310
1687,SWGDRUG 3.14,5-Fluoro-AB-PINACA N-(4-hydroxypentyl) metabolite,Precursor / Other,C18H25FN4O3,364.0,249,208
1688,SWGDRUG 3.14,2C-TFM,Precursor / Other,C11H14F3NO2,249.0,220,188
1689,SWGDRUG 3.14,Benzydamine,Precursor / Other,C19H23N3O,309.0,58,112
1690,SWGDRUG 3.14,"3,4-EDMC",Precursor / Other,C12H15NO3,221.0,58,63
1691,SWGDRUG 3.14,ORG 28611,Precursor / Other,C23H33N3O2,383.0,270,211
1692,SWGDRUG 3.14,XLR11 6-hydroxyindole metabolite,Cannabinoid,C21H28FNO2,345.0,248,232
1693,SWGDRUG 3.14,.alpha.-PBT,Precursor / Other,C12H17NOS,223.0,112,54
1694,SWGDRUG 3.14,4-Methoxy-.alpha.-pyrrolidinobutiophenone,Precursor / Other,C15H21NO2,247.0,112,72
1695,SWGDRUG 3.14,4-Fluoro-.alpha.-pyrrolidinobutiophenone,Precursor / Other,C14H18FNO,235.0,112,61
1696,SWGDRUG 3.14,4-Methyl-.alpha.-ethylaminopentiophenone,Precursor / Other,C14H21NO,219.0,100,70
1697,SWGDRUG 3.14,2-Ethylamino-1-phenylbutane,Precursor / Other,C12H19N,177.0,86,63
1698,SWGDRUG 3.14,4-Methyl-N-methylhexanophenone,Precursor / Other,C14H21NO,219.0,100,85
1699,SWGDRUG 3.14,4-Fluoropentylindole,Precursor / Other,C13H16FN,205.0,130,95
1700,SWGDRUG 3.14,5-Fluoropentylindole,Precursor / Other,C13H16FN,205.0,130,79
1701,SWGDRUG 3.14,THCA-A,Cannabinoid,C22H30O4,358.0,231,226
1702,SWGDRUG 3.14,ATM4 4-acetoxy analog,Precursor / Other,C23H25NO5,395.0,280,176
1703,SWGDRUG 3.14,5-EAPB,Precursor / Other,C13H17NO,203.0,72,76
1704,SWGDRUG 3.14,AB-FUBINACA isomer 2,Precursor / Other,C20H21FN4O2,368.0,109,131
1705,SWGDRUG 3.14,AB-FUBINACA isomer 1,Precursor / Other,C20H21FN4O2,368.0,109,193
1706,SWGDRUG 3.14,AB-FUBINACA 3-fluorobenzyl isomer,Precursor / Other,C20H21FN4O2,368.0,253,198
1707,SWGDRUG 3.14,AB-FUBINACA 2-fluorobenzyl isomer,Precursor / Other,C20H21FN4O2,368.0,253,220
1708,SWGDRUG 3.14,.alpha.-Piperidinobutiophenone,Precursor / Other,C15H21NO,231.0,126,67
1709,SWGDRUG 3.14,Heliomethylamine-HFBA Derivative,Precursor / Other,C16H16F7NO3,403.0,135,122
1710,SWGDRUG 3.14,Pseudoephedrine-HFBA Derivative,Stimulant,C14H14F7NO2,361.0,254,67
1711,SWGDRUG 3.14,PMMA-HFBA Derivative,Precursor / Other,C15H16F7NO2,375.0,121,110
1712,SWGDRUG 3.14,5-MAPB,Precursor / Other,C12H15NO,189.0,58,73
1713,SWGDRUG 3.14,Atomoxetine,Precursor / Other,C17H21NO,255.0,44,78
1714,SWGDRUG 3.14,PV8,Precursor / Other,C17H25NO,259.0,154,92
1715,SWGDRUG 3.14,Proscaline,Precursor / Other,C13H21NO3,239.0,167,99
1716,SWGDRUG 3.14,JWH-307 brominated analogue,Cannabinoid,C26H24BrNO,445.0,155,316
1717,SWGDRUG 3.14,N-Benzyl-4-methylbuphedrone,Precursor / Other,C18H21NO,267.0,91,88
1718,SWGDRUG 3.14,Mebroqualone,Precursor / Other,C15H11BrN2O,314.0,235,164
1719,SWGDRUG 3.14,Methoxypiperamide,Precursor / Other,C13H18N2O2,234.0,70,108
1720,SWGDRUG 3.14,bk-MPA,Precursor / Other,C8H11NOS,169.0,58,56
1721,SWGDRUG 3.14,5-MeO-TMT,Precursor / Other,C14H20N2O,232.0,58,89
1722,SWGDRUG 3.14,4-Fluorocathinone,Stimulant,C9H10FNO,167.0,44,60
1723,SWGDRUG 3.14,Ocfentanil,Precursor / Other,C22H27FN2O2,370.0,279,151
1724,SWGDRUG 3.14,6-MAPB,Precursor / Other,C12H15NO,189.0,58,71
1725,SWGDRUG 3.14,W-15,Precursor / Other,C19H21ClN2O2S,376.0,207,160
1726,SWGDRUG 3.14,Piperonylpiperazine,Precursor / Other,C12H16N2O2,220.0,135,103
1727,SWGDRUG 3.14,Glaucine,Precursor / Other,C21H25NO4,355.0,354,255
1728,SWGDRUG 3.14,NMP,Precursor / Other,C5H9NO,99.0,99,32
1729,SWGDRUG 3.14,Carfentanil,Opioid,C24H30N2O3,394.0,303,176
1730,SWGDRUG 3.14,3C-E,Precursor / Other,C13H21NO3,239.0,196,124
1731,SWGDRUG 3.14,25iP-NBOMe,Hallucinogen,C21H29NO3,343.0,121,101
1732,SWGDRUG 3.14,Methallylescaline,Precursor / Other,C14H21NO3,251.0,167,125
1733,SWGDRUG 3.14,LSZ,Precursor / Other,C21H25N3O,335.0,221,70
1734,SWGDRUG 3.14,N-Ethylnorketamine,Hallucinogen,C14H18ClNO,251.0,194,164
1735,SWGDRUG 3.14,2-Me-DMT,Hallucinogen,C13H18N2,202.0,58,80
1736,SWGDRUG 3.14,4-HO-DET,Precursor / Other,C14H20N2O,232.0,86,81
1737,SWGDRUG 3.14,4-HO-DPT,Precursor / Other,C16H24N2O,260.0,114,88
1738,SWGDRUG 3.14,6-EAPB,Precursor / Other,C13H17NO,203.0,72,83
1739,SWGDRUG 3.14,25B-N(BOMe)2,Precursor / Other,C26H30BrNO4,499.0,121,123
1740,SWGDRUG 3.14,Phenibut,Precursor / Other,C10H13NO2,179.0,104,67
1741,SWGDRUG 3.14,5-MeO-MET,Precursor / Other,C14H20N2O,232.0,72,73
1742,SWGDRUG 3.14,"N,N-Diethyl-2-(1-pentyl-1H-indol-3-yl)-4-thiazol-methanamine",Precursor / Other,C21H29N3S,355.0,284,151
1743,SWGDRUG 3.14,"1-(Cyclohexylmethyl)-2-[(4-ethoxyphenyl)methyl]-N,N-diethyl-1H-be",Precursor / Other,C28H37N3O2,447.0,375,150
1744,SWGDRUG 3.14,N-ethyl-1-phenyl-butane-2-amine,Precursor / Other,C12H19N,177.0,86,75
1745,SWGDRUG 3.14,N-(2-Methoxyethyl)-N-(1-methylethyl)-2-(1-pentyl-1H-indol-3-yl)-4,Precursor / Other,C23H33N3OS,399.0,283,189
1746,SWGDRUG 3.14,THJ-018,Precursor / Other,C23H22N2O,342.0,127,182
1747,SWGDRUG 3.14,Cocaine,Stimulant,C17H21NO4,303.0,82,121
1748,SWGDRUG 3.14,DOC,Precursor / Other,C11H16ClNO2,229.0,44,149
1749,SWGDRUG 3.14,Cathinone,Stimulant,C9H11NO,149.0,44,34
1750,SWGDRUG 3.14,Butylone,Precursor / Other,C12H15NO3,221.0,72,88
1751,SWGDRUG 3.14,Buphedrone,Precursor / Other,C11H15NO,177.0,72,65
1752,SWGDRUG 3.14,2C-B,Hallucinogen,C10H14BrNO2,259.0,230,163
1753,SWGDRUG 3.14,2C-B-BZP,Hallucinogen,C13H19BrN2O2,314.0,229,224
1754,SWGDRUG 3.14,DOB,Precursor / Other,C11H16BrNO2,273.0,44,146
1755,SWGDRUG 3.14,Dimethylone,Precursor / Other,C12H15NO3,221.0,72,62
1756,SWGDRUG 3.14,BB-22,Precursor / Other,C25H24N2O2,384.0,240,170
1757,SWGDRUG 3.14,7-APB,Precursor / Other,C11H13NO,175.0,44,88
1758,SWGDRUG 3.14,5-APB,Precursor / Other,C11H13NO,175.0,44,79
1759,SWGDRUG 3.14,AM2233,Precursor / Other,C22H23IN2O,458.0,98,149
1760,SWGDRUG 3.14,THJ2201,Precursor / Other,C23H21FN2O,360.0,127,218
1761,SWGDRUG 3.14,AM1220,Precursor / Other,C26H26N2O,382.0,98,111
1762,SWGDRUG 3.14,AM694,Precursor / Other,C20H19FINO,435.0,435,173
1763,SWGDRUG 3.14,AH 7921,Precursor / Other,C16H22Cl2N2O,328.0,126,104
1764,SWGDRUG 3.14,ADB-PINACA,Precursor / Other,C19H28N4O2,344.0,215,133
1765,SWGDRUG 3.14,Acetyl fentanyl,Opioid,C21H26N2O,322.0,231,90
1766,SWGDRUG 3.14,5-Fluoro-AB-PINACA,Precursor / Other,C18H25FN4O2,348.0,233,172
1767,SWGDRUG 3.14,AB-FUBINACA,Precursor / Other,C20H21FN4O2,368.0,109,138
1768,SWGDRUG 3.14,"A-836,339",Precursor / Other,C16H26N2O2S,310.0,213,176
1769,SWGDRUG 3.14,"A-834,735",Precursor / Other,C22H29NO2,339.0,242,209
1770,SWGDRUG 3.14,Testosterone Undecanoate,Anabolic Steroid,C30H48O3,456.0,124,237
1771,SWGDRUG 3.14,Testosterone Propionate,Anabolic Steroid,C22H32O3,344.0,57,104
1772,SWGDRUG 3.14,UR-144 cyclopropyl rearrangement product,Cannabinoid,C21H29NO,311.0,214,147
1773,SWGDRUG 3.14,XLR11 N-(2-fluoropentyl) isomer,Cannabinoid,C21H28FNO,329.0,232,194
1774,SWGDRUG 3.14,XLR11 N-(3-fluoropentyl) isomer,Cannabinoid,C21H28FNO,329.0,232,186
1775,SWGDRUG 3.14,4-Fluoro-UR-144,Cannabinoid,C21H28FNO,329.0,232,191
1776,SWGDRUG 3.14,URB754,Precursor / Other,C16H14N2O2,266.0,160,45
1777,SWGDRUG 3.14,URB602,Precursor / Other,C19H21NO2,295.0,195,113
1778,SWGDRUG 3.14,5-Bromo-UR-144,Cannabinoid,C21H28BrNO,389.0,292,250
1779,SWGDRUG 3.14,UR-144,Cannabinoid,C21H29NO,311.0,214,160
1780,SWGDRUG 3.14,1-[3-(Trifluoromethyl)phenyl]piperazine,Precursor / Other,C11H13F3N2,230.0,188,120
1781,SWGDRUG 3.14,Secobarbital,Depressant,C12H18N2O3,238.0,168,112
1782,SWGDRUG 3.14,Scopolamine,Precursor / Other,C17H21NO4,303.0,94,102
1783,SWGDRUG 3.14,Salvinorin A,Hallucinogen,C23H28O8,432.0,94,294
1784,SWGDRUG 3.14,RH-34,Precursor / Other,C18H19N3O3,325.0,121,68
1785,SWGDRUG 3.14,RCS-8,Precursor / Other,C25H29NO2,375.0,254,88
1786,SWGDRUG 3.14,RCS-4,Precursor / Other,C21H23NO2,321.0,321,167
1787,SWGDRUG 3.14,Psilocybin (breaks down to psilocin on mass spec),Hallucinogen,C12H17N2O4P,284.0,58,85
1788,SWGDRUG 3.14,Psilocin,Hallucinogen,C12H16N2O,204.0,58,79
1789,SWGDRUG 3.14,Pseudoephedrine,Stimulant,C10H15NO,165.0,58,45
1790,SWGDRUG 3.14,Pravadoline,Precursor / Other,C23H26N2O3,378.0,100,133
1791,SWGDRUG 3.14,Phentermine,Precursor / Other,C10H15N,149.0,58,50
1792,SWGDRUG 3.14,Phenobarbital,Depressant,C12H12N2O3,232.0,204,104
1793,SWGDRUG 3.14,Phencyclidine,Hallucinogen,C17H25N,243.0,200,126
1794,SWGDRUG 3.14,"2,3-Pentylone",Precursor / Other,C13H17NO3,235.0,86,87
1795,SWGDRUG 3.14,Pentylone,Precursor / Other,C13H17NO3,235.0,86,73
1796,SWGDRUG 3.14,Pentedrone,Precursor / Other,C12H17NO,191.0,86,59
1797,SWGDRUG 3.14,PB-22,Cannabinoid,C23H22N2O2,358.0,214,74
1798,SWGDRUG 3.14,Naphyrone,Precursor / Other,C19H23NO,281.0,126,72
1799,SWGDRUG 3.14,Methylone,Precursor / Other,C11H13NO3,207.0,58,57
1800,SWGDRUG 3.14,Mephedrone,Stimulant,C11H15NO,177.0,58,54
1801,SWGDRUG 3.14,3-Methylmethcathinone,Cannabinoid,C11H15NO,177.0,58,63
1802,SWGDRUG 3.14,2-Methylmethcathinone,Cannabinoid,C11H15NO,177.0,58,59
1803,SWGDRUG 3.14,4-Methyl-N-ethylcathinone,Stimulant,C12H17NO,191.0,72,62
1804,SWGDRUG 3.14,3-Methylethcathinone,Cannabinoid,C12H17NO,191.0,72,58
1805,SWGDRUG 3.14,2-Methylethcathinone,Cannabinoid,C12H17NO,191.0,72,63
1806,SWGDRUG 3.14,Heliomethylamine,Precursor / Other,C12H17NO2,207.0,44,95
1807,SWGDRUG 3.14,MDAI,Stimulant,C10H11NO2,177.0,160,90
1808,SWGDRUG 3.14,1-(2-Methoxyphenyl)piperazine,Precursor / Other,C11H16N2O,192.0,150,90
1809,SWGDRUG 3.14,"5-Methoxy-N,N-Diisopropyltryptamine",Hallucinogen,C17H26N2O,274.0,114,72
1810,SWGDRUG 3.14,p-Methoxyamphetamine,Stimulant,C10H15NO,165.0,44,64
1811,SWGDRUG 3.14,"5-Methoxy-N,N-diallyltryptamine",Hallucinogen,C17H22N2O,270.0,110,101
1812,SWGDRUG 3.14,Methoxetamine,Precursor / Other,C15H21NO2,247.0,190,138
1813,SWGDRUG 3.14,Methcathinone,Cannabinoid,C10H13NO,163.0,58,44
1814,SWGDRUG 3.14,Methaqualone,Depressant,C16H14N2O,250.0,235,118
1815,SWGDRUG 3.14,Methamphetamine,Stimulant,C10H15N,149.0,58,55
1816,SWGDRUG 3.14,"3,4-Methylenedioxypyrovalerone",Stimulant,C16H21NO3,275.0,126,74
1817,SWGDRUG 3.14,"2,3-MDPV",Stimulant,C16H21NO3,275.0,126,84
1818,SWGDRUG 3.14,MDPPP,Precursor / Other,C14H17NO3,247.0,98,64
1819,SWGDRUG 3.14,MAM2201,Precursor / Other,C25H24FNO,373.0,373,190
1820,SWGDRUG 3.14,LSD,Hallucinogen,C20H25N3O,323.0,323,166
1821,SWGDRUG 3.14,Ketamine,Hallucinogen,C13H16ClNO,237.0,180,152
1822,SWGDRUG 3.14,JWH-307,Cannabinoid,C26H24FNO,385.0,385,84
1823,SWGDRUG 3.14,JWH-250,Cannabinoid,C22H25NO2,335.0,214,100
1824,SWGDRUG 3.14,JWH-210,Cannabinoid,C26H27NO,369.0,369,206
1825,SWGDRUG 3.14,JWH-203,Cannabinoid,C21H22ClNO,339.0,214,89
1826,SWGDRUG 3.14,JWH-122,Cannabinoid,C25H25NO,355.0,355,193
1827,SWGDRUG 3.14,JWH-081,Cannabinoid,C25H25NO2,371.0,371,203
1828,SWGDRUG 3.14,JWH-073,Cannabinoid,C23H21NO,327.0,327,170
1829,SWGDRUG 3.14,JWH-073,Cannabinoid,C23H21NO,327.0,127,196
1830,SWGDRUG 3.14,JWH-019,Cannabinoid,C25H25NO,355.0,355,122
1831,SWGDRUG 3.14,JWH-018 benzimidazole analog,Cannabinoid,C23H22N2O,342.0,271,201
1832,SWGDRUG 3.14,APICA,Precursor / Other,C24H32N2O,364.0,214,189
1833,SWGDRUG 3.14,JWH-018,Cannabinoid,C24H23NO,341.0,341,134
1834,SWGDRUG 3.14,5-Iodo-2-aminoindan,Precursor / Other,C9H10IN,259.0,259,75
1835,SWGDRUG 3.14,Hydrocodone,Opioid,C18H21NO3,299.0,299,211
1836,SWGDRUG 3.14,Heroin,Opioid,C21H23NO5,369.0,43,238
1837,SWGDRUG 3.14,gamma-Butyrolactone,Precursor / Other,C4H6O2,86.0,42,17
1838,SWGDRUG 3.14,FUB-PB-22,Cannabinoid,C25H17FN2O2,396.0,109,117
1839,SWGDRUG 3.14,5-Fluoro-PB-22,Cannabinoid,C23H21FN2O2,376.0,232,83
1840,SWGDRUG 3.14,Flephedrone,Precursor / Other,C10H12FNO,181.0,58,60
1841,SWGDRUG 3.14,4-Fluoromethamphetamine,Stimulant,C10H14FN,167.0,58,74
1842,SWGDRUG 3.14,4-Fluoroisocathinone,Stimulant,C9H10FNO,167.0,124,73
1843,SWGDRUG 3.14,2-Fluoroisocathinone,Stimulant,C9H10FNO,167.0,124,85
1844,SWGDRUG 3.14,3-Fluoroethcathinone,Cannabinoid,C11H14FNO,195.0,72,69
1845,SWGDRUG 3.14,4-Fluoroamphetamine,Stimulant,C9H12FN,153.0,44,76
1846,SWGDRUG 3.14,2-Fluoroamphetamine,Stimulant,C9H12FN,153.0,44,79
1847,SWGDRUG 3.14,3-Ethylmethcathinone,Cannabinoid,C12H17NO,191.0,58,58
1848,SWGDRUG 3.14,2-Ethylmethcathinone,Cannabinoid,C12H17NO,191.0,58,63
1849,SWGDRUG 3.14,4-Ethylethcathinone,Cannabinoid,C13H19NO,205.0,72,62
1850,SWGDRUG 3.14,3-Ethylethcathinone,Cannabinoid,C13H19NO,205.0,72,59
1851,SWGDRUG 3.14,2-Ethylethcathinone,Cannabinoid,C13H19NO,205.0,72,65
1852,SWGDRUG 3.14,N-Ethylamphetamine,Stimulant,C11H17N,163.0,72,57
1853,SWGDRUG 3.14,N-Ethylcathinone,Stimulant,C11H15NO,177.0,72,48
1854,SWGDRUG 3.14,"N,N-Dipropyltryptamine",Hallucinogen,C16H24N2,244.0,114,71
1855,SWGDRUG 3.14,"N,N-Diisopropyltryptamine",Hallucinogen,C16H24N2,244.0,114,72
1856,SWGDRUG 3.14,Dimethyltryptamine,Hallucinogen,C12H16N2,188.0,58,60
1857,SWGDRUG 3.14,"2,4-Dimethylmethcathinone",Cannabinoid,C12H17NO,191.0,58,79
1858,SWGDRUG 3.14,"2,3-Dimethylmethcathinone",Cannabinoid,C12H17NO,191.0,58,67
1859,SWGDRUG 3.14,"N,N-Dimethylcathinone",Stimulant,C11H15NO,177.0,72,47
1860,SWGDRUG 3.14,DMAA,Precursor / Other,C7H17N,115.0,44,33
1861,SWGDRUG 3.14,2C-H,Precursor / Other,C10H15NO2,181.0,152,69
1862,SWGDRUG 3.14,2C-P,Precursor / Other,C13H21NO2,223.0,194,130
1863,SWGDRUG 3.14,2C-T-7,Precursor / Other,C13H21NO2S,255.0,226,158
1864,SWGDRUG 3.14,DOM,Precursor / Other,C12H19NO2,209.0,44,98
1865,SWGDRUG 3.14,2C-I,Hallucinogen,C10H14INO2,307.0,278,112
1866,SWGDRUG 3.14,DOI,Precursor / Other,C11H16INO2,321.0,44,122
1867,SWGDRUG 3.14,2C-T-2,Precursor / Other,C12H19NO2S,241.0,212,112
1868,SWGDRUG 3.14,2C-E,Hallucinogen,C12H19NO2,209.0,180,80
1869,SWGDRUG 3.14,2C-C,Precursor / Other,C10H14ClNO2,215.0,186,150
1870,SWGDRUG 3.14,"2,5-Dimethoxyamphetamine",Stimulant,C11H17NO2,195.0,44,88
1871,SWGDRUG 3.14,Diethylpropion,Precursor / Other,C13H19NO,205.0,100,55
1872,SWGDRUG 3.14,Diazepam,Depressant,C16H13ClN2O,284.0,256,201
1873,SWGDRUG 3.14,Dextromethorphan,Precursor / Other,C18H25NO,271.0,59,194
1874,SWGDRUG 3.14,Desoxypipradrol,Precursor / Other,C18H21N,251.0,84,97
1875,SWGDRUG 3.14,"CP 47,497",Precursor / Other,C21H34O2,318.0,215,162
1876,SWGDRUG 3.14,AB-001,Precursor / Other,C24H31NO,349.0,214,106
1877,SWGDRUG 3.14,AB-PINACA,Precursor / Other,C18H26N4O2,330.0,215,109
1878,SWGDRUG 3.14,Acetylpsilocin,Hallucinogen,C14H18N2O2,246.0,58,73
1879,SWGDRUG 3.14,AKB48,Precursor / Other,C23H31N3O,365.0,215,202
1880,SWGDRUG 3.14,5-Fluoro-AKB48,Precursor / Other,C23H30FN3O,383.0,233,275
1881,SWGDRUG 3.14,Alprazolam,Depressant,C17H13ClN4,308.0,204,207
1882,SWGDRUG 3.14,AM679,Precursor / Other,C20H20INO,417.0,214,197
1883,SWGDRUG 3.14,AM2201,Precursor / Other,C24H22FNO,359.0,359,201
1884,SWGDRUG 3.14,Amobarbital,Precursor / Other,C11H18N2O3,226.0,156,97
1885,SWGDRUG 3.14,Amphetamine,Stimulant,C9H13N,135.0,44,50
1886,SWGDRUG 3.14,4-Anilino-N-phenethylpiperidine,Precursor / Other,C19H24N2,280.0,146,84
1887,SWGDRUG 3.14,4-APB,Precursor / Other,C11H13NO,175.0,44,85
1888,SWGDRUG 3.14,6-APB,Precursor / Other,C11H13NO,175.0,44,79
1889,SWGDRUG 3.14,5-APDB,Precursor / Other,C11H15NO,177.0,44,75
1890,SWGDRUG 3.14,6-APDB,Precursor / Other,C11H15NO,177.0,44,71
1891,SWGDRUG 3.14,1-Benzylpiperazine,Precursor / Other,C11H16N2,176.0,91,81
1892,SWGDRUG 3.14,Carisoprodol,Precursor / Other,C12H24N2O4,260.0,55,82
1893,SWGDRUG 3.14,Cathine,Precursor / Other,C9H13NO,151.0,44,48
1894,SWGDRUG 3.14,CB-13,Precursor / Other,C26H24O2,368.0,368,144
1895,SWGDRUG 3.14,"CP 47,497-C8 Homolog",Precursor / Other,C22H36O2,332.0,215,175
1896,SWGDRUG 3.14,Dimemebfe,Precursor / Other,C13H17NO2,219.0,58,80
1897,SWGDRUG 3.14,N-Ethyl-dimemebfe,Precursor / Other,C13H17NO2,219.0,58,81
1898,SWGDRUG 3.14,"3,4-Dimethoxyamphetamine",Stimulant,C11H17NO2,195.0,44,97
1899,SWGDRUG 3.14,"3,4-Dimethylmethcathinone",Cannabinoid,C12H17NO,191.0,58,64
1900,SWGDRUG 3.14,EAM2201,Precursor / Other,C26H26FNO,387.0,232,150
1901,SWGDRUG 3.14,Etaqualone,Precursor / Other,C17H16N2O,264.0,249,153
1902,SWGDRUG 3.14,4-Ethylmethcathinone,Cannabinoid,C12H17NO,191.0,58,49
1903,SWGDRUG 3.14,N-Ethylbuphedrone,Precursor / Other,C12H17NO,191.0,86,62
1904,SWGDRUG 3.14,Ethylone,Precursor / Other,C12H15NO3,221.0,72,57
1905,SWGDRUG 3.14,Ethylphenidate,Precursor / Other,C15H21NO2,247.0,84,82
1906,SWGDRUG 3.14,Fentanyl,Opioid,C22H28N2O,336.0,245,115
1907,SWGDRUG 3.14,Flunitrazepam,Precursor / Other,C16H12FN3O3,313.0,286,224
1908,SWGDRUG 3.14,3-Fluoroamphetamine,Stimulant,C9H12FN,153.0,44,70
1909,SWGDRUG 3.14,2-Fluoromethamphetamine,Stimulant,C10H14FN,167.0,58,82
1910,SWGDRUG 3.14,3-Fluoromethamphetamine,Stimulant,C10H14FN,167.0,58,87
1911,SWGDRUG 3.14,2-Fluoromethcathinone,Cannabinoid,C10H12FNO,181.0,58,83
1912,SWGDRUG 3.14,2-Fluoroethcathinone,Cannabinoid,C11H14FNO,195.0,72,79
1913,SWGDRUG 3.14,3-Fluoromethcathinone,Cannabinoid,C10H12FNO,181.0,58,66
1914,SWGDRUG 3.14,5-Fluoro-NNEI,Precursor / Other,C24H23FN2O,374.0,232,135
1915,SWGDRUG 3.14,UR-144 N-heptyl analog,Cannabinoid,C23H33NO,339.0,242,183
1916,SWGDRUG 3.14,JWH-018 N-(5-chloropentyl) analog,Cannabinoid,C24H22ClNO,375.0,127,142
1917,SWGDRUG 3.14,JWH-200,Cannabinoid,C25H24N2O2,384.0,100,100
1918,SWGDRUG 3.14,Lisdexamfetamine,Precursor / Other,C15H25N3O,263.0,84,75
1919,SWGDRUG 3.14,"3-4-Methylenedioxy-N,N-Dimethylamphetamine",Stimulant,C12H17NO2,207.0,72,64
1920,SWGDRUG 3.14,MDPBP,Precursor / Other,C15H19NO3,261.0,112,75
1921,SWGDRUG 3.14,4-Methoxy-N-ethylcathinone,Stimulant,C12H17NO2,207.0,72,58
1922,SWGDRUG 3.14,5-Methoxy-.alpha.-methyltryptamine,Hallucinogen,C12H16N2O,204.0,161,93
1923,SWGDRUG 3.14,"5-Methoxy-N,N-methylisopropyltryptamine",Hallucinogen,C15H22N2O,246.0,86,94
1924,SWGDRUG 3.14,4-Methoxymethamphetamine,Stimulant,C11H17NO,179.0,58,66
1925,SWGDRUG 3.14,1-(3-Methoxyphenyl)piperazine,Precursor / Other,C11H16N2O,192.0,150,87
1926,SWGDRUG 3.14,MePPP,Precursor / Other,C14H19NO,217.0,98,53
1927,SWGDRUG 3.14,4-Methylamphetamine,Stimulant,C10H15N,149.0,44,61
1928,SWGDRUG 3.14,"4,5-MDAI",Stimulant,C10H11NO2,177.0,177,111
1929,SWGDRUG 3.14,"3,4-Methylenedioxyamphetamine",Stimulant,C10H13NO2,179.0,44,56
1930,SWGDRUG 3.14,"3,4-Methylenedioxycathinone",Stimulant,C10H11NO3,193.0,44,46
1931,SWGDRUG 3.14,"3,4-Methylenedioxymethamphetamine",Stimulant,C11H15NO2,193.0,58,69
1932,SWGDRUG 3.14,NNEI,Precursor / Other,C24H24N2O,356.0,214,110
1933,SWGDRUG 3.14,4'-Methyl-.alpha.-pyrrolidinobutiophenone,Precursor / Other,C15H21NO,231.0,112,71
1934,SWGDRUG 3.14,25B-NBOMe,Hallucinogen,C18H22BrNO3,379.0,121,107
1935,SWGDRUG 3.14,25C-NBOMe,Hallucinogen,C18H22ClNO3,335.0,121,109
1936,SWGDRUG 3.14,25D-NBOMe,Hallucinogen,C19H25NO3,315.0,121,83
1937,SWGDRUG 3.14,25E-NBOMe,Hallucinogen,C20H27NO3,329.0,121,110
1938,SWGDRUG 3.14,25H-NBOMe,Hallucinogen,C18H23NO3,301.0,121,67
1939,SWGDRUG 3.14,25I-NBOMe,Hallucinogen,C18H22INO3,427.0,121,98
1940,SWGDRUG 3.14,Oxycodone,Opioid,C18H21NO4,315.0,315,216
1941,SWGDRUG 3.14,.alpha.-PBP,Precursor / Other,C14H19NO,217.0,112,61
1942,SWGDRUG 3.14,.alpha.-PVP,Precursor / Other,C15H21NO,231.0,126,84
1943,SWGDRUG 3.14,Sertraline,Precursor / Other,C17H17Cl2N,305.0,274,237
1944,SWGDRUG 3.14,STS-135,Precursor / Other,C24H31FN2O,382.0,232,211
1945,SWGDRUG 3.14,Testosterone,Anabolic Steroid,C19H28O2,288.0,124,212
1946,SWGDRUG 3.14,Testosterone Cypionate,Anabolic Steroid,C27H40O3,412.0,124,235
1947,SWGDRUG 3.14,Testosterone Decanoate,Anabolic Steroid,C29H46O3,442.0,124,225
1948,SWGDRUG 3.14,Testosterone Enanthate,Anabolic Steroid,C26H40O3,400.0,124,271
1949,SWGDRUG 3.14,Testosterone Isocaproate,Anabolic Steroid,C25H38O3,386.0,124,213
1950,SWGDRUG 3.14,Testosterone Phenylpropionate,Anabolic Steroid,C28H36O3,420.0,105,181
1951,SWGDRUG 3.14,5-Chloro-UR-144,Cannabinoid,C21H28ClNO,345.0,248,205
1952,SWGDRUG 3.14,XLR11,Cannabinoid,C21H28FNO,329.0,232,173
1953,SWGDRUG 3.14,1'-Naphthoyl Indole,Precursor / Other,C19H13NO,271.0,144,139
1954,SWGDRUG 3.14,AM1248,Precursor / Other,C26H34N2O,390.0,98,87
1955,SWGDRUG 3.14,4-AcO-DIPT,Precursor / Other,C18H26N2O2,302.0,114,82
1956,SWGDRUG 3.14,4-AcO-DPT,Precursor / Other,C18H26N2O2,302.0,114,89
1957,SWGDRUG 3.14,4-Methoxy-DMT,Hallucinogen,C13H18N2O,218.0,58,86
1958,SWGDRUG 3.14,"2,5-Dimethylmethcathinone",Cannabinoid,C12H17NO,191.0,58,68
1959,SWGDRUG 3.14,Etaqualone 4-ethylphenyl analog,Precursor / Other,C17H16N2O,264.0,264,148
1960,SWGDRUG 3.14,Etaqualone 3-ethylphenyl analog,Precursor / Other,C17H16N2O,264.0,264,150
1961,SWGDRUG 3.14,4-Chloroamphetamine,Stimulant,C9H12ClN,169.0,44,63
1962,SWGDRUG 3.14,Mepirapim,Precursor / Other,C19H27N3O,313.0,214,154
1963,SWGDRUG 3.14,Exemestane,Precursor / Other,C20H24O2,296.0,148,216
1964,SWGDRUG 3.14,Allylescaline,Precursor / Other,C13H19NO3,237.0,167,102
1965,SWGDRUG 3.14,Methiopropamine,Precursor / Other,C8H13NS,155.0,58,71
1966,SWGDRUG 3.14,PB-22 butylester analogue,Cannabinoid,C18H25NO2,287.0,214,102
1967,SWGDRUG 3.14,PB-22 ethylester analogue,Cannabinoid,C16H21NO2,259.0,259,108
1968,SWGDRUG 3.14,N-(1-methylethyl)-1-(thiophen-3-yl)propan-2-amine,Precursor / Other,C10H17NS,183.0,86,87
1969,SWGDRUG 3.14,AM6527,Precursor / Other,C24H24N2O,356.0,214,94
1970,SWGDRUG 3.14,"Methyl-(3,4-dichlorophenyl)acetate",Precursor / Other,C9H8Cl2O2,218.0,159,115
1971,SWGDRUG 3.14,NNDEPITMA,Precursor / Other,C21H29N3S,355.0,284,154
1972,SWGDRUG 3.14,4-Methyl-N-ethylnorpentedrone,Precursor / Other,C14H21NO,219.0,100,83
1973,SWGDRUG 3.14,Homoamphetamine,Stimulant,C10H15N,149.0,44,67
1974,SWGDRUG 3.14,APAAN,Precursor / Other,C10H9NO,159.0,117,68
1975,SWGDRUG 3.14,PB-22 indazole ethylester analogue,Cannabinoid,C15H20N2O2,260.0,203,123
1976,SWGDRUG 3.14,PB-22 indazole methylester analogue,Cannabinoid,C14H18N2O2,246.0,189,81
1977,SWGDRUG 3.14,BB-22 ethylester analogue,Precursor / Other,C18H23NO2,285.0,285,103
1978,SWGDRUG 3.14,BB-22 pentafluorpropil analogue,Precursor / Other,C19H20F5NO2,389.0,306,193
1979,SWGDRUG 3.14,PB-22 pentafluorpropyl analogue,Cannabinoid,C17H18F5NO2,363.0,306,133
1980,SWGDRUG 3.14,PB-22 methylester analogue,Cannabinoid,C15H19NO2,245.0,188,118
1981,SWGDRUG 3.14,5F-PB-22 indazole methylester analogue,Cannabinoid,C14H17FN2O2,264.0,189,125
1982,SWGDRUG 3.14,5F-PB-22 indazole ethylester analogue,Cannabinoid,C15H19FN2O2,278.0,203,115
1983,SWGDRUG 3.14,5F-PB-22 ethylester analogue,Cannabinoid,C16H20FNO2,277.0,277,171
1984,SWGDRUG 3.14,5F-PB-22 butylester analogue,Cannabinoid,C18H24FNO2,305.0,249,144
1985,SWGDRUG 3.14,5F-PB-22 indazole analogue,Cannabinoid,C22H20FN3O2,377.0,233,132
1986,SWGDRUG 3.14,5F-PB-22 pentafluorpropil analogue,Cannabinoid,C17H17F6NO2,381.0,306,152
1987,SWGDRUG 3.14,5F-PB-22 methylester analogue,Cannabinoid,C15H18FNO2,263.0,188,146
1988,SWGDRUG 3.14,4-Chloromethamphetamine,Stimulant,C10H14ClN,183.0,58,98
1989,SWGDRUG 3.14,"1,2-dimethyl-1,2-dihydro-3H-indol-3-one",Precursor / Other,C10H11NO,161.0,161,84
1990,SWGDRUG 3.14,NMENMEPITMA,Precursor / Other,C23H33N3OS,399.0,283,196
1991,SWGDRUG 3.14,AL-NBF-imine,Precursor / Other,C20H22FNO3,343.0,167,146
1992,SWGDRUG 3.14,AL-NBF,Precursor / Other,C20H24FNO3,345.0,109,106
1993,SWGDRUG 3.14,5F-AMBICA,Cannabinoid,C19H26FN3O2,347.0,232,144
1994,SWGDRUG 3.14,4-M-4-MAR,Precursor / Other,C11H14N2O,190.0,70,96
1995,SWGDRUG 3.14,4-Ethylephedrine,Stimulant,C12H19NO,193.0,58,73
1996,SWGDRUG 3.14,4-EMA,Precursor / Other,C12H19N,177.0,58,73
1997,SWGDRUG 3.14,4-DOC-N-methylimine,Precursor / Other,C12H16ClNO2,241.0,56,160
1998,SWGDRUG 3.14,3-Thienoamphetamine,Stimulant,C7H11NS,141.0,44,77
1999,SWGDRUG 3.14,3-Methylephedrine,Stimulant,C11H17NO,179.0,58,73
2000,SWGDRUG 3.14,25T2-NB4OMe-imine,Precursor / Other,C20H25NO3S,359.0,211,200
2001,SWGDRUG 3.14,25T2-NB4OMe,Precursor / Other,C20H27NO3S,361.0,121,131
2002,SWGDRUG 3.14,25I-NBF-imine,Precursor / Other,C17H17FINO2,413.0,136,236
2003,SWGDRUG 3.14,25I-NB-3-F,Precursor / Other,C17H19FINO2,415.0,109,149
2004,SWGDRUG 3.14,25I-NB-3-F-imine,Precursor / Other,C17H17FINO2,413.0,136,220
2005,SWGDRUG 3.14,25E-NBF,Precursor / Other,C19H24FNO2,317.0,109,129
2006,SWGDRUG 3.14,25E-NBF-imine,Precursor / Other,C19H22FNO2,315.0,179,169
2007,SWGDRUG 3.14,25E-NB-3-F-imine,Precursor / Other,C19H22FNO2,315.0,179,164
2008,SWGDRUG 3.14,25E-NB-3-F,Precursor / Other,C19H24FNO2,317.0,109,121
2009,SWGDRUG 3.14,25D-NB4OMe,Precursor / Other,C19H25NO3,315.0,121,82
2010,SWGDRUG 3.14,25D-NB4OMe-imine,Precursor / Other,C19H23NO3,313.0,121,138
2011,SWGDRUG 3.14,25C-NB4OMe-imine,Precursor / Other,C18H20ClNO3,333.0,148,177
2012,SWGDRUG 3.14,25B-NB4OMe,Precursor / Other,C18H22BrNO3,379.0,121,101
2013,SWGDRUG 3.14,25B-NB4OMe-imine,Precursor / Other,C18H20BrNO3,377.0,121,226
2014,SWGDRUG 3.14,RH-34 imine analogue,Precursor / Other,C18H17N3O3,323.0,119,80
2015,SWGDRUG 3.14,N-Ethylnorpentedrone Acetyl derivative,Precursor / Other,C15H21NO2,247.0,100,84
2016,SWGDRUG 3.14,bk-MPA Acetyl derivative,Precursor / Other,C10H13NO2S,211.0,58,74
2017,SWGDRUG 3.14,Allylescaline Acetyl derivative,Precursor / Other,C15H21NO4,279.0,179,127
2018,SWGDRUG 3.14,AL-NBF Acetyl derivative,Precursor / Other,C22H26FNO4,387.0,180,150
2019,SWGDRUG 3.14,6-APB Acetyl derivative,Precursor / Other,C13H15NO2,217.0,158,92
2020,SWGDRUG 3.14,5-APDB Acetyl derivative,Precursor / Other,C13H17NO2,219.0,160,95
2021,SWGDRUG 3.14,4-EMC Acetyl derivative,Precursor / Other,C14H19NO2,233.0,58,72
2022,SWGDRUG 3.14,4-EMA Acetyl derivative,Precursor / Other,C14H21NO,219.0,58,82
2023,SWGDRUG 3.14,4-Chloromethamphetamine Acetyl derivative,Stimulant,C12H16ClNO,225.0,58,111
2024,SWGDRUG 3.14,4-Chloroamphetamine Acetyl derivative,Stimulant,C11H14ClNO,211.0,44,102
2025,SWGDRUG 3.14,4-Benzylpiperidine Acetyl derivative,Precursor / Other,C14H19NO,217.0,217,134
2026,SWGDRUG 3.14,4-Benzylpiperidine,Precursor / Other,C12H17N,175.0,175,95
2027,SWGDRUG 3.14,4-APB Acetyl derivative,Precursor / Other,C13H15NO2,217.0,158,36
2028,SWGDRUG 3.14,3-Thienoamphetamine Acetyl derivative,Stimulant,C9H13NOS,183.0,44,88
2029,SWGDRUG 3.14,3-MPA Acetyl derivative,Precursor / Other,C10H15NOS,197.0,58,89
2030,SWGDRUG 3.14,Homoamphetamine Acetyl derivative,Stimulant,C12H17NO,191.0,87,87
2031,SWGDRUG 3.14,25I-NBF Acetyl derivative,Precursor / Other,C19H21FINO3,457.0,290,170
2032,SWGDRUG 3.14,25T2-NB4OMe Acetyl derivative,Precursor / Other,C22H29NO4S,403.0,224,177
2033,SWGDRUG 3.14,25I-NB-3-F Acetyl derivative,Precursor / Other,C19H21FINO3,457.0,290,187
2034,SWGDRUG 3.14,25E-NB-3-F Acetyl derivative,Precursor / Other,C21H26FNO3,359.0,192,121
2035,SWGDRUG 3.14,25D-NB4OMe Acetyl derivative,Precursor / Other,C21H27NO4,357.0,121,102
2036,SWGDRUG 3.14,25C-NBOMe Acetyl derivative,Hallucinogen,C20H24ClNO4,377.0,121,144
2037,SWGDRUG 3.14,25C-NB4OMe Acetyl derivative,Precursor / Other,C20H24ClNO4,377.0,121,134
2038,SWGDRUG 3.14,25B-NBOMe Acetyl derivative,Hallucinogen,C20H24BrNO4,421.0,121,147
2039,SWGDRUG 3.14,25B-NB4OMe Acetyl derivative,Precursor / Other,C20H24BrNO4,421.0,121,165
2040,SWGDRUG 3.14,2-MPA Acetyl derivative,Precursor / Other,C10H15NOS,197.0,58,89
2041,SWGDRUG 3.14,2-FMC Acetyl derivative,Precursor / Other,C12H14FNO2,223.0,58,98
2042,SWGDRUG 3.14,2-Chloroamphetamine Acetyl derivative,Stimulant,C11H14ClNO,211.0,44,102
2043,SWGDRUG 3.14,"3,4-CTMP Acetyl derivative",Precursor / Other,C16H19Cl2NO3,343.0,84,169
2044,SWGDRUG 3.14,N-Ethylnorpentedrone TFA derivative,Precursor / Other,C15H18F3NO2,301.0,196,109
2045,SWGDRUG 3.14,bk-MPA TFA derivative,Precursor / Other,C10H10F3NO2S,265.0,154,92
2046,SWGDRUG 3.14,5-APDB TFA derivative,Precursor / Other,C13H14F3NO2,273.0,133,96
2047,SWGDRUG 3.14,4-EMC TFA derivative,Precursor / Other,C14H16F3NO2,287.0,133,72
2048,SWGDRUG 3.14,4-EMA TFA derivative,Precursor / Other,C14H18F3NO,273.0,154,92
2049,SWGDRUG 3.14,4-Chloromethamphetamine TFA derivative,Stimulant,C12H13ClF3NO,279.0,154,100
2050,SWGDRUG 3.14,4-Chloroamphetamine TFA derivative,Stimulant,C11H11ClF3NO,265.0,140,110
2051,SWGDRUG 3.14,4-Benzylpiperidine TFA derivative,Precursor / Other,C14H16F3NO,271.0,91,157
2052,SWGDRUG 3.14,3-Thienoamphetamine TFA derivative,Stimulant,C9H10F3NOS,237.0,124,108
2053,SWGDRUG 3.14,3-MPA TFA derivative,Precursor / Other,C10H12F3NOS,251.0,154,97
2054,SWGDRUG 3.14,"3,4-CTMP TFA derivative",Precursor / Other,C16H16Cl2F3NO3,397.0,180,148
2055,SWGDRUG 3.14,25T2-NB4OMe TFA derivative,Precursor / Other,C22H26F3NO4S,457.0,211,194
2056,SWGDRUG 3.14,25I-NBF TFA derivative,Precursor / Other,C19H18F4INO3,511.0,109,202
2057,SWGDRUG 3.14,25D-NB4OMe TFA derivative,Precursor / Other,C21H24F3NO4,411.0,178,132
2058,SWGDRUG 3.14,25C-NB4OMe TFA derivative,Precursor / Other,C20H21ClF3NO4,431.0,121,168
2059,SWGDRUG 3.14,25B-NB4OMe TFA derivative,Precursor / Other,C20H21BrF3NO4,475.0,121,174
2060,SWGDRUG 3.14,2-FMC TFA derivative,Precursor / Other,C12H11F4NO2,277.0,154,95
2061,SWGDRUG 3.14,25I-NB-3-F TFA derivative,Precursor / Other,C19H18F4INO3,511.0,290,217
2062,SWGDRUG 3.14,2-MPA TFA derivative,Precursor / Other,C10H12F3NOS,251.0,154,96
2063,SWGDRUG 3.14,25E-NB-3-F TFA derivative,Precursor / Other,C21H23F4NO3,413.0,192,156
2064,SWGDRUG 3.14,2-Chloroamphetamine TFA derivative,Stimulant,C11H11ClF3NO,265.0,140,103
2065,SWGDRUG 3.14,AL-NBF HFBA derivative,Precursor / Other,C24H23F8NO4,541.0,180,164
2066,SWGDRUG 3.14,25T2-NB4OMe HFBA derivative,Precursor / Other,C24H26F7NO4S,557.0,211,259
2067,SWGDRUG 3.14,25D-NB4OMe HFBA derivative,Precursor / Other,C23H24F7NO4,511.0,178,136
2068,SWGDRUG 3.14,25C-NB4OMe HFBA derivative,Precursor / Other,C22H21ClF7NO4,531.0,121,170
2069,SWGDRUG 3.14,25B-NB4OMe HFBA derivative,Precursor / Other,C22H21BrF7NO4,575.0,121,165
2070,SWGDRUG 3.14,"3,4-CTMP HFBA derivative",Precursor / Other,C18H16Cl2F7NO3,497.0,280,170
2071,SWGDRUG 3.14,4-Chloromethamphetamine HFBA derivative,Stimulant,C14H13ClF7NO,379.0,254,102
2072,SWGDRUG 3.14,25I-NBF HFBA derivative,Precursor / Other,C21H18F8INO3,611.0,109,217
2073,SWGDRUG 3.14,25I-NB-3-F HFBA derivative,Precursor / Other,C21H18F8INO3,611.0,290,239
2074,SWGDRUG 3.14,25E-NB-3-F HFBA derivative,Precursor / Other,C23H23F8NO3,513.0,192,164
2075,SWGDRUG 3.14,2-Chloroamphetamine HFBA derivative,Stimulant,C13H11ClF7NO,365.0,240,106
2076,SWGDRUG 3.14,4-Chloroamphetamine HFBA derivative,Stimulant,C13H11ClF7NO,365.0,240,107
2077,SWGDRUG 3.14,"3,4 Methylenedioxyphenyl-2-propanone",Precursor / Other,C10H10O3,178.0,135,56
2078,SWGDRUG 3.14,N-Propylamphetamine,Stimulant,C12H19N,177.0,86,59
2079,SWGDRUG 3.14,MMB018,Precursor / Other,C20H28N2O3,344.0,214,168
2080,SWGDRUG 3.14,25T7-NBOMe,Hallucinogen,C21H29NO3S,375.0,121,188
2081,SWGDRUG 3.14,5-Chloro-NNEI,Precursor / Other,C24H23ClN2O,390.0,248,225
2082,SWGDRUG 3.14,.alpha.-Pyrrolidinohexanophenone,Precursor / Other,C16H23NO,245.0,140,90
2083,SWGDRUG 3.14,5-Fluoro-PB-22 7-hydroxyquinoline isomer,Cannabinoid,C23H21FN2O2,376.0,232,97
2084,SWGDRUG 3.14,5-Fluoro-PB-22 6-hydroxyquinoline isomer,Cannabinoid,C23H21FN2O2,376.0,232,81
2085,SWGDRUG 3.14,5-Fluoro-PB-22 5-hydroxyquinoline isomer,Cannabinoid,C23H21FN2O2,376.0,232,82
2086,SWGDRUG 3.14,5-Fluoro-PB-22 4-hydroxyquinoline isomer,Cannabinoid,C23H21FN2O2,376.0,232,91
2087,SWGDRUG 3.14,5-Fluoro-PB-22 3-hydroxyquinoline isomer,Cannabinoid,C23H21FN2O2,376.0,232,89
2088,SWGDRUG 3.14,5-Fluoro-PB-22 8-hydroxyisoquinoline isomer,Cannabinoid,C23H21FN2O2,376.0,232,88
2089,SWGDRUG 3.14,5-Fluoro-PB-22 7-hydroxyisoquinoline isomer,Cannabinoid,C23H21FN2O2,376.0,232,85
2090,SWGDRUG 3.14,5-Fluoro-PB-22 6-hydroxyisoquinoline isomer,Cannabinoid,C23H21FN2O2,376.0,232,88
2091,SWGDRUG 3.14,5-Fluoro-PB-22 5-hydroxyisoquinoline isomer,Cannabinoid,C23H21FN2O2,376.0,232,78
2092,SWGDRUG 3.14,Desomorphine,Opioid,C17H21NO2,271.0,271,194
2093,SWGDRUG 3.14,Bufotenine,Precursor / Other,C12H16N2O,204.0,58,67
2094,SWGDRUG 3.14,PTI-2,Precursor / Other,C23H33N3OS,399.0,283,232
2095,SWGDRUG 3.14,PTI-1,Precursor / Other,C21H29N3S,355.0,284,179
2096,SWGDRUG 3.14,PX 2,Precursor / Other,C22H25FN4O2,396.0,233,268
2097,SWGDRUG 3.14,M-144,Precursor / Other,C22H30FNO,343.0,246,268
2098,SWGDRUG 3.14,3-Iodoamphetamine,Stimulant,C9H12IN,261.0,44,71
2099,SWGDRUG 3.14,2-Iodoamphetamine,Stimulant,C9H12IN,261.0,44,74
2100,SWGDRUG 3.14,4-Iodoamphetamine,Stimulant,C9H12IN,261.0,44,97
2101,SWGDRUG 3.14,4-Methoxy-PV9,Precursor / Other,C19H29NO2,303.0,168,81
2102,SWGDRUG 3.14,7-APDB,Precursor / Other,C11H15NO,177.0,44,93
2103,SWGDRUG 3.14,SDB-006 N-phenyl analog,Precursor / Other,C20H22N2O,306.0,214,197
2104,SWGDRUG 3.14,SDB-005,Precursor / Other,C23H22N2O2,358.0,215,86
2105,SWGDRUG 3.14,25C-NBF,Precursor / Other,C17H19ClFNO2,323.0,109,134
2106,SWGDRUG 3.14,MMB2201,Precursor / Other,C20H27FN2O3,362.0,232,156
2107,SWGDRUG 3.14,O-3-Monoacetylmorphine,Opioid,C19H21NO4,327.0,285,230
2108,SWGDRUG 3.14,O-6-Monoacetylmorphine,Opioid,C19H21NO4,327.0,268,233
2109,SWGDRUG 3.14,MDMB-CHMINACA,Precursor / Other,C22H31N3O3,385.0,241,267
2110,SWGDRUG 3.14,N-Desmethylloperamide,Precursor / Other,C28H31ClN2O2,462.0,238,346
2111,SWGDRUG 3.14,N-Ethylpentylone,Precursor / Other,C14H19NO3,249.0,100,88
2112,SWGDRUG 3.14,Diphenidine,Precursor / Other,C19H23N,265.0,174,90
2113,SWGDRUG 3.14,Lefetamine,Precursor / Other,C16H19N,225.0,134,79
2114,SWGDRUG 3.14,3-CAF,Precursor / Other,C24H15FN2O2,382.0,239,117
2115,SWGDRUG 3.14,Clephedrone,Precursor / Other,C10H12ClNO,197.0,58,73
2116,SWGDRUG 3.14,25T4-NBOMe,Hallucinogen,C21H29NO3S,375.0,121,158
2117,SWGDRUG 3.14,MA-CHMINACA,Precursor / Other,C21H29N3O3,371.0,241,157
2118,SWGDRUG 3.14,Asenapine,Precursor / Other,C17H16ClNO,285.0,57,221
2119,SWGDRUG 3.14,Methoxphenidine,Precursor / Other,C20H25NO,295.0,204,149
2120,SWGDRUG 3.14,MCHB-1,Precursor / Other,C28H37N3O2,447.0,375,309
2121,SWGDRUG 3.14,Mescaline NBOMe,Hallucinogen,C19H25NO4,331.0,121,123
2122,SWGDRUG 3.14,ADB-PINACA isomer 4,Precursor / Other,C19H28N4O2,344.0,215,146
2123,SWGDRUG 3.14,JWH-200 analog 1,Cannabinoid,C22H30N2O2,354.0,100,127
2124,SWGDRUG 3.14,"(1H-Indol-3-yl)(2,2,3,3-tetramethylcyclopropyl)methanone",Precursor / Other,C16H19NO,241.0,144,141
2125,SWGDRUG 3.14,AB-FUBINACA isomer 5,Precursor / Other,C20H21FN4O2,368.0,109,153
2126,SWGDRUG 3.14,AB-PINACA N-(3-fluoropentyl) isomer,Precursor / Other,C18H25FN4O2,348.0,233,169
2127,SWGDRUG 3.14,JWH-019 N-(3-fluorohexyl) isomer,Cannabinoid,C25H24FNO,373.0,127,287
2128,SWGDRUG 3.14,Tetrahydrocannabivarin,Precursor / Other,C19H26O2,286.0,271,198
2129,SWGDRUG 3.14,2-Methylamino-1-phenylbutane,Precursor / Other,C11H17N,163.0,72,57
2130,SWGDRUG 3.14,"3,4-EDMA",Precursor / Other,C12H17NO2,207.0,58,88
2131,SWGDRUG 3.14,Yangonin,Precursor / Other,C15H14O4,258.0,258,175
2132,SWGDRUG 3.14,FAB-144,Precursor / Other,C20H27FN2O,330.0,233,254
2133,SWGDRUG 3.14,25I-NB3OMe,Precursor / Other,C18H22INO3,427.0,121,128
2134,SWGDRUG 3.14,Ethyl Phenylacetate,Precursor / Other,C10H12O2,164.0,91,42
2135,SWGDRUG 3.14,5-Chloro-PB-22,Cannabinoid,C23H21ClN2O2,392.0,248,100
2136,SWGDRUG 3.14,4-Methylaminoantipyrine,Precursor / Other,C12H15N3O,217.0,56,36
2137,SWGDRUG 3.14,"Androsta-3,5-diene-7,17-dione",Precursor / Other,C19H24O2,284.0,161,222
2138,SWGDRUG 3.14,O-Desmethyltramadol,Opioid,C15H23NO2,249.0,58,78
2139,SWGDRUG 3.14,PV9,Precursor / Other,C18H27NO,273.0,168,101
2140,SWGDRUG 3.14,1-Phenyl-2-(piperidin-1-yl)butan-1-one,Precursor / Other,C15H21NO,231.0,126,45
2141,SWGDRUG 3.14,ADB-CHMINACA,Precursor / Other,C21H30N4O2,370.0,241,186
2142,SWGDRUG 3.14,2-APB,Precursor / Other,C11H13NO,175.0,44,74
2143,SWGDRUG 3.14,6-Bromo-MDMA,Stimulant,C11H14BrNO2,271.0,58,111
2144,SWGDRUG 3.14,4-AcO-DALT,Precursor / Other,C18H22N2O2,298.0,110,100
2145,SWGDRUG 3.14,2-MAPB,Precursor / Other,C12H15NO,189.0,58,80
2146,SWGDRUG 3.14,4-Fluoro-PV8,Precursor / Other,C17H24FNO,277.0,154,75
2147,SWGDRUG 3.14,4-Fluoro-PV9,Precursor / Other,C18H26FNO,291.0,168,67
2148,SWGDRUG 3.14,5-MeO-MALT,Precursor / Other,C15H20N2O,244.0,84,83
2149,SWGDRUG 3.14,Dipentylone,Precursor / Other,C14H19NO3,249.0,100,99
2150,SWGDRUG 3.14,PB-22 indazole analogue,Cannabinoid,C22H21N3O2,359.0,215,90
2151,SWGDRUG 3.14,Coluracetam,Precursor / Other,C19H23N3O3,341.0,215,183
2152,SWGDRUG 3.14,Sunifiram,Precursor / Other,C14H18N2O2,246.0,105,133
2153,SWGDRUG 3.14,N-Ethylnorpentedrone,Precursor / Other,C13H19NO,205.0,100,66
2154,SWGDRUG 3.14,4-Fluoropentedrone,Precursor / Other,C12H16FNO,209.0,86,74
2155,SWGDRUG 3.14,MTA,Precursor / Other,C12H15NO,189.0,130,79
2156,SWGDRUG 3.14,3-(p-Methoxybenzoyl)-N-methylindole,Precursor / Other,C17H15NO2,265.0,158,98
2157,SWGDRUG 3.14,AM694 chloro derivative,Precursor / Other,C20H19ClINO,451.0,248,142
2158,SWGDRUG 3.14,4-HTMPIPO,Precursor / Other,C21H31NO2,329.0,296,164
2159,SWGDRUG 3.14,NPDPA,Precursor / Other,C17H21N,239.0,148,56
2160,SWGDRUG 3.14,MDMB-CHMICA,Precursor / Other,C23H32N2O3,384.0,240,128
2161,SWGDRUG 3.14,ADB-CHMICA,Precursor / Other,C22H31N3O2,369.0,240,145
2162,SWGDRUG 3.14,CUMYL-PICA,Precursor / Other,C23H28N2O,348.0,214,160
2163,SWGDRUG 3.14,CUMYL-BICA,Precursor / Other,C22H26N2O,334.0,200,128
2164,SWGDRUG 3.14,URB597,Precursor / Other,C20H22N2O3,338.0,213,50
2165,SWGDRUG 3.14,.alpha.-PVT,Precursor / Other,C13H19NOS,237.0,126,65
2166,SWGDRUG 3.14,Oxandrolone,Anabolic Steroid,C19H30O3,306.0,71,223
2167,SWGDRUG 3.14,25I-NB4OMe,Precursor / Other,C18H22INO3,427.0,121,98
2168,SWGDRUG 3.14,25C-NB4OMe,Precursor / Other,C18H22ClNO3,335.0,121,113
2169,SWGDRUG 3.14,25C-NB3OMe,Precursor / Other,C18H22ClNO3,335.0,121,117
2170,SWGDRUG 3.14,MT-45,Precursor / Other,C24H32N2,348.0,257,137
2171,SWGDRUG 3.14,Methedrone,Precursor / Other,C11H15NO2,193.0,58,68
2172,SWGDRUG 3.14,Methandriol,Precursor / Other,C20H32O2,304.0,253,192
2173,SWGDRUG 3.14,Lorcaserin,Precursor / Other,C11H14ClN,195.0,115,134
2174,SWGDRUG 3.14,Ibogaine,Precursor / Other,C20H26N2O,310.0,136,217
2175,SWGDRUG 3.14,4-Hydroxy-MIPT,Precursor / Other,C14H20N2O,232.0,86,99
2176,SWGDRUG 3.14,"4-Hydroxy-N,N-diisopropyltryptamine",Hallucinogen,C16H24N2O,260.0,114,89
2177,SWGDRUG 3.14,FUB-144,Precursor / Other,C23H24FNO,349.0,109,188
2178,SWGDRUG 3.14,Flurazepam,Precursor / Other,C21H23ClFN3O,387.0,86,136
2179,SWGDRUG 3.14,Fluoxymesterone,Precursor / Other,C20H29FO3,336.0,43,254
2180,SWGDRUG 3.14,5-Fluoro-THJ,Precursor / Other,C22H21FN4O,376.0,233,218
2181,SWGDRUG 3.14,5-Fluoro-SDB-006,Precursor / Other,C21H23FN2O,338.0,232,211
2182,SWGDRUG 3.14,5-Fluoro-SDB-005,Precursor / Other,C23H21FN2O2,376.0,233,149
2183,SWGDRUG 3.14,5-Fluoro-NPB-22,Cannabinoid,C22H20FN3O2,377.0,233,169
2184,SWGDRUG 3.14,5-Fluoro-AMB,Precursor / Other,C19H26FN3O3,363.0,233,163
2185,SWGDRUG 3.14,5-Fluoro-ADBICA,Precursor / Other,C20H28FN3O2,361.0,232,165
2186,SWGDRUG 3.14,5-Fluoro-ABICA,Precursor / Other,C19H26FN3O2,347.0,232,129
2187,SWGDRUG 3.14,EG-018,Precursor / Other,C28H25NO,391.0,334,203
2188,SWGDRUG 3.14,Butalbital,Depressant,C11H16N2O3,224.0,168,107
2189,SWGDRUG 3.14,Brephedrone,Precursor / Other,C10H12BrNO,241.0,58,81
2190,SWGDRUG 3.14,3-Bromomethcathinone,Cannabinoid,C10H12BrNO,241.0,58,71
2191,SWGDRUG 3.14,Boldenone Undecylenate,Anabolic Steroid,C30H44O3,452.0,122,170
2192,SWGDRUG 3.14,Boldenone Acetate,Anabolic Steroid,C21H28O3,328.0,122,167
2193,SWGDRUG 3.14,AMB,Precursor / Other,C19H27N3O3,345.0,215,120
2194,SWGDRUG 3.14,AM2201 benzimidazole analog,Precursor / Other,C23H21FN2O,360.0,271,220
2195,SWGDRUG 3.14,AB-CHMINACA,Precursor / Other,C20H28N4O2,356.0,241,185
2196,SWGDRUG 3.14,Metaxalone,Precursor / Other,C12H15NO3,221.0,122,99
2197,SWGDRUG 3.14,CUMYL-THPINACA,Precursor / Other,C23H27N3O2,377.0,243,197
2198,SWGDRUG 3.14,CUMYL-PINACA,Precursor / Other,C22H27N3O,349.0,215,146
2199,SWGDRUG 3.14,3-Chloromethcathinone,Cannabinoid,C10H12ClNO,197.0,58,84
2200,SWGDRUG 3.14,"2,3-Ethylone",Precursor / Other,C12H15NO3,221.0,72,74
2201,SWGDRUG 3.14,"3-Desoxy-3,4-Methylenedioxypyrovalerone",Stimulant,C17H23NO2,273.0,126,82
2202,SWGDRUG 3.14,5-Fluoro-ADB,Precursor / Other,C20H28FN3O3,377.0,233,178
2203,SWGDRUG 3.14,5-Methoxy-methylone,Precursor / Other,C12H15NO4,237.0,58,106
2204,SWGDRUG 3.14,4'-Methyl acetyl fentanyl,Opioid,C22H28N2O,336.0,231,136
2205,SWGDRUG 3.14,Flubromazolam,Precursor / Other,C17H12BrFN4,370.0,222,288
2206,SWGDRUG 3.14,FDU-NNEI,Precursor / Other,C26H19FN2O,394.0,109,105
2207,SWGDRUG 3.14,7-MAPB,Precursor / Other,C12H15NO,189.0,58,59
2208,SWGDRUG 3.14,para-Methyl-4-methylaminorex,Precursor / Other,C11H14N2O,190.0,70,94
2209,SWGDRUG 3.14,"3,4-Dimethoxymethcathinone",Cannabinoid,C12H17NO3,223.0,58,72
2210,SWGDRUG 3.14,Hexedrone,Precursor / Other,C13H19NO,205.0,100,90
2211,SWGDRUG 3.14,5-Methoxy-DPT,Precursor / Other,C17H26N2O,274.0,114,84
2212,SWGDRUG 3.14,"3,4-Dimethoxy-.alpha.-Pyrrolidinohexanophenone",Precursor / Other,C18H27NO3,305.0,140,150
2213,SWGDRUG 3.14,.alpha.-Propylaminopentiophenone,Precursor / Other,C14H21NO,219.0,114,78
2214,SWGDRUG 3.14,.alpha.-Dimethylaminopentiophenone,Precursor / Other,C13H19NO,205.0,100,71
2215,SWGDRUG 3.14,4-Fluoro-PV8 piperidine analog,Precursor / Other,C18H26FNO,291.0,168,101
2216,SWGDRUG 3.14,MO-CHMINACA,Precursor / Other,C22H30N2O4,386.0,145,156
2217,SWGDRUG 3.14,MDMB-FUBINACA,Precursor / Other,C22H24FN3O3,397.0,109,110
2218,SWGDRUG 3.14,FUB-JWH-018,Cannabinoid,C26H18FNO,379.0,109,109
2219,SWGDRUG 3.14,5-Fluoro-ADB-PINACA isomer 2,Precursor / Other,C19H27FN4O2,362.0,233,196
2220,SWGDRUG 3.14,APP-CHMINACA,Precursor / Other,C24H28N4O2,404.0,241,147
2221,SWGDRUG 3.14,APP-FUBINACA,Precursor / Other,C24H21FN4O2,416.0,109,113
2222,SWGDRUG 3.14,AB-CHMINACA 2'-indazole isomer,Precursor / Other,C20H28N4O2,356.0,213,151
2223,SWGDRUG 3.14,5-Fluoro-CUMYL-PINACA,Precursor / Other,C22H26FN3O,367.0,233,166
2224,SWGDRUG 3.14,DL-4662,Precursor / Other,C15H23NO3,265.0,100,97
2225,SWGDRUG 3.14,Meperidine-d5,Opioid,C15H16D5NO2,252.0,71,158
2226,SWGDRUG 3.14,PCP-d5,Hallucinogen,C17H20D5N,248.0,205,127
2227,SWGDRUG 3.14,Alprazolam-d3,Cannabinoid,C17H10D3ClN4,311.0,204,254
2228,SWGDRUG 3.14,Diazepam-d3,Cannabinoid,C16H10D3ClN2O,287.0,259,222
2229,SWGDRUG 3.14,Dextromethorphan-d3,Precursor / Other,C18H22D3NO,274.0,62,209
2230,SWGDRUG 3.14,"2,3-Methylone",Precursor / Other,C11H13NO3,207.0,58,67
2231,SWGDRUG 3.14,NM2201,Precursor / Other,C24H22FNO2,375.0,232,87
2232,SWGDRUG 3.14,MPHP,Precursor / Other,C17H25NO,259.0,140,74
2233,SWGDRUG 3.14,4-Fluoro-.alpha.-pyrrolidinopentiophenone,Precursor / Other,C15H20FNO,249.0,126,93
2234,SWGDRUG 3.14,4-MeO-.alpha.-PVP,Precursor / Other,C16H23NO2,261.0,126,93
2235,SWGDRUG 3.14,EG-2201,Precursor / Other,C28H24FNO,409.0,334,117
2236,SWGDRUG 3.14,AB-FUBICA,Precursor / Other,C21H22FN3O2,367.0,109,103
2237,SWGDRUG 3.14,W-18,Precursor / Other,C19H20ClN3O4S,421.0,207,166
2238,SWGDRUG 3.14,3-MPA,Precursor / Other,C8H13NS,155.0,58,85
2239,SWGDRUG 3.14,PX 1,Precursor / Other,C23H26FN3O2,395.0,232,229
2240,SWGDRUG 3.14,BMPEA,Precursor / Other,C9H13N,135.0,77,86
2241,SWGDRUG 3.14,3-Fluorophenmetrazine,Precursor / Other,C11H14FNO,195.0,71,104
2242,SWGDRUG 3.14,Cannabidiol-d9,Cannabinoid,C21H21D9O2,323.0,240,220
2243,SWGDRUG 3.14,APP-PICA,Precursor / Other,C23H27N3O2,377.0,214,283
2244,SWGDRUG 3.14,"Estra-4,9,11-triene-3,17-dione",Precursor / Other,C18H20O2,268.0,268,191
2245,SWGDRUG 3.14,Nordiazepam-d5,Cannabinoid,C15H6D5ClN2O,275.0,247,221
2246,SWGDRUG 3.14,F2201,Precursor / Other,C24H21F2NO,377.0,145,320
2247,SWGDRUG 3.14,Alprazolam-d8,Cannabinoid,C17H5D8ClN4,316.0,209,265
2248,SWGDRUG 3.14,LH 21,Precursor / Other,C20H20Cl3N3,407.0,337,344
2249,SWGDRUG 3.14,Heroin-d3,Opioid,C21H20D3NO5,372.0,43,274
2250,SWGDRUG 3.14,5-Fluoro-PCN,Precursor / Other,C23H22FN3O,375.0,233,178
2251,SWGDRUG 3.14,Temazepam-d8,Cannabinoid,C16H5D8ClN2O2,308.0,279,250
2252,SWGDRUG 3.14,Temazepam-d5,Cannabinoid,C16H8D5ClN2O2,305.0,276,235
2253,SWGDRUG 3.14,4-EAPB,Precursor / Other,C13H17NO,203.0,72,70
2254,SWGDRUG 3.14,FUB-NPB-22,Cannabinoid,C24H16FN3O2,397.0,109,103
2255,SWGDRUG 3.14,3-MAPB,Precursor / Other,C12H15NO,189.0,58,82
2256,SWGDRUG 3.14,para-Fluorobutyryl fentanyl,Opioid,C23H29FN2O,368.0,277,149
2257,SWGDRUG 3.14,4-Fluoro-IPV,Precursor / Other,C14H20FNO,237.0,114,84
2258,SWGDRUG 3.14,Diazepam-d5,Cannabinoid,C16H8D5ClN2O,289.0,261,234
2259,SWGDRUG 3.14,ALEPH-2,Precursor / Other,C13H21NO2S,255.0,212,159
2260,SWGDRUG 3.14,CI-994,Precursor / Other,C15H15N3O2,269.0,58,79
2261,SWGDRUG 3.14,5-Fluoro-AEB,Precursor / Other,C20H28FN3O3,377.0,233,163
2262,SWGDRUG 3.14,MMDA,Stimulant,C11H15NO3,209.0,44,98
2263,SWGDRUG 3.14,NNEI 2'-indazole isomer,Precursor / Other,C23H23N3O,357.0,187,158
2264,SWGDRUG 3.14,Cyclobenzaprine-d3,Precursor / Other,C20H18D3N,278.0,61,117
2265,SWGDRUG 3.14,bk-EABDI,Precursor / Other,C15H21NO,231.0,86,77
2266,SWGDRUG 3.14,"17-.beta.-Hydroxy-androstano[3,2-c]isoxazole",Precursor / Other,C20H29NO2,315.0,287,236
2267,SWGDRUG 3.14,MAB-CHMINACA metabolite M1,Precursor / Other,C21H30N4O3,386.0,257,256
2268,SWGDRUG 3.14,MAB-CHMINACA metabolite M7,Precursor / Other,C21H27N3O5,401.0,256,235
2269,SWGDRUG 3.14,MAB-CHMINACA metabolite M10,Precursor / Other,C21H27N3O3,369.0,241,233
2270,SWGDRUG 3.14,Oxycodone-d3,Opioid,C18H18D3NO4,318.0,318,253
2271,SWGDRUG 3.14,Isobutyl 1-pentyl-1H-indazole-3-carboxylate,Precursor / Other,C17H24N2O2,288.0,231,123
2272,SWGDRUG 3.14,5-Methoxy-EiPT,Precursor / Other,C16H24N2O,260.0,100,111
2273,SWGDRUG 3.14,Codeine-d3,Opioid,C18H18D3NO3,302.0,302,248
2274,SWGDRUG 3.14,XLR11 N-(4-hydroxypentyl) metabolite,Cannabinoid,C21H28FNO2,345.0,248,254
2275,SWGDRUG 3.14,XLR11 N-(4-hydroxypentyl) metabolite-d5,Cannabinoid,C21H23D5FNO2,350.0,253,281
2276,SWGDRUG 3.14,Nitrazepam-d5,Cannabinoid,C15H6D5N3O3,286.0,258,222
2277,SWGDRUG 3.14,Norfentanyl-d5,Opioid,C14H15D5N2O,237.0,83,131
2278,SWGDRUG 3.14,Diazepam-d8,Cannabinoid,C16H5D8ClN2O,292.0,264,242
2279,SWGDRUG 3.14,Oxazepam-d5,Cannabinoid,C15H6D5ClN2O2,291.0,273,204
2280,SWGDRUG 3.14,Phentermine-d5,Precursor / Other,C10H10D5N,154.0,58,270
2281,SWGDRUG 3.14,FUB-AKB48,Precursor / Other,C25H26FN3O,403.0,109,165
2282,SWGDRUG 3.14,Mirtazapine,Precursor / Other,C17H19N3,265.0,195,137
2283,SWGDRUG 3.14,FUB-AMB,Precursor / Other,C21H22FN3O3,383.0,109,172
2284,SWGDRUG 3.14,AKB57,Precursor / Other,C23H30N2O2,366.0,135,156
2285,SWGDRUG 3.14,Phenazepam-d4,Cannabinoid,C15H6D4BrClN2O,352.0,325,300
2286,SWGDRUG 3.14,ALEPH-4,Precursor / Other,C14H23NO2S,269.0,226,165
2287,SWGDRUG 3.14,Norfludiazepam,Depressant,C15H10ClFN2O,288.0,259,232
2288,SWGDRUG 3.14,TH-PBP,Precursor / Other,C18H25NO,271.0,112,94
2289,SWGDRUG 3.14,TH-PVP,Precursor / Other,C19H27NO,285.0,126,97
2290,SWGDRUG 3.14,"3',4'-Trimethylene-.alpha.-ethylaminovalerophenone",Precursor / Other,C16H23NO,245.0,100,87
2291,SWGDRUG 3.14,"3',4'-Trimethylene-.alpha.-Pyrrolidinohexanophenone",Precursor / Other,C19H27NO,285.0,140,107
2292,SWGDRUG 3.14,4'-Chloro-.alpha.-PPP,Precursor / Other,C13H16ClNO,237.0,98,126
2293,SWGDRUG 3.14,.alpha.-Pyrrolidinononanophenone,Precursor / Other,C19H29NO,287.0,182,90
2294,SWGDRUG 3.14,UWA-101,Precursor / Other,C13H17NO2,219.0,84,89
2295,SWGDRUG 3.14,MAB-CHMINACA metabolite M11,Precursor / Other,C21H30N4O4,402.0,145,294
2296,SWGDRUG 3.14,2-Furanyl fentanyl,Opioid,C24H26N2O2,374.0,95,175
2297,SWGDRUG 3.14,Clonazolam,Precursor / Other,C17H12ClN5O2,353.0,324,320
2298,SWGDRUG 3.14,7-Methoxy-DiPT,Precursor / Other,C17H26N2O,274.0,114,106
2299,SWGDRUG 3.14,"5-Fluoro-3,5-AB-PFUPPYCA",Precursor / Other,C20H26F2N4O2,392.0,249,315
2300,SWGDRUG 3.14,MAM2201-d5,Precursor / Other,C25H19D5FNO,378.0,378,342
2301,SWGDRUG 3.14,Carisoprodol-d7,Precursor / Other,C12H17D7N2O4,267.0,104,139
2302,SWGDRUG 3.14,AB-CHMINACA metabolite M4-d4,Precursor / Other,C15H14D4N2O2,262.0,135,111
2303,SWGDRUG 3.14,6-Methoxy-Methylone,Precursor / Other,C12H15NO4,237.0,58,113
2304,SWGDRUG 3.14,EMB-FUBINACA,Precursor / Other,C22H24FN3O3,397.0,109,131
2305,SWGDRUG 3.14,Methoxmetamine,Precursor / Other,C14H19NO2,233.0,176,125
2306,SWGDRUG 3.14,MMB-CHMICA,Precursor / Other,C22H30N2O3,370.0,240,171
2307,SWGDRUG 3.14,4-MAPB,Precursor / Other,C12H15NO,189.0,58,86
2308,SWGDRUG 3.14,para-Methoxy-Butyrylfentanyl,Opioid,C24H32N2O2,380.0,289,169
2309,SWGDRUG 3.14,5-Fluoro-PY-PINACA,Precursor / Other,C17H22FN3O,303.0,70,115
2310,SWGDRUG 3.14,5-Methoxy-EPT,Precursor / Other,C16H24N2O,260.0,100,94
2311,SWGDRUG 3.14,6-Methoxy-DiPT,Precursor / Other,C17H26N2O,274.0,114,96
2312,SWGDRUG 3.14,"3,4-Methylenedioxy-PV8",Precursor / Other,C18H25NO3,303.0,154,112
2313,SWGDRUG 3.14,5-Chloro-AKB48,Precursor / Other,C23H30ClN3O,399.0,249,332
2314,SWGDRUG 3.14,11-Ketotestosterone,Anabolic Steroid,C19H26O3,302.0,122,246
2315,SWGDRUG 3.14,Adinazolam,Precursor / Other,C19H18ClN5,351.0,308,243
2316,SWGDRUG 3.14,Methyldienolone,Precursor / Other,C19H26O2,286.0,228,225
2317,SWGDRUG 3.14,Prolintane,Precursor / Other,C15H23N,217.0,126,85
2318,SWGDRUG 3.14,"3,4-Dichlormethylphenidate",Stimulant,C14H17Cl2NO2,301.0,159,109
2319,SWGDRUG 3.14,Naloxone-d5,Precursor / Other,C19H16D5NO4,332.0,332,279
2320,SWGDRUG 3.14,5-Fluoro-AMB metabolite 7,Precursor / Other,C18H24FN3O3,349.0,233,294
2321,SWGDRUG 3.14,5-Fluoro-CYPPICA,Precursor / Other,C18H23FN2O,302.0,232,170
2322,SWGDRUG 3.14,Isobutyryl fentanyl,Opioid,C23H30N2O,350.0,259,164
2323,SWGDRUG 3.14,"3',4'-Methylenedioxy-N-tert-butylcathinone",Stimulant,C14H19NO3,249.0,44,105
2324,SWGDRUG 3.14,Diethylone,Precursor / Other,C14H19NO3,249.0,100,93
2325,SWGDRUG 3.14,Deschloroketamine,Hallucinogen,C13H17NO,203.0,146,88
2326,SWGDRUG 3.14,Myo-Inositol,Precursor / Other,C6H12O6,180.0,73,48
2327,SWGDRUG 3.14,4-AcO-MIPT,Precursor / Other,C16H22N2O2,274.0,86,94
2328,SWGDRUG 3.14,p-Tosylamide,Precursor / Other,C7H9NO2S,171.0,91,69
2329,SWGDRUG 3.14,"3,4-Methylenedioxy-3-methylaminobutane",Precursor / Other,C12H17NO2,207.0,58,79
2330,SWGDRUG 3.14,"Trimethyl-3,4-methylenedioxychromane",Precursor / Other,C13H16O3,220.0,205,117
2331,SWGDRUG 3.14,"1-(4-Chlorophenyl)piperazine, acetyl",Precursor / Other,C12H15ClN2O,238.0,166,141
2332,SWGDRUG 3.14,Trihexyphenidyl,Precursor / Other,C20H31NO,301.0,98,82
2333,SWGDRUG 3.14,Chlorpheniramine,Precursor / Other,C16H19ClN2,274.0,203,136
2334,SWGDRUG 3.14,Eszopiclone,Precursor / Other,C17H17ClN6O3,388.0,143,112
2335,SWGDRUG 3.14,Fluphenazine,Precursor / Other,C22H26F3N3OS,437.0,280,111
2336,SWGDRUG 3.14,Methapyriline,Precursor / Other,C14H19N3S,261.0,58,94
2337,SWGDRUG 3.14,Cannabipiperidiethanone,Precursor / Other,C24H28N2O2,376.0,98,101
2338,SWGDRUG 3.14,25B-NBF,Precursor / Other,C17H19BrFNO2,367.0,138,145
2339,SWGDRUG 3.14,25B-NBF Acetyl derivative,Precursor / Other,C19H21BrFNO3,409.0,138,163
2340,SWGDRUG 3.14,25B-NBF HFBA derivative,Precursor / Other,C21H18BrF8NO3,563.0,109,183
2341,SWGDRUG 3.14,25B-NBF-imine,Precursor / Other,C17H17BrFNO2,365.0,136,190
2342,SWGDRUG 3.14,25B-NBF TFA derivative,Precursor / Other,C19H18BrF4NO3,463.0,109,168
2343,SWGDRUG 3.14,Clovoxamine,Precursor / Other,C14H21ClN2O2,284.0,71,144
2344,SWGDRUG 3.14,2-Methyl-.alpha.-pyrrolidinobutiophenone,Precursor / Other,C15H21NO,231.0,112,77
2345,SWGDRUG 3.14,"A-796,260 degradant",Precursor / Other,C22H30N2O2,354.0,100,121
2346,SWGDRUG 3.14,"A-796,260",Precursor / Other,C22H30N2O2,354.0,100,118
2347,SWGDRUG 3.14,"N,N-di-(.beta.-phenylisopropyl)formamide",Precursor / Other,C19H23NO,281.0,91,74
2348,SWGDRUG 3.14,4-Fluoro-.alpha.-PHP,Precursor / Other,C16H22FNO,263.0,140,78
2349,SWGDRUG 3.14,Clonazepam-d4,Cannabinoid,C15H6D4ClN3O3,319.0,284,275
2350,SWGDRUG 3.14,Tapentadol-d3,Precursor / Other,C14H20D3NO,224.0,61,89
2351,SWGDRUG 3.14,"3,4-Methylenedioxy-.alpha.-ethylamino-isovalerophenone",Precursor / Other,C14H19NO3,249.0,100,99
2352,SWGDRUG 3.14,"3,4-Methylenedioxy-.alpha.-dimethylamino-isovalerophenone",Precursor / Other,C14H19NO3,249.0,100,98
2353,SWGDRUG 3.14,.alpha.-Phthalimidopropiophenone,Precursor / Other,C17H13NO3,279.0,174,69
2354,SWGDRUG 3.14,3-Fluoro-NNEI,Precursor / Other,C24H23FN2O,374.0,232,152
2355,SWGDRUG 3.14,3-Fluoro-AMB,Precursor / Other,C19H26FN3O3,363.0,233,144
2356,SWGDRUG 3.14,Ephenidine,Precursor / Other,C16H19N,225.0,134,78
2357,SWGDRUG 3.14,"3,4-Methylenedioxy-N-propylcathinone",Stimulant,C13H17NO3,235.0,86,75
2358,SWGDRUG 3.14,"3,4-Methylenedioxy-N-isopropylaminocathinone",Stimulant,C13H17NO3,235.0,86,86
2359,SWGDRUG 3.14,FUB-JWH-018-d5,Cannabinoid,C26H13D5FNO,384.0,109,194
2360,SWGDRUG 3.14,Suvorexant,Precursor / Other,C23H23ClN6O2,450.0,186,223
2361,SWGDRUG 3.14,25T2-NBOMe,Hallucinogen,C20H27NO3S,361.0,121,144
2362,SWGDRUG 3.14,AB-FUBINACA-d4,Precursor / Other,C20H17D4FN4O2,372.0,109,164
2363,SWGDRUG 3.14,Naltrexone-d3,Precursor / Other,C20H20D3NO4,344.0,344,282
2364,SWGDRUG 3.14,Delta-9-THC-d3,Cannabinoid,C21H27D3O2,317.0,302,252
2365,SWGDRUG 3.14,Flunitrazepam-d7,Cannabinoid,C16H5D7FN3O3,320.0,292,269
2366,SWGDRUG 3.14,Furanyl fentanyl-d5,Opioid,C24H21D5N2O2,379.0,95,177
2367,SWGDRUG 3.14,Butyryl fentanyl-d5,Opioid,C23H25D5N2O,355.0,264,176
2368,SWGDRUG 3.14,Valeryl fentanyl-d5,Opioid,C24H27D5N2O,369.0,278,181
2369,SWGDRUG 3.14,3-Hydroxy Phenazepam,Precursor / Other,C15H10BrClN2O2,364.0,75,264
2370,SWGDRUG 3.14,3-MeO-PCMo,Precursor / Other,C17H25NO2,275.0,121,153
2371,SWGDRUG 3.14,5-MBPB,Precursor / Other,C13H17NO,203.0,72,74
2372,SWGDRUG 3.14,5-APB NBOMe,Hallucinogen,C19H21NO2,295.0,121,73
2373,SWGDRUG 3.14,5-PPDi,Precursor / Other,C17H23NO,257.0,112,61
2374,SWGDRUG 3.14,MDMB-CHMCZCA,Precursor / Other,C27H34N2O3,434.0,290,183
2375,SWGDRUG 3.14,MDMB-FUBICA,Precursor / Other,C23H25FN2O3,396.0,109,150
2376,SWGDRUG 3.14,DOF,Precursor / Other,C11H16FNO2,213.0,44,128
2377,SWGDRUG 3.14,Trimetazidine,Precursor / Other,C14H22N2O3,266.0,181,113
2378,SWGDRUG 3.14,Nifoxipam,Precursor / Other,C15H10FN3O4,315.0,223,204
2379,SWGDRUG 3.14,Deschloroetizolam,Depressant,C17H16N4S,308.0,279,242
2380,SWGDRUG 3.14,3-Bromomethamphetamine,Stimulant,C10H14BrN,227.0,58,80
2381,SWGDRUG 3.14,2-Bromomethamphetamine,Stimulant,C10H14BrN,227.0,58,83
2382,SWGDRUG 3.14,Isopropylphenidate,Precursor / Other,C16H23NO2,261.0,84,90
2383,SWGDRUG 3.14,Afloqualone,Precursor / Other,C16H14FN3O,283.0,250,168
2384,SWGDRUG 3.14,NiPP,Precursor / Other,C14H21NO,219.0,114,74
2385,SWGDRUG 3.14,Cloniprazepam,Precursor / Other,C19H16ClN3O3,369.0,55,310
2386,SWGDRUG 3.14,3-Chloroethcathinone,Cannabinoid,C11H14ClNO,211.0,72,71
2387,SWGDRUG 3.14,TH-PHP,Precursor / Other,C20H29NO,299.0,140,85
2388,SWGDRUG 3.14,Adrafinil (Not Certified by NIST),Precursor / Other,C15H15NO3S,289.0,167,85
2389,SWGDRUG 3.14,Methamnetamine,Precursor / Other,C14H17N,199.0,58,71
2390,SWGDRUG 3.14,DOIP,Precursor / Other,C14H23NO2,237.0,44,122
2391,SWGDRUG 3.14,DOPR,Precursor / Other,C14H23NO2,237.0,194,128
2392,SWGDRUG 3.14,4-Methylphenmetrazine,Precursor / Other,C12H17NO,191.0,71,85
2393,SWGDRUG 3.14,AB-CHMFUPPYCA,Precursor / Other,C22H29FN4O2,400.0,257,128
2394,SWGDRUG 3.14,"4-Methyl-N,N-dimethylcathinone",Stimulant,C12H17NO,191.0,72,64
2395,SWGDRUG 3.14,4-Methoxy-.alpha.-Ethylaminovalerophenone,Precursor / Other,C14H21NO2,235.0,100,86
2396,SWGDRUG 3.14,"3,4-Dimethyl-.alpha.-Ethylaminovalerophenone",Precursor / Other,C15H23NO,233.0,100,82
2397,SWGDRUG 3.14,.gamma.-Linolenic Acid methyl ester,Precursor / Other,C19H32O2,292.0,79,183
2398,SWGDRUG 3.14,"3,4-Methylenedioxy-.alpha.-Pyrrolidinohexanophenone",Precursor / Other,C17H23NO3,289.0,140,93
2399,SWGDRUG 3.14,MMB-FUBICA,Precursor / Other,C22H23FN2O3,382.0,109,127
2400,SWGDRUG 3.14,"3,4-DMA-NBOMe",Hallucinogen,C19H25NO3,315.0,121,91
2401,SWGDRUG 3.14,"2,6-Dimethoxyamphetamine",Stimulant,C11H17NO2,195.0,44,92
2402,SWGDRUG 3.14,Tiletamine,Precursor / Other,C12H17NOS,223.0,166,156
2403,SWGDRUG 3.14,25H-NB4OMe,Precursor / Other,C18H23NO3,301.0,121,75
2404,SWGDRUG 3.14,Dihomo-.gamma.-Linolenic Acid methyl ester,Precursor / Other,C21H36O2,320.0,79,199
2405,SWGDRUG 3.14,N-Desmethylclomipramine,Precursor / Other,C18H21ClN2,300.0,44,232
2406,SWGDRUG 3.14,4-Chloro-N-butylcathinone,Stimulant,C13H18ClNO,239.0,100,85
2407,SWGDRUG 3.14,"3,4-Dimethyl-.alpha.-PVP",Precursor / Other,C17H25NO,259.0,126,86
2408,SWGDRUG 3.14,.alpha.-Hydroxyalprazolam,Depressant,C17H13ClN4O,324.0,259,253
2409,SWGDRUG 3.14,7-Aminonimetazepam,Precursor / Other,C16H15N3O,265.0,265,171
2410,SWGDRUG 3.14,7-Aminoflunitrazepam,Precursor / Other,C16H14FN3O,283.0,283,211
2411,SWGDRUG 3.14,AH 8529,Precursor / Other,C16H23ClN2O,294.0,126,90
2412,SWGDRUG 3.14,AH 7563,Precursor / Other,C16H24N2O,260.0,126,70
2413,SWGDRUG 3.14,AH 8533,Precursor / Other,C16H23ClN2O,294.0,126,91
2414,SWGDRUG 3.14,Deschloro W-19,Precursor / Other,C19H23N3O2S,357.0,119,110
2415,SWGDRUG 3.14,W-19,Precursor / Other,C19H22ClN3O2S,391.0,119,138
2416,SWGDRUG 3.14,Cannabidivarin,Precursor / Other,C19H26O2,286.0,203,198
2417,SWGDRUG 3.14,ADB-BICA,Precursor / Other,C22H25N3O2,363.0,91,168
2418,SWGDRUG 3.14,ADB-BINACA,Precursor / Other,C21H24N4O2,364.0,91,170
2419,SWGDRUG 3.14,Metaescaline,Precursor / Other,C12H19NO3,225.0,196,125
2420,SWGDRUG 3.14,6.beta.-Naltrexol,Precursor / Other,C20H25NO4,343.0,343,291
2421,SWGDRUG 3.14,2-Fluoro-ADB,Precursor / Other,C20H28FN3O3,377.0,233,171
2422,SWGDRUG 3.14,3-Fluoro-ADB,Precursor / Other,C20H28FN3O3,377.0,233,172
2423,SWGDRUG 3.14,4-Fluoro-ADB,Precursor / Other,C20H28FN3O3,377.0,233,203
2424,SWGDRUG 3.14,2-Fluoro-AMB,Precursor / Other,C19H26FN3O3,363.0,233,150
2425,SWGDRUG 3.14,4-Fluoro-AMB,Precursor / Other,C19H26FN3O3,363.0,233,166
2426,SWGDRUG 3.14,4-Methylpentedrone,Precursor / Other,C13H19NO,205.0,86,67
2427,SWGDRUG 3.14,Eicosadienoic Acid Methyl Ester,Precursor / Other,C21H38O2,322.0,67,193
2428,SWGDRUG 3.14,Linolenic Acid Methyl Ester,Precursor / Other,C19H32O2,292.0,79,182
2429,SWGDRUG 3.14,Palmitoleic Acid methyl ester,Precursor / Other,C17H32O2,268.0,55,174
2430,SWGDRUG 3.14,Myristic Acid Methyl Ester,Precursor / Other,C15H30O2,242.0,74,105
2431,SWGDRUG 3.14,"cis-4,10,13,16-Docosatetraenoic Acid methyl ester",Precursor / Other,C23H38O2,346.0,67,221
2432,SWGDRUG 3.14,Docosahexaenoic Acid methyl ester,Precursor / Other,C23H34O2,342.0,79,219
2433,SWGDRUG 3.14,Linoleic Acid methyl ester,Precursor / Other,C19H34O2,294.0,67,178
2434,SWGDRUG 3.14,Stearidonic Acid methyl ester,Precursor / Other,C19H30O2,290.0,79,194
2435,SWGDRUG 3.14,Heneicosapentaenoic Acid methyl ester,Precursor / Other,C22H34O2,330.0,79,216
2436,SWGDRUG 3.14,Docosapentaenoic Acid methyl ester,Precursor / Other,C23H36O2,344.0,79,215
2437,SWGDRUG 3.14,Arachidonic Acid methyl ester,Precursor / Other,C21H34O2,318.0,79,206
2438,SWGDRUG 3.14,Eicosapentaenoic Acid methyl ester,Precursor / Other,C21H32O2,316.0,79,207
2439,SWGDRUG 3.14,"11(Z),14(Z),17(Z)-Eicosatrienoic Acid methyl ester",Precursor / Other,C21H36O2,320.0,79,199
2440,SWGDRUG 3.14,omega-3 Arachidonic Acid methyl ester,Precursor / Other,C21H34O2,318.0,79,211
2441,SWGDRUG 3.14,Isobutyryl norfentanyl,Opioid,C15H22N2O,246.0,83,143
2442,SWGDRUG 3.14,Benzyl Carfentanil,Opioid,C23H28N2O3,380.0,91,166
2443,SWGDRUG 3.14,meta-Fluorobutyryl fentanyl,Opioid,C23H29FN2O,368.0,277,157
2444,SWGDRUG 3.14,ortho-Fluorobutyryl fentanyl,Opioid,C23H29FN2O,368.0,277,162
2445,SWGDRUG 3.14,Despropionyl para-Fluorofentanyl,Opioid,C19H23FN2,298.0,164,133
2446,SWGDRUG 3.14,Noroxycodone,Opioid,C17H19NO4,301.0,301,237
2447,SWGDRUG 3.14,Butyryl norfentanyl,Opioid,C15H22N2O,246.0,83,151
2448,SWGDRUG 3.14,4-Fluoro NNEI,Precursor / Other,C24H23FN2O,374.0,232,169
2449,SWGDRUG 3.14,2-Fluoro NNEI,Precursor / Other,C24H23FN2O,374.0,232,137
2450,SWGDRUG 3.14,Furanyl norfentanyl,Opioid,C16H18N2O2,270.0,95,163
2451,SWGDRUG 3.14,para-Methoxyfentanyl,Opioid,C23H30N2O2,366.0,275,206
2452,SWGDRUG 3.14,para-Chlorofentanyl,Opioid,C22H27ClN2O,370.0,279,191
2453,SWGDRUG 3.14,Lauric Acid Methyl Ester,Precursor / Other,C13H26O2,214.0,74,91
2454,SWGDRUG 3.14,Oleic Acid methyl ester,Precursor / Other,C19H36O2,296.0,55,199
2455,SWGDRUG 3.14,threo-4-Fluoromethylphenidate,Stimulant,C14H18FNO2,251.0,84,116
2456,SWGDRUG 3.14,Flunitrazepam-d3 (Not Certified by NIST),Cannabinoid,C16H9D3FN3O3,316.0,289,253
2457,SWGDRUG 3.14,7-Aminoflunitrazepam-d7,Cannabinoid,C16H7D7FN3O,290.0,290,240
2458,SWGDRUG 3.14,Methylone-d3,Precursor / Other,C11H10D3NO3,210.0,61,72
2459,SWGDRUG 3.14,Mephedrone-d3,Stimulant,C11H12D3NO,180.0,58,77
2460,SWGDRUG 3.14,Flurazepam-d10,Cannabinoid,C21H13D10ClFN3O,397.0,96,164
2461,SWGDRUG 3.14,Cocaine-d3,Stimulant,C17H18D3NO4,306.0,185,135
2462,SWGDRUG 3.14,O-Desmethyl-cis-tramadol-d6,Opioid,C15H17D6NO2,255.0,64,111
2463,SWGDRUG 3.14,"3,4-MDMA-d5",Stimulant,C11H10D5NO2,198.0,62,77
2464,SWGDRUG 3.14,Lorazepam-d4,Cannabinoid,C15H6D4Cl2N2O2,324.0,243,233
2465,SWGDRUG 3.14,Naltrexone-d4,Precursor / Other,C20H19D4NO4,345.0,345,311
2466,SWGDRUG 3.14,Meprobamate-d7,Precursor / Other,C9H11D7N2O4,225.0,89,105
2467,SWGDRUG 3.14,Desalkylflurazepam-d4,Cannabinoid,C15H6D4ClFN2O,292.0,263,248
2468,SWGDRUG 3.14,Zopiclone-d4,Precursor / Other,C17H13D4ClN6O3,392.0,147,218
2469,SWGDRUG 3.14,Zaleplon-d4,Precursor / Other,C17H11D4N5O,309.0,252,192
2470,SWGDRUG 3.14,MT-45-d11,Precursor / Other,C24H21D11N2,359.0,268,149
2471,SWGDRUG 3.14,Ocfentanil-d5,Precursor / Other,C22H22D5FN2O2,375.0,279,199
2472,SWGDRUG 3.14,Noroxycodone-d3,Opioid,C17H16D3NO4,304.0,304,245
2473,SWGDRUG 3.14,para-Fluorobutyryl fentanyl-d7 (Not Certified by NIST),Opioid,C23H22D7FN2O,375.0,284,181
2474,SWGDRUG 3.14,4'-Methyl acetyl fentanyl-d5,Opioid,C22H23D5N2O,341.0,236,153
2475,SWGDRUG 3.14,AH 7921-d3,Precursor / Other,C16H19D3Cl2N2O,331.0,126,92
2476,SWGDRUG 3.14,U-47700-d6,Precursor / Other,C16H16D6Cl2N2O,334.0,90,166
2477,SWGDRUG 3.14,.alpha.-PVP-d8,Precursor / Other,C15H13D8NO,239.0,134,98
2478,SWGDRUG 3.14,W-15-d4,Precursor / Other,C19H17D4ClN2O2S,380.0,210,212
2479,SWGDRUG 3.14,W-18-d4,Precursor / Other,C19H16D4ClN3O4S,425.0,210,276
2480,SWGDRUG 3.14,W-19-d4,Precursor / Other,C19H18D4ClN3O2S,395.0,119,148
2481,SWGDRUG 3.14,Fentanyl-d5,Opioid,C22H23D5N2O,341.0,250,156
2482,SWGDRUG 3.14,Zolpidem-d6,Depressant,C19H15D6N3O,313.0,235,115
2483,SWGDRUG 3.14,7-Aminoclonazepam-d4,Cannabinoid,C15H8D4ClN3O,289.0,289,238
2484,SWGDRUG 3.14,Alprazolam-d5,Cannabinoid,C17H8D5ClN4,313.0,284,256
2485,SWGDRUG 3.14,.beta.-Hydroxythiofentanyl-d5 (Not Certified by NIST),Opioid,C20H21D5N2O2S,363.0,250,218
2486,SWGDRUG 3.14,para-Fluorofentanyl-d5 (Not Certified by NIST),Opioid,C22H22D5FN2O,359.0,268,169
2487,SWGDRUG 3.14,Oxycodone-d6,Opioid,C18H15D6NO4,321.0,321,266
2488,SWGDRUG 3.14,6.beta.-Naltrexol-d3,Precursor / Other,C20H22D3NO4,346.0,346,286
2489,SWGDRUG 3.14,MAB-CHMINACA-d4,Precursor / Other,C21H26D4N4O2,374.0,245,209
2490,SWGDRUG 3.14,Midazolam-d4,Cannabinoid,C18H9D4ClFN3,329.0,314,282
2491,SWGDRUG 3.14,AB-CHMINACA-d4,Precursor / Other,C20H24D4N4O2,360.0,245,180
2492,SWGDRUG 3.14,Despropionyl-2-fluorofentanyl,Opioid,C19H23FN2,298.0,164,138
2493,SWGDRUG 3.14,N-Phenylacetyl-L-prolylglycine ethyl ester,Precursor / Other,C17H22N2O4,318.0,70,132
2494,SWGDRUG 3.14,Adamantyl-THPINACA,Precursor / Other,C24H31N3O2,393.0,135,274
2495,SWGDRUG 3.14,Dapoxetine,Precursor / Other,C21H23NO,305.0,134,120
2496,SWGDRUG 3.14,ADB-FUBICA,Precursor / Other,C22H24FN3O2,381.0,109,189
2497,SWGDRUG 3.14,"4,4'-Dicyanobenzhydrol",Precursor / Other,C15H10N2O,234.0,130,124
2498,SWGDRUG 3.14,11-Hydroxy-delta-9-THC,Cannabinoid,C21H30O3,330.0,299,252
2499,SWGDRUG 3.14,11-Hydroxy-delta-9-THC-d3,Cannabinoid,C21H27D3O3,333.0,302,275
2500,SWGDRUG 3.14,7-Aminoclonazepam,Depressant,C15H12ClN3O,285.0,285,215
2501,SWGDRUG 3.14,Benzoylecgonine-d3,Precursor / Other,C16H16D3NO4,292.0,127,144
2502,SWGDRUG 3.14,Normeperidine-d4,Opioid,C14H15D4NO2,237.0,59,134
2503,SWGDRUG 3.14,Meperidine-d4,Opioid,C15H17D4NO2,251.0,73,155
2504,SWGDRUG 3.14,Cannabichromene-d9,Precursor / Other,C21H21D9O2,323.0,240,177
2505,SWGDRUG 3.14,.beta.-Hydroxyfentanyl,Opioid,C22H28N2O2,352.0,245,192
2506,SWGDRUG 3.14,AB-BICA,Precursor / Other,C21H23N3O2,349.0,91,180
2507,SWGDRUG 3.14,Cyclopentyl fentanyl,Opioid,C25H32N2O,376.0,285,180
2508,SWGDRUG 3.14,para-Chloroisobutyryl fentanyl,Opioid,C23H29ClN2O,384.0,293,212
2509,SWGDRUG 3.14,MDMB-FUBICA metabolite 3,Precursor / Other,C22H23FN2O3,382.0,109,221
2510,SWGDRUG 3.14,11-Nor-9-carboxy-delta 9-THC,Cannabinoid,C21H28O4,344.0,329,268
2511,SWGDRUG 3.14,Thiofentanyl,Opioid,C20H26N2OS,342.0,245,148
2512,SWGDRUG 3.14,.alpha.-Methyl Thiofentanyl,Opioid,C21H28N2OS,356.0,259,133
2513,SWGDRUG 3.14,N-Propylnorketamine,Hallucinogen,C15H20ClNO,265.0,208,181
2514,SWGDRUG 3.14,AH 7959,Precursor / Other,C19H26Cl2N2O,368.0,166,119
2515,SWGDRUG 3.14,Amphetamine Methyl Carbamate,Stimulant,C11H15NO2,193.0,102,72
2516,SWGDRUG 3.14,AH 8507,Precursor / Other,C19H27Cl2N3O,383.0,181,118
2517,SWGDRUG 3.14,para-Methylfentanyl,Opioid,C23H30N2O,350.0,259,137
2518,SWGDRUG 3.14,4-Cyano-CUMYL-BUTINACA,Precursor / Other,C22H24N4O,360.0,226,152
2519,SWGDRUG 3.14,4-Cyano-CUMYL-BUTINACA isomer 2,Precursor / Other,C22H24N4O,360.0,198,193
2520,SWGDRUG 3.14,"N,N-Didesmethyl AH 7921",Precursor / Other,C14H18Cl2N2O,300.0,98,115
2521,SWGDRUG 3.14,N-Desmethyl U-47700,Precursor / Other,C15H20Cl2N2O,314.0,111,174
2522,SWGDRUG 3.14,Thienyl fentanyl,Opioid,C19H24N2OS,328.0,97,151
2523,SWGDRUG 3.14,N-Ethyl Hexedrone,Precursor / Other,C14H21NO,219.0,114,72
2524,SWGDRUG 3.14,Benzodioxole fentanyl,Opioid,C27H28N2O3,428.0,149,120
2525,SWGDRUG 3.14,4-Bromoethcathinone,Cannabinoid,C11H14BrNO,255.0,72,64
2526,SWGDRUG 3.14,U-49900,Precursor / Other,C18H26Cl2N2O,356.0,112,157
2527,SWGDRUG 3.14,4-Hydroxy Phencyclidine,Hallucinogen,C17H25NO,259.0,216,160
2528,SWGDRUG 3.14,4-MA-NBOMe,Hallucinogen,C18H23NO,269.0,121,74
2529,SWGDRUG 3.14,4-PPC,Precursor / Other,C17H25NO,259.0,200,131
2530,SWGDRUG 3.14,.alpha.-Methyl Butyryl fentanyl,Opioid,C24H32N2O,364.0,273,125
2531,SWGDRUG 3.14,U-48753E,Precursor / Other,C16H22Cl2N2O,328.0,111,153
2532,SWGDRUG 3.14,para-Fluoro Acrylfentanyl,Opioid,C22H25FN2O,352.0,261,135
2533,SWGDRUG 3.14,"N,N-Diethylpentylone",Precursor / Other,C16H23NO3,277.0,128,124
2534,SWGDRUG 3.14,1-Benzylpiperazine-d7,Precursor / Other,C11H9D7N2,183.0,98,98
2535,SWGDRUG 3.14,AB-CHMICA,Precursor / Other,C21H29N3O2,355.0,240,111
2536,SWGDRUG 3.14,4-Bromo-.alpha.-PVP,Precursor / Other,C15H20BrNO,309.0,126,43
2537,SWGDRUG 3.14,4-Chloro-.alpha.-PVP,Precursor / Other,C15H20ClNO,265.0,126,62
2538,SWGDRUG 3.14,4-Chloroethcathinone,Cannabinoid,C11H14ClNO,211.0,72,74
2539,SWGDRUG 3.14,4-Chloropentedrone,Precursor / Other,C12H16ClNO,225.0,86,81
2540,SWGDRUG 3.14,"N-Ethyl-N-methyl-1,2-diphenylethanamine",Precursor / Other,C17H21N,239.0,148,81
2541,SWGDRUG 3.14,para-Fluoroisobutyryl fentanyl,Opioid,C23H29FN2O,368.0,277,159
2542,SWGDRUG 3.14,3-Furanyl fentanyl,Opioid,C24H26N2O2,374.0,95,118
2543,SWGDRUG 3.14,N-Methyl-1-(6-methylpyridin-2-yl)propan-2-amine,Precursor / Other,C10H16N2,164.0,107,79
2544,SWGDRUG 3.14,Mexedrone,Precursor / Other,C12H17NO2,207.0,88,81
2545,SWGDRUG 3.14,Tetrahydrofuran fentanyl,Opioid,C24H30N2O2,378.0,287,175
2546,SWGDRUG 3.14,o-Fluorofentanyl,Opioid,C22H27FN2O,354.0,263,153
2547,SWGDRUG 3.14,25P-NBOMe,Hallucinogen,C21H29NO3,343.0,121,103
2548,SWGDRUG 3.14,3-Methoxy PCE,Precursor / Other,C15H23NO,233.0,190,135
2549,SWGDRUG 3.14,Clipredrone,Precursor / Other,C12H16ClNO,225.0,86,91
2550,SWGDRUG 3.14,para-Methoxy-Butyrylfentanyl-d7 (Not Certified by NIST),Opioid,C24H25D7N2O2,387.0,296,218
2551,SWGDRUG 3.14,5-Fluoro-APINAC,Precursor / Other,C23H29FN2O2,384.0,135,209
2552,SWGDRUG 3.14,5-Fluoro-ADB-PINACA,Precursor / Other,C19H27FN4O2,362.0,233,108
2553,SWGDRUG 3.14,5-Bromo-THJ-018,Precursor / Other,C23H21BrN2O,420.0,127,295
2554,SWGDRUG 3.14,5-Chloro-THJ-018,Precursor / Other,C23H21ClN2O,376.0,127,239
2555,SWGDRUG 3.14,5-Fluoro-PB-22 3-carboxyindole metabolite-d5,Cannabinoid,C14H11D5FNO2,254.0,179,218
2556,SWGDRUG 3.14,5-Fluoro-PB-22 3-carboxyindole metabolite,Cannabinoid,C14H16FNO2,249.0,174,185
2557,SWGDRUG 3.14,5-Fluoro-MDMB-PICA,Precursor / Other,C21H29FN2O3,376.0,232,157
2558,SWGDRUG 3.14,5-Fluoro-CUMYL-PICA,Precursor / Other,C23H27FN2O,366.0,232,200
2559,SWGDRUG 3.14,5-Fluoro-CUMYL-P7AICA,Precursor / Other,C22H26FN3O,367.0,233,198
2560,SWGDRUG 3.14,5-Fluoro-BEPIRAPIM,Precursor / Other,C25H30FN3O,407.0,91,233
2561,SWGDRUG 3.14,5-Fluoro-PY-PICA,Precursor / Other,C18H23FN2O,302.0,232,131
2562,SWGDRUG 3.14,.beta.-Methyl Fentanyl,Opioid,C23H30N2O,350.0,245,134
2563,SWGDRUG 3.14,Ethylnaphthidate,Precursor / Other,C19H23NO2,297.0,141,66
2564,SWGDRUG 3.14,threo-Propylphenidate,Precursor / Other,C16H23NO2,261.0,84,86
2565,SWGDRUG 3.14,Methylnaphthidate (Not Certified by NIST),Precursor / Other,C18H21NO2,283.0,141,67
2566,SWGDRUG 3.14,Acetyl-.alpha.-methyl fentanyl,Opioid,C22H28N2O,336.0,245,110
2567,SWGDRUG 3.14,U-47700,Precursor / Other,C16H22Cl2N2O,328.0,84,129
2568,SWGDRUG 3.14,.beta.-Hydroxythiofentanyl,Opioid,C20H26N2O2S,358.0,245,217
2569,SWGDRUG 3.14,Acrylfentanyl,Opioid,C22H26N2O,334.0,243,137
2570,SWGDRUG 3.14,NAPIE,Precursor / Other,C25H25NO,355.0,214,147
2571,SWGDRUG 3.14,MTMP,Precursor / Other,C15H21NO2S,279.0,128,88
2572,SWGDRUG 3.14,3-Furanyl fentanyl-d5,Opioid,C24H21D5N2O2,379.0,95,153
2573,SWGDRUG 3.14,Cyclopropyl fentanyl-d5,Opioid,C23H23D5N2O,353.0,262,153
2574,SWGDRUG 3.14,2-Chloromethcathinone,Cannabinoid,C10H12ClNO,197.0,58,98
2575,SWGDRUG 3.14,Benzyl Acrylfentanyl,Opioid,C21H24N2O,320.0,91,123
2576,SWGDRUG 3.14,"U-69,593",Precursor / Other,C22H32N2O2,356.0,166,161
2577,SWGDRUG 3.14,meta-Fluoroisobutyryl fentanyl,Opioid,C23H29FN2O,368.0,277,166
2578,SWGDRUG 3.14,2-NMC,Precursor / Other,C12H17NO,191.0,121,83
2579,SWGDRUG 3.14,Cannabicitran,Precursor / Other,C21H30O2,314.0,231,194
2580,SWGDRUG 3.14,4-Anilino-N-phenethylpiperidine-d5,Precursor / Other,C19H19D5N2,285.0,151,127
2581,SWGDRUG 3.14,N-Desmethyl AH 7921,Precursor / Other,C15H20Cl2N2O,314.0,112,105
2582,SWGDRUG 3.14,N-Methyl Benzedrone,Precursor / Other,C18H21NO,267.0,91,61
2583,SWGDRUG 3.14,para-Fluoro Methoxyacetyl fentanyl,Opioid,C22H27FN2O2,370.0,279,177
2584,SWGDRUG 3.14,Caryophyllene oxide,Precursor / Other,C15H24O,220.0,79,145
2585,SWGDRUG 3.14,2-Chloroethcathinone,Cannabinoid,C11H14ClNO,211.0,72,79
2586,SWGDRUG 3.14,Hordenine,Precursor / Other,C10H15NO,165.0,58,66
2587,SWGDRUG 3.14,Etomidate,Precursor / Other,C14H16N2O2,244.0,105,78
2588,SWGDRUG 3.14,2-Fluoro Deschloroketamine,Hallucinogen,C13H16FNO,221.0,164,131
2589,SWGDRUG 3.14,ortho-Fluoroisobutyryl fentanyl,Opioid,C23H29FN2O,368.0,277,159
2590,SWGDRUG 3.14,Homarylamine,Precursor / Other,C10H13NO2,179.0,44,72
2591,SWGDRUG 3.14,6.beta.-Hydrocodol,Precursor / Other,C18H23NO3,301.0,301,242
2592,SWGDRUG 3.14,6.alpha.-Oxycodol,Precursor / Other,C18H23NO4,317.0,317,257
2593,SWGDRUG 3.14,6.beta.-Oxycodol,Precursor / Other,C18H23NO4,317.0,317,265
2594,SWGDRUG 3.14,6.beta.-Hydromorphol,Precursor / Other,C17H21NO3,287.0,287,235
2595,SWGDRUG 3.14,6.alpha.-Oxymorphol,Precursor / Other,C17H21NO4,303.0,303,246
2596,SWGDRUG 3.14,6.alpha.-Oxycodol N-oxide,Precursor / Other,C18H23NO5,333.0,317,274
2597,SWGDRUG 3.14,nor-6.alpha.-Oxycodol,Precursor / Other,C17H21NO4,303.0,303,247
2598,SWGDRUG 3.14,6.beta.-Naloxol,Precursor / Other,C19H23NO4,329.0,82,281
2599,SWGDRUG 3.14,Remifentanil,Precursor / Other,C20H28N2O5,376.0,168,229
2600,SWGDRUG 3.14,1-(m-Fluorophenyl)piperazine,Precursor / Other,C10H13FN2,180.0,138,88
2601,SWGDRUG 3.14,Phenyl-2-nitropropene,Precursor / Other,C9H9NO2,163.0,115,80
2602,SWGDRUG 3.14,Cyclobutyl fentanyl-d5,Opioid,C24H25D5N2O,367.0,276,180
2603,SWGDRUG 3.14,Cyclobutyl fentanyl,Opioid,C24H30N2O,362.0,271,170
2604,SWGDRUG 3.14,Cyclopentyl fentanyl-d5,Opioid,C25H27D5N2O,381.0,290,193
2605,SWGDRUG 3.14,.delta.-6-Testosterone Enanthate,Anabolic Steroid,C26H38O3,398.0,113,253
2606,SWGDRUG 3.14,Norcarfentanil,Opioid,C16H22N2O3,290.0,141,185
2607,SWGDRUG 3.14,Cyclohexyl fentanyl,Opioid,C26H34N2O,390.0,299,187
2608,SWGDRUG 3.14,Tetrahydrofuran fentanyl-d5,Opioid,C24H25D5N2O2,383.0,292,178
2609,SWGDRUG 3.14,Acrylfentanyl-d5,Opioid,C22H21D5N2O,339.0,248,160
2610,SWGDRUG 3.14,meta-Fluoro Methoxyacetyl fentanyl,Opioid,C22H27FN2O2,370.0,279,180
2611,SWGDRUG 3.14,MEP-CHMICA,Precursor / Other,C22H30N2O3,370.0,240,194
2612,SWGDRUG 3.14,Methoxyacetyl fentanyl-d5,Opioid,C22H23D5N2O2,357.0,266,185
2613,SWGDRUG 3.14,ortho-Fluoro Acrylfentanyl,Opioid,C22H25FN2O,352.0,261,196
2614,SWGDRUG 3.14,CHM-122,Precursor / Other,C27H27NO,381.0,298,278
2615,SWGDRUG 3.14,MEP-FUBICA,Precursor / Other,C22H23FN2O3,382.0,109,158
2616,SWGDRUG 3.14,U-51754,Precursor / Other,C17H24Cl2N2O,342.0,84,148
2617,SWGDRUG 3.14,Cyclofenil,Precursor / Other,C23H24O4,364.0,280,228
2618,SWGDRUG 3.14,Methoxyacetyl norfentanyl,Opioid,C14H20N2O2,248.0,83,158
2619,SWGDRUG 3.14,cis-3-Methyl Butyryl fentanyl,Opioid,C24H32N2O,364.0,273,183
2620,SWGDRUG 3.14,Phenyl fentanyl,Opioid,C26H28N2O,384.0,105,136
2621,SWGDRUG 3.14,Cyclohexyl fentanyl-d5,Opioid,C26H29D5N2O,395.0,304,177
2622,SWGDRUG 3.14,"2,2,3,3-Tetramethyl-Cyclopropyl fentanyl",Opioid,C27H36N2O,404.0,125,167
2623,SWGDRUG 3.14,ortho-Methyl Furanyl fentanyl,Opioid,C25H28N2O2,388.0,95,171
2624,SWGDRUG 3.14,Despropionyl meta-Fluorofentanyl,Opioid,C19H23FN2,298.0,207,142
2625,SWGDRUG 3.14,meta-Methylfentanyl,Opioid,C23H30N2O,350.0,259,155
2626,SWGDRUG 3.14,NAMIE,Precursor / Other,C21H17NO,299.0,158,87
2627,SWGDRUG 3.14,Phenobarbital-d5 (ethyl-d5) (Not Certified by NIST),Depressant,C12H7D5N2O3,237.0,205,143
2628,SWGDRUG 3.14,N-Desmethylflunitrazepam,Precursor / Other,C15H10FN3O3,299.0,298,238
2629,SWGDRUG 3.14,N-Desmethylflunitrazepam-d4,Cannabinoid,C15H6D4FN3O3,303.0,301,255
2630,SWGDRUG 3.14,Pentobarbital-d5,Precursor / Other,C11H13D5N2O3,231.0,161,116
2631,SWGDRUG 3.14,Butalbital-d5,Depressant,C11H11D5N2O3,229.0,173,138
2632,SWGDRUG 3.14,Amitriptyline-d3,Precursor / Other,C20H20D3N,280.0,61,128
2633,SWGDRUG 3.14,Butabarbital-d5,Precursor / Other,C10H11D5N2O3,217.0,161,118
2634,SWGDRUG 3.14,Cannabichromevarin,Precursor / Other,C19H26O2,286.0,203,166
2635,SWGDRUG 3.14,1-[(2-Chlorophenyl)(methylimino)methyl]cyclopentanol,Precursor / Other,C13H16ClNO,237.0,152,141
2636,SWGDRUG 3.14,4-Fluoroisobutyryl fentanyl-d7 (Not Certified by NIST),Opioid,C23H22D7FN2O,375.0,284,169
2637,SWGDRUG 3.14,N-Methyl Norcarfentanil,Opioid,C17H24N2O3,304.0,96,161
2638,SWGDRUG 3.14,5-AEDB,Precursor / Other,C10H13NO,163.0,134,57
2639,SWGDRUG 3.14,5-MAPDI,Precursor / Other,C13H19N,189.0,58,73
2640,SWGDRUG 3.14,DOAM,Precursor / Other,C16H27NO2,265.0,222,138
2641,SWGDRUG 3.14,Propylphenidate,Precursor / Other,C16H23NO2,261.0,84,82
2642,SWGDRUG 3.14,4-Fluoroethylphenidate,Precursor / Other,C15H20FNO2,265.0,84,110
2643,SWGDRUG 3.14,4-Fluoromethylphenidate,Stimulant,C14H18FNO2,251.0,84,106
2644,SWGDRUG 3.14,4-Methylmethylphenidate,Stimulant,C15H21NO2,247.0,84,90
2645,SWGDRUG 3.14,Phenetrazine,Precursor / Other,C12H17NO,191.0,56,85
2646,SWGDRUG 3.14,3-Fluorophenetrazine,Precursor / Other,C12H16FNO,209.0,56,80
2647,SWGDRUG 3.14,5-Methyl-2-phenylmorpholine,Precursor / Other,C11H15NO,177.0,104,80
2648,SWGDRUG 3.14,5-Methylphenmetrazine,Precursor / Other,C12H17NO,191.0,70,96
2649,SWGDRUG 3.14,Phenmetetrazine,Precursor / Other,C13H19NO,205.0,56,74
2650,SWGDRUG 3.14,3-Methylphenmetrazine,Precursor / Other,C12H17NO,191.0,71,59
2651,SWGDRUG 3.14,4-Methylephedrine,Stimulant,C11H17NO,179.0,58,33
2652,SWGDRUG 3.14,4-Methyl-N-ethyl-norephedrine,Stimulant,C12H19NO,193.0,72,67
2653,SWGDRUG 3.14,4-Bromomethamphetamine,Stimulant,C10H14BrN,227.0,58,78
2654,SWGDRUG 3.14,4-Hydroxymethcathinone,Cannabinoid,C10H13NO2,179.0,58,60
2655,SWGDRUG 3.14,4-Fluorobutyrylfentanyl,Opioid,C23H29FN2O,368.0,277,147
2656,SWGDRUG 3.14,Methoxyacetyl fentanyl,Opioid,C22H28N2O2,352.0,261,135
2657,SWGDRUG 3.14,4-MeO-DiPT,Precursor / Other,C17H26N2O,274.0,114,90
2658,SWGDRUG 3.14,7-MeO-DiPT,Precursor / Other,C17H26N2O,274.0,114,87
2659,SWGDRUG 3.14,4-AcO-MET,Precursor / Other,C15H20N2O2,260.0,72,78
2660,SWGDRUG 3.14,4-AcO-DET,Precursor / Other,C16H22N2O2,274.0,86,79
2661,SWGDRUG 3.14,25T2-NBOMe-TFA,Hallucinogen,C22H26F3NO4S,457.0,211,179
2662,SWGDRUG 3.14,2C-P-NBOMe-TFA,Hallucinogen,C23H28F3NO4,439.0,206,143
2663,SWGDRUG 3.14,25T7-NBOMe-TFA,Hallucinogen,C23H28F3NO4S,471.0,225,162
2664,SWGDRUG 3.14,25T4-NBOMe-TFA,Hallucinogen,C23H28F3NO4S,471.0,225,192
2665,SWGDRUG 3.14,Methylnaphthidate-TFA,Precursor / Other,C20H20F3NO3,379.0,180,145
2666,SWGDRUG 3.14,5-Fluoro-AB-001,Precursor / Other,C24H30FNO,367.0,232,71
2667,SWGDRUG 3.14,AM2201 4-methoxynaphthyl analogue,Precursor / Other,C25H24FNO2,389.0,389,249
2668,SWGDRUG 3.14,4-Chlorodiazepam,Depressant,C16H12Cl2N2O,318.0,290,217
2669,SWGDRUG 3.14,Metizolam,Depressant,C16H13ClN4S,328.0,328,246
2670,SWGDRUG 3.14,4-Fluorococaine,Stimulant,C17H20FNO4,321.0,82,70
2671,SWGDRUG 3.14,N-Methyl-2C-H,Precursor / Other,C11H17NO2,195.0,44,39
2672,SWGDRUG 3.14,1-Pentylindole,Precursor / Other,C13H17N,187.0,130,68
2673,SWGDRUG 3.14,1P-LSD,Hallucinogen,C23H29N3O2,379.0,379,187
2674,SWGDRUG 3.14,Meclonazepam,Depressant,C16H12ClN3O3,329.0,294,240
2675,SWGDRUG 3.14,3-MeO-PCMMo,Precursor / Other,C18H27NO2,289.0,100,81
2676,SWGDRUG 3.14,"3,4-Trimethylenepentedrone",Precursor / Other,C15H21NO,231.0,86,76
2677,SWGDRUG 3.14,4-Methyl-PV8,Precursor / Other,C18H27NO,273.0,154,79
2678,SWGDRUG 3.14,"3,4-Methylenedioxy-PV9",Precursor / Other,C19H27NO3,317.0,168,93
2679,SWGDRUG 3.14,MMDA-2,Stimulant,C11H15NO3,209.0,44,105
2680,SWGDRUG 3.14,Indane,Precursor / Other,C9H10,118.0,117,56
2681,SWGDRUG 3.14,"1,3-Indanedione",Precursor / Other,C9H6O2,146.0,146,50
2682,SWGDRUG 3.14,2C-iP,Hallucinogen,C13H21NO2,223.0,194,140
2683,SWGDRUG 3.14,Eticyclidone,Precursor / Other,C14H19NO,217.0,160,126
2684,SWGDRUG 3.14,Fluorolintane,Precursor / Other,C18H20FN,269.0,178,116
2685,SWGDRUG 3.14,Methylmorphenate,Precursor / Other,C13H17NO3,235.0,86,98
2686,SWGDRUG 3.14,Isovaleryl indandione,Precursor / Other,C14H14O3,230.0,173,129
2687,SWGDRUG 3.14,TDIQ,Precursor / Other,C10H11NO2,177.0,148,94
2688,SWGDRUG 3.14,DOBU,Precursor / Other,C15H25NO2,251.0,208,127
2689,SWGDRUG 3.14,"3,4-Trimethylene-.alpha.-PVP",Precursor / Other,C18H25NO,271.0,126,87
2690,SWGDRUG 3.14,N-Ethyl-nor-LSD,Hallucinogen,C21H27N3O,337.0,235,131
2691,SWGDRUG 3.14,JWH-308,Cannabinoid,C26H24FNO,385.0,155,222
2692,SWGDRUG 3.14,5-MeO-DiBF,Precursor / Other,C17H25NO2,275.0,114,109
2693,SWGDRUG 3.14,"3,6-DMPM",Precursor / Other,C12H17NO,191.0,70,81
2694,SWGDRUG 3.14,DB-MDBP,Precursor / Other,C12H14F2N2O2,256.0,171,100
2695,SWGDRUG 3.14,1-Cyclohexylmethylindole,Precursor / Other,C15H19N,213.0,130,56
2696,SWGDRUG 3.14,Phenmetetrazine precursor,Precursor / Other,C13H21NO2,223.0,116,86
2697,SWGDRUG 3.14,"2-(1H-Indol-3-yl)-N,N-dipropylacetamide",Precursor / Other,C16H22N2O,258.0,130,53
2698,SWGDRUG 3.14,Lumacaftor-TFA,Precursor / Other,C26H17F5N2O6,548.0,496,378
2699,SWGDRUG 3.14,"N-(2,6-Dimethylphenyl)-1-piperidineacetamide",Precursor / Other,C15H22N2O,246.0,98,67
2700,SWGDRUG 3.14,NDTDI,Precursor / Other,C19H27N3O,313.0,144,145
2701,SWGDRUG 3.14,Dichloropane,Precursor / Other,C16H19Cl2NO2,327.0,82,118
2702,SWGDRUG 3.14,Ru-28306,Precursor / Other,C13H16N2,200.0,200,115
2703,SWGDRUG 3.14,GTS-21,Precursor / Other,C19H20N2O2,308.0,308,225
2704,SWGDRUG 3.14,LTI-701,Precursor / Other,C20H21FN2O,324.0,232,72
2705,SWGDRUG 3.14,G-130,Precursor / Other,C12H17NO,191.0,104,87
2706,SWGDRUG 3.14,PRE-084,Precursor / Other,C19H27NO3,317.0,100,79
2707,SWGDRUG 3.14,25I-NBOMe metabolite,Hallucinogen,C18H22INO4,443.0,137,143
2708,SWGDRUG 3.14,Pivoxazepam-TMS,Cannabinoid,C23H27ClN2O3Si,442.0,329,291
2709,SWGDRUG 3.14,25C-NBOH-2TMS,Precursor / Other,C23H36ClNO3Si2,465.0,179,157
2710,SWGDRUG 3.14,2C-B-NBOH-2TMS,Hallucinogen,C23H36BrNO3Si2,509.0,179,156
2711,SWGDRUG 3.14,JWH-072-N-carboxy-TMS,Cannabinoid,C25H25NO3Si,415.0,270,219
2712,SWGDRUG 3.14,4-Hydroxy-3-methoxyamphetamine,Stimulant,C10H15NO2,181.0,44,69
2713,SWGDRUG 3.14,JWH-166,Cannabinoid,C25H25NO2,371.0,214,146
2714,SWGDRUG 3.14,Methylepitiostanol,Precursor / Other,C20H32OS,320.0,91,236
2715,SWGDRUG 3.14,2-Ethylhexyl salicylate,Precursor / Other,C15H22O3,250.0,120,67
2716,SWGDRUG 3.14,Methyl Benzoate,Precursor / Other,C8H8O2,136.0,105,45
2717,SWGDRUG 3.14,Benzyl benzoate,Precursor / Other,C14H12O2,212.0,105,51
2718,SWGDRUG 3.14,"2-Propenoic acid, 3-phenyl-, methyl ester",Precursor / Other,C10H10O2,162.0,131,73
2719,SWGDRUG 3.14,Cyclohexylamine,Precursor / Other,C6H13N,99.0,56,40
2720,SWGDRUG 3.14,Docosane,Precursor / Other,C22H46,310.0,57,83
2721,SWGDRUG 3.14,Isopropyl Palmitate,Precursor / Other,C19H38O2,298.0,43,150
2722,SWGDRUG 3.14,"L-Tryptophan, methyl ester",Precursor / Other,C13H15NO2,217.0,130,67
2723,SWGDRUG 3.14,Methyl Phenylacetate,Precursor / Other,C9H10O2,150.0,91,50
2724,SWGDRUG 3.14,Tetraphenylethylene,Precursor / Other,C26H20,332.0,332,212
2725,SWGDRUG 3.14,Trans-Cinnamic Acid,Precursor / Other,C9H8O2,148.0,147,77
2726,SWGDRUG 3.14,1-Iodo-3-phenylpropane,Precursor / Other,C9H11I,246.0,91,58
2727,SWGDRUG 3.14,1-Phenyl-1-propanol,Precursor / Other,C9H12O,136.0,107,65
2728,SWGDRUG 3.14,1-Phenyl-2-butanone,Precursor / Other,C10H12O,148.0,57,58
2729,SWGDRUG 3.14,"2,3-Methylenedioxybenzaldehyde",Precursor / Other,C8H6O3,150.0,150,61
2730,SWGDRUG 3.14,2-Iodoethylbenzene,Precursor / Other,C8H9I,232.0,105,48
2731,SWGDRUG 3.14,Dimethyl fumarate,Precursor / Other,C6H8O4,144.0,113,35
2732,SWGDRUG 3.14,N-heneicosane,Precursor / Other,C21H44,296.0,57,83
2733,SWGDRUG 3.14,1-Aminoindane,Precursor / Other,C9H11N,133.0,132,63
2734,SWGDRUG 3.14,4-Phenyl-2-Pyrrolidinone,Precursor / Other,C10H11NO,161.0,104,62
2735,SWGDRUG 3.14,Cannabidiol-2TMS,Cannabinoid,C27H46O2Si2,458.0,390,354
2736,SWGDRUG 3.14,Cannabidiolic Acid-3TMS,Cannabinoid,C31H54O4Si3,574.0,491,414
2737,SWGDRUG 3.14,Tetrahydrocannabinolic Acid-2TMS,Cannabinoid,C28H46O4Si2,502.0,487,339
2738,SWGDRUG 3.14,delta-9-Tetrahydrocannabinol-TMS,Cannabinoid,C24H38O2Si,386.0,371,308
2739,SWGDRUG 3.14,1'-Hydroxy Midazolam,Depressant,C18H13ClFN3O,341.0,310,253
2740,SWGDRUG 3.14,Ethylphenethyl-FUBICA,Precursor / Other,C26H25FN2O,400.0,109,84
2741,SWGDRUG 3.14,"N,N-didesmethyl U-47700",Precursor / Other,C14H18Cl2N2O,300.0,97,189
2742,SWGDRUG 3.14,(S)-Methamphetamine p-toluenesulfonamide,Stimulant,C17H21NO2S,303.0,212,65
2743,SWGDRUG 3.14,CUMYL-PeGACLONE,Precursor / Other,C25H28N2O,372.0,254,148
2744,SWGDRUG 3.14,ortho-Methyl Acetyl fentanyl,Opioid,C22H28N2O,336.0,245,106
2745,SWGDRUG 3.14,para-Fluoro Crotonyl fentanyl,Opioid,C23H27FN2O,366.0,275,121
2746,SWGDRUG 3.14,Cannabigerorcinic Acid,Precursor / Other,C18H24O4,304.0,137,131
2747,SWGDRUG 3.14,Cannabigerorcin,Precursor / Other,C17H24O2,260.0,137,129
2748,SWGDRUG 3.14,ortho-Methyl Cyclopropyl fentanyl,Opioid,C24H30N2O,362.0,271,114
2749,SWGDRUG 3.14,ortho-Methyl Acrylfentanyl,Opioid,C23H28N2O,348.0,257,110
2750,SWGDRUG 3.14,Mitragynine-d3,Opioid,C23H27D3N2O4,401.0,217,322
2751,SWGDRUG 3.14,alpha-Pyrrolidinoisohexanophenone,Precursor / Other,C16H23NO,245.0,140,75
2752,SWGDRUG 3.14,Sufentanil-d5,Precursor / Other,C22H25D5N2O2S,391.0,294,149
2753,SWGDRUG 3.14,para-Methoxy Acrylfentanyl,Opioid,C23H28N2O2,364.0,273,155
2754,SWGDRUG 3.14,para-Methoxy Methoxyacetyl fentanyl,Opioid,C23H30N2O3,382.0,291,160
2755,SWGDRUG 3.14,para-Methoxy Furanyl fentanyl,Opioid,C25H28N2O3,404.0,95,154
2756,SWGDRUG 3.14,para-Methyl Acetyl fentanyl,Opioid,C22H28N2O,336.0,245,111
2757,SWGDRUG 3.14,para-Chloro Valeryl fentanyl,Opioid,C24H31ClN2O,398.0,307,176
2758,SWGDRUG 3.14,para-Chlorobutyryl fentanyl,Opioid,C23H29ClN2O,384.0,293,174
2759,SWGDRUG 3.14,Cyclopentenyl fentanyl,Opioid,C25H30N2O,374.0,95,127
2760,SWGDRUG 3.14,Methamphetamine-d5,Stimulant,C10H10D5N,154.0,58,61
2761,SWGDRUG 3.14,Bupropion-d9,Precursor / Other,C13H9D9ClNO,248.0,45,90
2762,SWGDRUG 3.14,AB-FUBINACA 2'-indazole isomer,Precursor / Other,C20H21FN4O2,368.0,109,130
2763,SWGDRUG 3.14,AB-7-FUBAICA,Precursor / Other,C20H21FN4O2,368.0,109,107
2764,SWGDRUG 3.14,Methacrylfentanyl,Opioid,C23H28N2O,348.0,257,110
2765,SWGDRUG 3.14,JWH-412 N-(5-hydroxypentyl) metabolite,Cannabinoid,C24H22FNO2,375.0,173,256
2766,SWGDRUG 3.14,Methylandrostanol,Precursor / Other,C20H34O,290.0,67,184
2767,SWGDRUG 3.14,Trazodone-d6,Precursor / Other,C19H16D6ClN5O,377.0,211,201
2768,SWGDRUG 3.14,Norsufentanil-d3,Precursor / Other,C16H21D3N2O2,279.0,82,174
2769,SWGDRUG 3.14,para-Methoxy Valeryl fentanyl,Opioid,C25H34N2O2,394.0,303,186
2770,SWGDRUG 3.14,5-Fluoro-tert-Butylbenzyl-PINACA,Precursor / Other,C24H30FN3O,395.0,233,120
2771,SWGDRUG 3.14,para-Chloro Methoxyacetyl fentanyl,Opioid,C22H27ClN2O2,386.0,295,201
2772,SWGDRUG 3.14,para-Chloro Cyclopropyl fentanyl,Opioid,C23H27ClN2O,382.0,69,190
2773,SWGDRUG 3.14,para-Chloro Cyclopentyl fentanyl,Opioid,C25H31ClN2O,410.0,69,177
2774,SWGDRUG 3.14,para-Chloro Cyclobutyl fentanyl,Opioid,C24H29ClN2O,396.0,305,185
2775,SWGDRUG 3.14,para-Chloro Acrylfentanyl,Opioid,C22H25ClN2O,368.0,277,182
2776,SWGDRUG 3.14,Ethoxyacetyl fentanyl,Opioid,C23H30N2O2,366.0,275,142
2777,SWGDRUG 3.14,Mirtazapine-d3,Precursor / Other,C17H16D3N3,268.0,195,130
2778,SWGDRUG 3.14,Secobarbital-d5,Depressant,C12H13D5N2O3,243.0,173,131
2779,SWGDRUG 3.14,6.alpha.-Naloxol,Precursor / Other,C19H23NO4,329.0,329,276
2780,SWGDRUG 3.14,Trans-3-methyl Norfentanyl,Opioid,C14H21N3O,247.0,98,131
2781,SWGDRUG 3.14,cis-3-methyl Norfentanyl,Opioid,C14H21N3O,247.0,93,156
2782,SWGDRUG 3.14,N-methyl Homarylamine,Precursor / Other,C11H15NO2,193.0,58,58
2783,SWGDRUG 3.14,Furanylethyl fentanyl,Opioid,C20H26N2O2,326.0,245,123
2784,SWGDRUG 3.14,ortho-Methyl Methoxyacetyl fentanyl,Opioid,C23H30N2O2,366.0,275,147
2785,SWGDRUG 3.14,ortho-Methoxy-Butyryl fentanyl,Opioid,C24H32N2O2,380.0,289,236
2786,SWGDRUG 3.14,para-Chloro Furanyl fentanyl 3-furancarboxamide,Opioid,C24H25ClN2O2,408.0,95,171
2787,SWGDRUG 3.14,para-Fluoro Valeryl fentanyl,Opioid,C24H31FN2O,382.0,291,150
2788,SWGDRUG 3.14,para-Methyl Cyclopropyl fentanyl,Opioid,C24H30N2O,362.0,271,125
2789,SWGDRUG 3.14,.alpha.'-methyl Butyryl fentanyl,Opioid,C24H32N2O,364.0,273,116
2790,SWGDRUG 3.14,Pivaloyl fentanyl,Opioid,C24H32N2O,364.0,57,115
2791,SWGDRUG 3.14,Isovaleryl fentanyl,Opioid,C24H32N2O,364.0,273,132
2792,SWGDRUG 3.14,ortho-Methoxy Furanyl fentanyl,Opioid,C25H28N2O3,404.0,95,162
2793,SWGDRUG 3.14,meta-Methyl Methoxyacetyl fentanyl,Opioid,C23H30N2O2,366.0,275,155
2794,SWGDRUG 3.14,cis-3-Methyl Thiofentanyl,Opioid,C21H28N2OS,356.0,259,152
2795,SWGDRUG 3.14,Methamphetamine t-butyl Carbamate,Stimulant,C15H23NO2,249.0,57,69
2796,SWGDRUG 3.14,para-Fluoro Furanyl fentanyl 3-furancarboxamide isomer,Opioid,C24H25FN2O2,392.0,95,112
2797,SWGDRUG 3.14,"3,4-Methylenedioxy U-47700",Precursor / Other,C17H24N2O3,304.0,125,111
2798,SWGDRUG 3.14,para-Methyl Furanyl fentanyl,Opioid,C25H28N2O2,388.0,95,144
2799,SWGDRUG 3.14,meta-Methyl Furanyl fentanyl,Opioid,C25H28N2O2,388.0,95,136
2800,SWGDRUG 3.14,Thiofuranyl fentanyl,Opioid,C24H26N2OS,390.0,111,116
2801,SWGDRUG 3.14,para-Fluoro Furanyl fentanyl,Opioid,C24H25FN2O2,392.0,95,128
2802,SWGDRUG 3.14,"3,4-MDMA t-butyl Carbamate",Stimulant,C16H23NO4,293.0,58,90
2803,SWGDRUG 3.14,Crotonyl fentanyl,Opioid,C23H28N2O,348.0,257,108
2804,SWGDRUG 3.14,para-Chloro Furanyl fentanyl,Opioid,C24H25ClN2O2,408.0,95,165
2805,SWGDRUG 3.14,Pseudoephedrine-d3,Stimulant,C10H12D3NO,168.0,61,59
2806,SWGDRUG 3.14,Norhydrocodone-d3,Opioid,C17H16D3NO3,288.0,288,227
2807,SWGDRUG 3.14,Methamphetamine-d14,Stimulant,C10HD14N,163.0,65,54
2808,SWGDRUG 3.14,7'-Methoxy NABUTIE,Precursor / Other,C25H25NO2,371.0,230,94
2809,SWGDRUG 3.14,trans-3-Methyl Thiofentanyl,Opioid,C21H28N2OS,356.0,259,116
2810,SWGDRUG 3.14,Diproqualone,Precursor / Other,C12H14N2O3,234.0,160,137
2811,SWGDRUG 3.14,Tetrahydrofuran fentanyl 3-tetrahydrofurancarboxamide isomer,Opioid,C24H30N2O2,378.0,287,119
2812,SWGDRUG 3.14,ortho-Methylfentanyl,Opioid,C23H30N2O,350.0,259,117
2813,SWGDRUG 3.14,4-MMA-NBOMe,Hallucinogen,C19H25NO,283.0,121,66
2814,SWGDRUG 3.14,Amphetamine-d11,Stimulant,C9H2D11N,146.0,48,57
2815,SWGDRUG 3.14,para-Fluoro Tetrahydrofuran fentanyl,Opioid,C24H29FN2O2,396.0,305,144
2816,SWGDRUG 3.14,para-Fluoro Cyclopropyl fentanyl,Opioid,C23H27FN2O,366.0,275,148
2817,SWGDRUG 3.14,Cyclopropyl fentanyl,Opioid,C23H28N2O,348.0,257,113
2818,SWGDRUG 3.14,EADB-FUBINACA,Precursor / Other,C23H27FN4O2,410.0,109,115
2819,SWGDRUG 3.14,"3,4-Methylenedioxy-.alpha.-methylamino-Isovalerophenone",Precursor / Other,C13H17NO3,235.0,86,73
2820,SWGDRUG 3.14,MEP-FUBINACA,Precursor / Other,C21H22FN3O3,383.0,109,110
2821,SWGDRUG 3.14,Myclobutanil,Precursor / Other,C15H17ClN4,288.0,179,146
2822,SWGDRUG 3.14,Benzoylpiperazine,Precursor / Other,C11H14N2O,190.0,105,77
2823,SWGDRUG 3.14,AZEFUBIM,Precursor / Other,C19H17FN2O,308.0,109,78
2824,SWGDRUG 3.14,Heroin-d9 (Not certified by NIST),Opioid,C21H14D9NO5,378.0,46,267
2825,SWGDRUG 3.14,Venlafaxine-d6 (Not certified by NIST),Precursor / Other,C17H21D6NO2,283.0,64,105
2826,SWGDRUG 3.14,p-Cymene,Precursor / Other,C10H14,134.0,119,56
2827,SWGDRUG 3.14,N-Methylethylone,Precursor / Other,C13H17NO3,235.0,86,53
2828,SWGDRUG 3.14,Cyclopropyl norfentanyl,Opioid,C15H20N2O,244.0,83,125
2829,SWGDRUG 3.14,N-Benzyl phenyl norfentanyl,Opioid,C25H26N2O,370.0,91,108
2830,SWGDRUG 3.14,Isopropyl U-47700,Precursor / Other,C18H26Cl2N2O,356.0,84,142
2831,SWGDRUG 3.14,N-methyl Cyclopropyl norfentanyl,Opioid,C16H22N2O,258.0,96,127
2832,SWGDRUG 3.14,Despropionyl ortho-Methylfentanyl,Opioid,C20H26N2,294.0,160,101
2833,SWGDRUG 3.14,N-methyl U-47931E,Precursor / Other,C16H23BrN2O,338.0,84,107
2834,SWGDRUG 3.14,Brivaracetam,Precursor / Other,C11H20N2O2,212.0,168,66
2835,SWGDRUG 3.14,Ziprasidone,Precursor / Other,C21H21ClN4OS,412.0,232,246
2836,SWGDRUG 3.14,N-methyl Norfentanyl,Opioid,C15H22N2O,246.0,96,111
2837,SWGDRUG 3.14,1-Benzyl-2-methylpiperazine,Precursor / Other,C12H18N2,190.0,91,91
2838,SWGDRUG 3.14,3-Fluoro-.alpha.-Pyrrolidinopentiophenone,Precursor / Other,C15H20FNO,249.0,126,64
2839,SWGDRUG 3.14,meta-Methyl Acetyl fentanyl,Opioid,C22H28N2O,336.0,245,115
2840,SWGDRUG 3.14,.alpha.-Humulene,Precursor / Other,C15H24,204.0,93,85
2841,SWGDRUG 3.14,.beta.-Caryophyllene,Precursor / Other,C15H24,204.0,41,105
2842,SWGDRUG 3.14,"4-Chloro-N,N-Dimethylcathinone",Stimulant,C11H14ClNO,211.0,72,55
2843,SWGDRUG 3.14,U-48800,Precursor / Other,C17H24Cl2N2O,342.0,84,121
2844,SWGDRUG 3.14,2'-Fluoro ortho-Fluorofentanyl,Opioid,C22H26F2N2O,372.0,263,126
2845,SWGDRUG 3.14,MFUBINAC,Precursor / Other,C16H13FN2O2,284.0,109,99
2846,SWGDRUG 3.14,Despropionyl 2'-fluoro ortho-Fluorofentanyl,Opioid,C19H22F2N2,316.0,164,112
2847,SWGDRUG 3.14,4-Cyano CUMYL-BUT7AICA,Precursor / Other,C22H24N4O,360.0,226,159
2848,SWGDRUG 3.14,4-Chloro-.alpha.-Pyrrolidinohexanophenone,Precursor / Other,C16H22ClNO,279.0,140,57
2849,SWGDRUG 3.14,"4'-Fluoro, para-fluoro-cis-3-methyl Fentanyl",Opioid,C23H28F2N2O,386.0,277,123
2850,SWGDRUG 3.14,Flualprazolam,Depressant,C17H12ClFN4,326.0,297,264
2851,SWGDRUG 3.14,6-Acetylmorphine-d6 (Not certified by NIST),Opioid,C19H15D6NO4,333.0,333,246
2852,SWGDRUG 3.14,5-Fluoro-ethylbenzyl-PICA,Precursor / Other,C23H27FN2O,366.0,232,107
2853,SWGDRUG 3.14,para-Methyl Acrylfentanyl,Opioid,C23H28N2O,348.0,257,107
2854,SWGDRUG 3.14,para-Methyl Cyclopentyl fentanyl,Opioid,C26H34N2O,390.0,299,131
2855,SWGDRUG 3.14,para-Fluoro Cyclopentyl fentanyl,Opioid,C25H31FN2O,394.0,303,141
2856,SWGDRUG 3.14,ATHPINACA isomer 2,Precursor / Other,C24H31N3O2,393.0,150,143
2857,SWGDRUG 3.14,5-Fluoro ADB metabolite 2,Precursor / Other,C20H29N3O4,375.0,145,238
2858,SWGDRUG 3.14,meta-Fluoro Acrylfentanyl,Opioid,C22H25FN2O,352.0,261,120
2859,SWGDRUG 3.14,5-Fluoro-7-APAICA,Precursor / Other,C23H30FN3O,383.0,233,176
2860,SWGDRUG 3.14,Flutoprazepam,Precursor / Other,C19H16ClFN2O,342.0,313,289
2861,SWGDRUG 3.14,ortho-Fluoro Furanyl fentanyl,Opioid,C24H25FN2O2,392.0,95,128
2862,SWGDRUG 3.14,2-(p-Fluorophenyl)piperazine,Precursor / Other,C10H13FN2,180.0,122,105
2863,SWGDRUG 3.14,"4'-Fluoro, para-fluoro-trans-3-methyl Fentanyl",Opioid,C23H28F2N2O,386.0,277,116
2864,SWGDRUG 3.14,4-Methyldiethcathinone,Cannabinoid,C14H21NO,219.0,100,58
2865,SWGDRUG 3.14,"3,4-Ethylenedioxy U-51754",Precursor / Other,C19H28N2O3,332.0,125,114
2866,SWGDRUG 3.14,"3,4-Ethylenedioxy U-47700",Precursor / Other,C18H26N2O3,318.0,125,107
2867,SWGDRUG 3.14,4-Phenyl U-51754,Precursor / Other,C23H30N2O,350.0,125,116
2868,SWGDRUG 3.14,5-Fluoro-7-QUPAIC,Precursor / Other,C22H20FN3O2,377.0,233,68
2869,SWGDRUG 3.14,ACHMINACA,Precursor / Other,C25H33N3O,391.0,241,205
2870,SWGDRUG 3.14,GBR 12909,Precursor / Other,C28H32F2N2O,450.0,217,147
2871,SWGDRUG 3.14,Bromadol,Precursor / Other,C22H28BrNO,401.0,240,225
2872,SWGDRUG 3.14,6.alpha.-Naltrexol,Precursor / Other,C20H25NO4,343.0,343,271
2873,SWGDRUG 3.14,RCS-4-d9 (Not certified by NIST),Precursor / Other,C21H14D9NO2,330.0,330,202
2874,SWGDRUG 3.14,N-benzyl Furanyl norfentanyl,Opioid,C23H24N2O2,360.0,91,111
2875,SWGDRUG 3.14,"2,2,3,3-Tetramethyl-Cyclopropyl fentanyl-d5 (Not certified by NIS",Opioid,C27H31D5N2O,409.0,125,133
2876,SWGDRUG 3.14,Bromantane,Precursor / Other,C16H20BrN,305.0,305,160
2877,SWGDRUG 3.14,Phenformin,Precursor / Other,C10H15N5,205.0,91,53
2878,SWGDRUG 3.14,"N,N-Dimethylamido-despropionyl fentanyl",Opioid,C22H29N3O,351.0,72,104
2879,SWGDRUG 3.14,1-Methyl-3-BZP,Precursor / Other,C12H18N2,190.0,99,88
2880,SWGDRUG 3.14,N-benzyl para-fluoro Cyclopropyl norfentanyl,Opioid,C22H25FN2O,352.0,91,149
2881,SWGDRUG 3.14,4-Ethyl Pentedrone,Precursor / Other,C14H21NO,219.0,86,68
2882,SWGDRUG 3.14,3-Hydroxy-PCP,Hallucinogen,C17H25NO,259.0,216,141
2883,SWGDRUG 3.14,3'-Fluoro ortho-Fluorofentanyl,Opioid,C22H26F2N2O,372.0,263,122
2884,SWGDRUG 3.14,"4'-Fluoro, ortho-fluoro-trans-3-methyl Fentanyl",Opioid,C23H28F2N2O,386.0,277,121
2885,SWGDRUG 3.14,Diampromide,Precursor / Other,C21H28N2O,324.0,162,75
2886,SWGDRUG 3.14,Benzodioxole fentanyl-d5 (Not certified by NIST),Opioid,C27H23D5N2O3,433.0,149,146
2887,SWGDRUG 3.14,5-Bromo-APINACA,Precursor / Other,C23H30BrN3O,443.0,294,326
2888,SWGDRUG 3.14,Senecioylfentanyl,Opioid,C24H30N2O,362.0,271,110
2889,SWGDRUG 3.14,2'-Methyl Fentanyl,Opioid,C23H30N2O,350.0,245,146
2890,SWGDRUG 3.14,Cannabigerovarin,Precursor / Other,C19H28O2,288.0,165,152
2891,SWGDRUG 3.14,Heptanoyl fentanyl,Opioid,C26H36N2O,392.0,301,120
2892,SWGDRUG 3.14,"2'-Fluoro, ortho-fluoro-trans-3-methyl Fentanyl",Opioid,C23H28F2N2O,386.0,277,124
2893,SWGDRUG 3.14,"2'-Fluoro, ortho-fluoro-cis-3-methyl Fentanyl",Opioid,C23H28F2N2O,386.0,277,145
2894,SWGDRUG 3.14,"3'-Fluoro, ortho-fluoro-cis-3-methyl Fentanyl",Opioid,C23H28F2N2O,386.0,277,142
2895,SWGDRUG 3.14,"4'-Fluoro, ortho-fluoro-cis-3-methyl Fentanyl",Opioid,C23H28F2N2O,386.0,277,137
2896,SWGDRUG 3.14,N-methoxy Mephedrone,Stimulant,C12H17NO2,207.0,88,46
2897,SWGDRUG 3.14,Propyl U-47700,Precursor / Other,C18H26Cl2N2O,356.0,84,108
2898,SWGDRUG 3.14,"2,3-Seco-Fentanyl",Opioid,C22H30N2O,338.0,204,118
2899,SWGDRUG 3.14,Phenoxyacetyl fentanyl,Opioid,C27H30N2O2,414.0,323,206
2900,SWGDRUG 3.14,3'-Methyl Fentanyl,Opioid,C23H30N2O,350.0,245,125
2901,SWGDRUG 3.14,nor-6.beta.-Oxycodol,Precursor / Other,C17H21NO4,303.0,303,249
2902,SWGDRUG 3.14,Hexanoyl fentanyl,Opioid,C25H34N2O,378.0,287,123
2903,SWGDRUG 3.14,N-(3-ethylindole) Norfentanyl,Opioid,C24H29N3O,375.0,245,155
2904,SWGDRUG 3.14,Desmethylcitalopram-d3,Cannabinoid,C19H16D3FN2O,313.0,47,186
2905,SWGDRUG 3.14,cis-Isofentanyl,Opioid,C22H28N2O,336.0,91,120
2906,SWGDRUG 3.14,Despropionyl para-Methylfentanyl,Opioid,C20H26N2,294.0,160,105
2907,SWGDRUG 3.14,Flunitrazolam,Precursor / Other,C17H12FN5O2,337.0,222,251
2908,SWGDRUG 3.14,Phenyl fentanyl-d5 (Not certified by NIST),Opioid,C26H23D5N2O,389.0,105,108
2909,SWGDRUG 3.14,"1,2-Butanediol",Precursor / Other,C4H10O2,90.0,59,46
2910,SWGDRUG 3.14,"1,2-Butanediol 2TMS derivative",Precursor / Other,C10H26O2Si2,234.0,131,73
2911,SWGDRUG 3.14,"1,4-Butanediol",Precursor / Other,C4H10O2,90.0,42,46
2912,SWGDRUG 3.14,1.4-Butanediol 2TMS derivative,Precursor / Other,C10H26O2Si2,234.0,147,74
2913,SWGDRUG 3.14,2-Amino-5-methylhexane,Precursor / Other,C7H17N,115.0,44,41
2914,SWGDRUG 3.14,2-Aminoheptane,Precursor / Other,C7H17N,115.0,44,33
2915,SWGDRUG 3.14,"4-Androstene-3.alpha.,17.beta.-diol",Precursor / Other,C19H30O2,290.0,91,125
2916,SWGDRUG 3.14,5-Androstenediol di-TMS Derivative,Precursor / Other,C25H46O2Si2,434.0,73,262
2917,SWGDRUG 3.14,Acetaminophen mono-TMS derivative,Precursor / Other,C11H17NO2Si,223.0,181,132
2918,SWGDRUG 3.14,Acetylated 4-methylaminoantipyrine,Precursor / Other,C14H17N3O2,259.0,56,115
2919,SWGDRUG 3.14,alpha-hydroxybutyric acid di-TMS derivative,Precursor / Other,C10H24O3Si2,248.0,131,84
2920,SWGDRUG 3.14,alpha-lactose TMS derivative,Precursor / Other,C36H86O11Si8,918.0,204,195
2921,SWGDRUG 3.14,Amphetamine-D5 (ring) (Not certified by NIST),Stimulant,C9H8D5N,140.0,44,52
2922,SWGDRUG 3.14,Anthracene,Precursor / Other,C14H10,178.0,178,64
2923,SWGDRUG 3.14,Ascobic Acid TMS derivative,Precursor / Other,C18H40O6Si4,464.0,73,214
2924,SWGDRUG 3.14,Atabrine,Precursor / Other,C23H30ClN3O,399.0,86,237
2925,SWGDRUG 3.14,Bemegride,Precursor / Other,C8H13NO2,155.0,55,65
2926,SWGDRUG 3.14,Benoxinate,Precursor / Other,C17H28N2O3,308.0,86,83
2927,SWGDRUG 3.14,Benztropine,Precursor / Other,C21H25NO,307.0,140,119
2928,SWGDRUG 3.14,Beta-Eucaine,Precursor / Other,C15H21NO2,247.0,110,72
2929,SWGDRUG 3.14,.beta.-D-glucose 5-TMS derivative,Precursor / Other,C21H52O6Si5,540.0,204,157
2930,SWGDRUG 3.14,beta-lactose 8-TMS derivative,Precursor / Other,C36H86O11Si8,918.0,204,218
2931,SWGDRUG 3.14,Benzoic Acid TMS derivative,Precursor / Other,C10H14O2Si,194.0,179,78
2932,SWGDRUG 3.14,Piperidino cyclohexylcarboxamide,Precursor / Other,C12H22N2O,210.0,166,107
2933,SWGDRUG 3.14,Chloramphenicol,Precursor / Other,C11H12Cl2N2O5,322.0,153,180
2934,SWGDRUG 3.14,Chlorcyclizine,Precursor / Other,C18H21ClN2,300.0,99,178
2935,SWGDRUG 3.14,Chrysin di-TMS derivative,Precursor / Other,C21H26O4Si2,398.0,383,198
2936,SWGDRUG 3.14,Chrysin,Precursor / Other,C15H10O4,254.0,254,101
2937,SWGDRUG 3.14,Cyclizine,Precursor / Other,C18H22N2,266.0,99,148
2938,SWGDRUG 3.14,"(R)-(+)-N,.alpha.-Dimethylbenzylamine",Precursor / Other,C9H13N,135.0,120,60
2939,SWGDRUG 3.14,Epitestosterone,Anabolic Steroid,C19H28O2,288.0,124,213
2940,SWGDRUG 3.14,Erythorbic Acid 4-TMS derivative,Precursor / Other,C18H40O6Si4,464.0,73,225
2941,SWGDRUG 3.14,Ethyl Vanillin,Precursor / Other,C9H10O3,166.0,137,69
2942,SWGDRUG 3.14,Euphthalmine,Precursor / Other,C17H25NO3,291.0,124,77
2943,SWGDRUG 3.14,gamma-hydroxybutyric acid di-TMS derivative,Precursor / Other,C10H24O3Si2,248.0,147,87
2944,SWGDRUG 3.14,Hyoscyamine,Precursor / Other,C17H23NO3,289.0,124,73
2945,SWGDRUG 3.14,Ibuprofen TMS derivative,Precursor / Other,C16H26O2Si,278.0,73,95
2946,SWGDRUG 3.14,d-Limonene,Precursor / Other,C10H16,136.0,68,74
2947,SWGDRUG 3.14,O6-monoacetylmorphine TMS derivative,Opioid,C22H29NO4Si,399.0,399,301
2948,SWGDRUG 3.14,Mecamylamine,Precursor / Other,C11H21N,167.0,98,81
2949,SWGDRUG 3.14,N-(4-hydroxyphenyl) piperazine,Precursor / Other,C10H14N2O,178.0,136,78
2950,SWGDRUG 3.14,D(-)-Pantoyllactone,Precursor / Other,C6H10O3,130.0,71,37
2951,SWGDRUG 3.14,Pentylenetetrazol,Precursor / Other,C6H10N4,138.0,55,45
2952,SWGDRUG 3.14,Phenindamine,Precursor / Other,C19H19N,261.0,260,173
2953,SWGDRUG 3.14,Piperocaine,Precursor / Other,C16H23NO2,261.0,112,81
2954,SWGDRUG 3.14,Pyridoxine tris-TMS derivative,Precursor / Other,C17H35NO3Si3,385.0,280,180
2955,SWGDRUG 3.14,Androstanediol-3-acetate,Precursor / Other,C21H34O3,334.0,274,205
2956,SWGDRUG 3.14,1-Androstenediol,Precursor / Other,C19H30O2,290.0,91,223
2957,SWGDRUG 3.14,"5.alpha.-Androstene-3.alpha.,17.beta.-diol",Precursor / Other,C19H30O2,290.0,91,221
2958,SWGDRUG 3.14,Sucrose 8-TMS derivative,Precursor / Other,C36H86O11Si8,918.0,361,214
2959,SWGDRUG 3.14,Thenyldiamine,Precursor / Other,C14H19N3S,261.0,97,131
2960,SWGDRUG 3.14,Thiethylperazine,Precursor / Other,C22H29N3S2,399.0,70,276
2961,SWGDRUG 3.14,Vinpocetine,Precursor / Other,C22H26N2O2,350.0,321,217
2962,SWGDRUG 3.14,"3,4-Ethylenedioxyamphetamine",Stimulant,C11H15NO2,193.0,44,75
2963,SWGDRUG 3.14,N-Isopropylcathinone,Stimulant,C12H17NO,191.0,86,58
2964,SWGDRUG 3.14,"3,4-Methylenedioxyephedrine",Stimulant,C11H15NO3,209.0,58,83
2965,SWGDRUG 3.14,"3,4-Methylenedioxyethylcathinone",Stimulant,C12H15NO3,221.0,72,51
2966,SWGDRUG 3.14,N-Propylcathinone,Stimulant,C12H17NO,191.0,86,55
2967,SWGDRUG 3.14,ortho-Fluoro 4-ANBP,Precursor / Other,C18H21FN2,284.0,91,130
2968,SWGDRUG 3.14,para-Fluoro 4-ANBP,Precursor / Other,C18H21FN2,284.0,91,132
2969,SWGDRUG 3.14,MMB022,Precursor / Other,C20H26N2O3,342.0,212,137
2970,SWGDRUG 3.14,3'-Fluorofentanyl,Opioid,C22H27FN2O,354.0,245,125
2971,SWGDRUG 3.14,2'-Fluorofentanyl,Opioid,C22H27FN2O,354.0,245,129
2972,SWGDRUG 3.14,N-Benzyl meta-fluoro Norfentanyl,Opioid,C21H25FN2O,340.0,91,133
2973,SWGDRUG 3.14,Thiophene fentanyl 3-thiophenecarboxamide,Opioid,C24H26N2OS,390.0,111,112
2974,SWGDRUG 3.14,4-Phenyl fentanyl,Opioid,C28H32N2O,412.0,172,154
2975,SWGDRUG 3.14,Tetrahydrothiophene fentanyl,Opioid,C24H30N2OS,394.0,303,137
2976,SWGDRUG 3.14,O-Desmethylvenlafaxine-d6,Precursor / Other,C16H19D6NO2,269.0,64,83
2977,SWGDRUG 3.14,3-Fluoroethamphetamine,Stimulant,C11H16FN,181.0,72,66
2978,SWGDRUG 3.14,2-Fluoroethamphetamine,Stimulant,C11H16FN,181.0,72,63
2979,SWGDRUG 3.14,N-Benzyl para-fluoro Norfentanyl,Opioid,C21H25FN2O,340.0,91,131
2980,SWGDRUG 3.14,Methylclonazepam,Depressant,C16H12ClN3O3,329.0,294,290
2981,SWGDRUG 3.14,Fentanyl Methyl Carbamate,Opioid,C21H26N2O2,338.0,247,135
2982,SWGDRUG 3.14,meta-Methoxy Furanyl fentanyl,Opioid,C25H28N2O3,404.0,313,150
2983,SWGDRUG 3.14,4'-Fluorofentanyl,Opioid,C22H27FN2O,354.0,245,122
2984,SWGDRUG 3.14,.beta.-methyl Acetyl fentanyl,Opioid,C22H28N2O,336.0,231,107
2985,SWGDRUG 3.14,Despropionyl meta-Methylfentanyl,Opioid,C20H26N2,294.0,160,102
2986,SWGDRUG 3.14,4-Fluoroethamphetamine,Stimulant,C11H16FN,181.0,72,72
2987,SWGDRUG 3.14,meta-Methyl Cyclopropyl fentanyl,Opioid,C24H30N2O,362.0,271,116
2988,SWGDRUG 3.14,5-Fluoro phenyl-PICA,Precursor / Other,C20H21FN2O,324.0,232,98
2989,SWGDRUG 3.14,2'-Methyl Acetyl fentanyl,Opioid,C22H28N2O,336.0,231,105
2990,SWGDRUG 3.14,3'-Methyl Acetyl fentanyl,Opioid,C22H28N2O,336.0,231,98
2991,SWGDRUG 3.14,MDMB-4en-PINACA,Precursor / Other,C20H27N3O3,357.0,213,150
2992,SWGDRUG 3.14,4-Chloro CUMYL-PINACA,Precursor / Other,C22H26ClN3O,383.0,215,139
2993,SWGDRUG 3.14,PRL-8-53,Precursor / Other,C18H21NO2,283.0,91,68
2994,SWGDRUG 3.14,4-Fluoro-CUMYL-5-fluoro-PICA,Precursor / Other,C23H26F2N2O,384.0,232,181
2995,SWGDRUG 3.14,meta-Fluoro 4-ANBP,Precursor / Other,C18H21FN2,284.0,91,123
2996,SWGDRUG 3.14,Andarine,Precursor / Other,C19H18F3N3O6,441.0,109,215
2997,SWGDRUG 3.14,Difludiazepam,Depressant,C16H11ClF2N2O,320.0,301,283
2998,SWGDRUG 3.14,4-Fluoro-CUMYL-5-fluoro-PINACA,Precursor / Other,C22H25F2N3O,385.0,233,185
2999,SWGDRUG 3.14,AP-237,Precursor / Other,C17H24N2O,272.0,117,132
3000,SWGDRUG 3.14,NSI-189,Precursor / Other,C22H30N4O,366.0,91,146
3001,SWGDRUG 3.14,Piperidylthiambutene,Precursor / Other,C17H21NS2,303.0,288,191
3002,SWGDRUG 3.14,Nitrazolam,Precursor / Other,C17H13N5O2,319.0,302,254
3003,SWGDRUG 3.14,Bromazolam,Precursor / Other,C17H13BrN4,352.0,204,232
3004,SWGDRUG 3.14,N-Methyl-N-Ethyltryptamine,Hallucinogen,C13H18N2,202.0,72,58
3005,SWGDRUG 3.14,"1-(1,3-Diphenylpropan-2-yl)pyrrolidine",Precursor / Other,C19H23N,265.0,174,83
3006,SWGDRUG 3.14,"3,4-Dichloroethcathinone",Cannabinoid,C11H13Cl2NO,245.0,72,71
3007,SWGDRUG 3.14,1-Demethyl Phenazolam,Precursor / Other,C16H10BrClN4,372.0,75,292
3008,SWGDRUG 3.14,Carvedilol,Precursor / Other,C24H26N2O4,406.0,183,271
3009,SWGDRUG 3.14,Amiloride,Precursor / Other,C6H8ClN7O,229.0,187,108
3010,SWGDRUG 3.14,Butylone-d3,Precursor / Other,C12H12D3NO3,224.0,75,52
3011,SWGDRUG 3.14,Valeryl fentanyl,Opioid,C24H32N2O,364.0,273,155
3012,SWGDRUG 3.14,para-Fluoroacetyl fentanyl,Opioid,C21H25FN2O,340.0,249,146
3013,SWGDRUG 3.14,3-Methyl butyryl fentanyl,Opioid,C24H32N2O,364.0,273,136
3014,SWGDRUG 3.14,beta'-Phenyl fentanyl,Opioid,C28H32N2O,412.0,321,138
3015,SWGDRUG 3.14,3.beta.-hydroxyandrost-4-en-17-one,Precursor / Other,C19H28O2,288.0,91,229
3016,SWGDRUG 3.14,19-Norandrost-4-ene-3.beta.-ol-17-one,Precursor / Other,C18H26O2,274.0,91,211
3017,SWGDRUG 3.14,1-Dehydro Epiandrosterone,Anabolic Steroid,C19H28O2,288.0,91,230
3018,SWGDRUG 3.14,Azaperone,Precursor / Other,C19H22FN3O,327.0,107,133
3019,SWGDRUG 3.14,N-benzyl para-fluoro norfentanyl,Opioid,C21H25FN2O,340.0,82,146
3020,SWGDRUG 3.14,N-butylamphetamine,Stimulant,C13H21N,191.0,100,70
3021,SWGDRUG 3.14,2-Bromo-Lysergic Acid Diethylamide,Hallucinogen,C20H24BrN3O,401.0,301,227
3022,SWGDRUG 3.14,Methyltrienolone,Precursor / Other,C19H24O2,284.0,213,218
3023,SWGDRUG 3.14,Androsterone,Anabolic Steroid,C19H30O2,290.0,290,221
3024,SWGDRUG 3.14,Medetomidine,Precursor / Other,C13H16N2,200.0,185,127
3025,SWGDRUG 3.14,D-Phenylalaninol,Precursor / Other,C9H13NO,151.0,60,61
3026,SWGDRUG 3.14,2-Chloroacetophenone,Precursor / Other,C8H7ClO,154.0,105,53
3027,SWGDRUG 3.14,4-Fluorobenzaldehyde,Precursor / Other,C7H5FO,124.0,123,58
3028,SWGDRUG 3.14,(4-Fluorophenyl)acetone,Precursor / Other,C9H9FO,152.0,109,83
3029,SWGDRUG 3.14,2-Methoxyphenylacetone,Precursor / Other,C10H12O2,164.0,91,63
3030,SWGDRUG 3.14,3-Methoxyphenylacetone,Precursor / Other,C10H12O2,164.0,121,74
3031,SWGDRUG 3.14,4-Methoxyphenylacetone,Precursor / Other,C10H12O2,164.0,121,57
3032,SWGDRUG 3.14,2-Ethylbutyric Acid,Precursor / Other,C6H12O2,116.0,88,52
3033,SWGDRUG 3.14,"1,3-Benzodioxole",Precursor / Other,C7H6O2,122.0,121,44
3034,SWGDRUG 3.14,5-Benzyloxy-N-ethyl-N-methyltryptamine,Hallucinogen,C20H24N2O,308.0,72,76
3035,SWGDRUG 3.14,"3',4'-(Methylenedioxy)acetophenone",Precursor / Other,C9H8O3,164.0,149,58
3036,SWGDRUG 3.14,"1-(3,4-Methylenedioxyphenyl)-2-nitro-1-propene",Precursor / Other,C10H9NO4,207.0,103,115
3037,SWGDRUG 3.14,Piperonylic Acid,Precursor / Other,C8H6O4,166.0,165,72
3038,SWGDRUG 3.14,"2',5'-Dimethoxyacetophenone",Precursor / Other,C10H12O3,180.0,165,86
3039,SWGDRUG 3.14,"3,4-Dimethoxybenzaldehyde",Precursor / Other,C9H10O3,166.0,166,72
3040,SWGDRUG 3.14,"2,5-Dimethoxytoluene",Precursor / Other,C9H12O2,152.0,137,67
3041,SWGDRUG 3.14,"2,4,6-Trimethoxybenzaldehyde",Precursor / Other,C10H12O4,196.0,196,118
3042,SWGDRUG 3.14,"2,3,4-Trimethoxybenzaldehyde",Precursor / Other,C10H12O4,196.0,196,120
3043,SWGDRUG 3.14,3-(Dimethylamino)propiophenone,Precursor / Other,C11H15NO,177.0,58,63
3044,SWGDRUG 3.14,4'-Fluoropropiophenone,Precursor / Other,C9H9FO,152.0,123,62
3045,SWGDRUG 3.14,4'-Methoxypropiophenone,Precursor / Other,C10H12O2,164.0,135,53
3046,SWGDRUG 3.14,4'-Methylpropiophenone,Precursor / Other,C10H12O,148.0,119,53
3047,SWGDRUG 3.14,Piperonyl nitrile,Precursor / Other,C8H5NO2,147.0,146,52
3048,SWGDRUG 3.14,"2,3-Dimethoxybenzaldehyde",Precursor / Other,C9H10O3,166.0,166,87
3049,SWGDRUG 3.14,"3,5-Dimethoxybenzaldehyde",Precursor / Other,C9H10O3,166.0,166,74
3050,SWGDRUG 3.14,m-Nitrobenzaldehyde,Precursor / Other,C7H5NO3,151.0,151,57
3051,SWGDRUG 3.14,o-Nitrobenzaldehyde,Precursor / Other,C7H5NO3,151.0,121,60
3052,SWGDRUG 3.14,p-Nitrobenzaldehyde,Precursor / Other,C7H5NO3,151.0,151,62
3053,SWGDRUG 3.14,"1-(2,5-Dimethoxybenzyl)piperazine",Precursor / Other,C13H20N2O2,236.0,151,127
3054,SWGDRUG 3.14,4-Methoxyindole,Precursor / Other,C9H9NO,147.0,147,59
3055,SWGDRUG 3.14,5-Benzyloxyindole,Precursor / Other,C15H13NO,223.0,132,83
3056,SWGDRUG 3.14,4-Acetoxyindole,Precursor / Other,C10H9NO2,175.0,133,58
3057,SWGDRUG 3.14,4-Benzyloxyindole,Precursor / Other,C15H13NO,223.0,91,85
3058,SWGDRUG 3.14,5-Methoxyindole,Precursor / Other,C9H9NO,147.0,147,58
3059,SWGDRUG 3.14,"5,6-Methylenedioxyindole",Precursor / Other,C9H7NO2,161.0,161,62
3060,SWGDRUG 3.14,1-(4-Fluorobenzamidomethyl)-cyclohexyldimethylamine,Precursor / Other,C16H23FN2O,278.0,126,75
3061,SWGDRUG 3.14,1-(4-Trifluoromethylbenzamidomethyl)-cyclohexyldimethylamine,Precursor / Other,C17H23F3N2O,328.0,126,82
3062,SWGDRUG 3.14,1-(4-Methoxybenzamidomethyl)-cyclohexyldimethylamine,Precursor / Other,C17H26N2O2,290.0,126,78
3063,SWGDRUG 3.14,"1-(3,4-Difluorobenzamidomethyl)-cyclohexyldimethylamine",Precursor / Other,C16H22F2N2O,296.0,126,72
3064,SWGDRUG 3.14,"1-(3,4-Dichlorobenzenesulfonamidomethyl)-cyclohexyldimethylamine",Precursor / Other,C15H22Cl2N2O2S,364.0,126,101
3065,SWGDRUG 3.14,1-(4-Bromobenzamidomethyl)-cyclohexyldimethylamine,Precursor / Other,C16H23BrN2O,338.0,126,79
3066,SWGDRUG 3.14,1-(2-Chloronicotinamidomethyl)-cyclohexyldimethylamine,Precursor / Other,C15H22ClN3O,295.0,126,86
3067,SWGDRUG 3.14,1-(1-Naphthamidomethyl)-cyclohexyldimethylamine,Precursor / Other,C20H26N2O,310.0,126,76
3068,SWGDRUG 3.14,1-(Nicotinamidomethyl)-cyclohexyldimethylamine,Precursor / Other,C15H23N3O,261.0,126,121
3069,SWGDRUG 3.14,1-(Isonicotinamidomethyl)-cyclohexyldimethylamine,Precursor / Other,C15H23N3O,261.0,126,73
3070,SWGDRUG 3.14,1-(1-Adamantanecarboxamidomethyl)-cyclohexyldimethylamine,Precursor / Other,C20H34N2O,318.0,126,76
3071,SWGDRUG 3.14,1-(3-Fluorobenzamidomethyl)-cyclohexyldimethylamine,Precursor / Other,C16H23FN2O,278.0,126,73
3072,SWGDRUG 3.14,1-(5-Chlorothienyl-2-carboxamidomethyl)-cyclohexyldimethylamine,Precursor / Other,C14H21ClN2OS,300.0,126,93
3073,SWGDRUG 3.14,"4-Fluoro-N-((1R,2R)-2-(dimethylamino)cyclohexyl)-N-methylbenzamid",Precursor / Other,C16H23FN2O,278.0,84,167
3074,SWGDRUG 3.14,"4-Trifluoromethyl-N-((1R,2R)-2-(dimethylamino)cyclohexyl)-N-methy",Precursor / Other,C17H23F3N2O,328.0,84,200
3075,SWGDRUG 3.14,"N-((1R,2R)-2-(dimethylamino)cyclohexyl)-4-methoxy-N-methylbenzami",Precursor / Other,C17H26N2O2,290.0,125,180
3076,SWGDRUG 3.14,"3,4-Difluoro U-47700",Precursor / Other,C16H22F2N2O,296.0,84,117
3077,SWGDRUG 3.14,"N-((1R,2R)-2-(dimethylamino)cyclohexyl)-3,4-dichloro-N-methylbenz",Precursor / Other,C15H22Cl2N2O2S,364.0,155,142
3078,SWGDRUG 3.14,"N-((1R,2R)-2-(dimethylamino)cyclohexyl)-2-chloro-N-methylnicotina",Precursor / Other,C15H22ClN3O,295.0,84,158
3079,SWGDRUG 3.14,"N-((1R,2R)-2-(dimethylamino)cyclohexyl)-N-methyl-1-naphthylcarbox",Precursor / Other,C20H26N2O,310.0,125,171
3080,SWGDRUG 3.14,"N-((1R,2R)-2-(dimethylamino)cyclohexyl)-N-methyl-3-pyridinecarbox",Precursor / Other,C15H23N3O,261.0,84,169
3081,SWGDRUG 3.14,"N-((1R,2R)-2-(dimethylamino)cyclohexyl)-N-methyl-4-pyridinecarbox",Precursor / Other,C15H23N3O,261.0,84,162
3082,SWGDRUG 3.14,"N-((1R,2R)-2-(dimethylamino)cyclohexyl)-N-methylbenzamide",Precursor / Other,C16H24N2O,260.0,125,122
3083,SWGDRUG 3.14,"N-((1R,2R)-2-(dimethylamino)cyclohexyl)-N-methyl-1-adamantylcarbo",Precursor / Other,C20H34N2O,318.0,125,103
3084,SWGDRUG 3.14,"N-((1R,2R)-2-(dimethylamino)cyclohexyl)-3-chloro-N-methylbenzamid",Precursor / Other,C16H23ClN2O,294.0,84,149
3085,SWGDRUG 3.14,"N-((1R,2R)-2-(dimethylamino)cyclohexyl)-3-fluoro-N-methylbenzamid",Precursor / Other,C16H23FN2O,278.0,84,115
3086,SWGDRUG 3.14,"N-((1R,2R)-2-(dimethylamino)cyclohexyl)-5-chloro-N-methylthienyl-",Precursor / Other,C14H21ClN2OS,300.0,84,239
3087,SWGDRUG 3.14,"4-Chloro-N-((1R,2R)-2-(dimethylamino)cyclohexyl)-benzamide",Precursor / Other,C15H21ClN2O,280.0,84,118
3088,SWGDRUG 3.14,4-Fluoro U-47931E,Precursor / Other,C15H21FN2O,264.0,84,102
3089,SWGDRUG 3.14,"4-Trifluoromethyl-N-((1R,2R)-2-(dimethylamino)cyclohexyl)-benzami",Precursor / Other,C16H21F3N2O,314.0,84,123
3090,SWGDRUG 3.14,"N-((1R,2R)-2-(dimethylamino)cyclohexyl)-4-methoxybenzamide",Precursor / Other,C16H24N2O2,276.0,125,110
3091,SWGDRUG 3.14,"N-((1R,2R)-2-(dimethylamino)cyclohexyl)-3,4-difluorobenzamide",Precursor / Other,C15H20F2N2O,282.0,84,104
3092,SWGDRUG 3.14,"N-((1R,2R)-2-(dimethylamino)cyclohexyl)-3,4-dichlorobenzsulfonami",Precursor / Other,C14H20Cl2N2O2S,350.0,141,107
3093,SWGDRUG 3.14,U-47931E,Precursor / Other,C15H21BrN2O,324.0,84,132
3094,SWGDRUG 3.14,"N-((1R,2R)-2-(dimethylamino)cyclohexyl)-2-chloronicotinamide",Precursor / Other,C14H20ClN3O,281.0,84,135
3095,SWGDRUG 3.14,AH 8532,Precursor / Other,C16H23ClN2O,294.0,126,78
3096,SWGDRUG 3.14,U-48520,Precursor / Other,C16H23ClN2O,294.0,84,127
3097,SWGDRUG 3.14,U-47109,Precursor / Other,C15H20Cl2N2O,314.0,84,123
3098,SWGDRUG 3.14,N-Desmethylmirtazepine,Precursor / Other,C16H17N3,251.0,195,101
3099,SWGDRUG 3.14,Norchlorcyclizine,Precursor / Other,C17H19ClN2,286.0,201,158
3100,SWGDRUG 3.14,"3,4-Dichloromethcathinone",Cannabinoid,C10H11Cl2NO,231.0,58,72
3101,SWGDRUG 3.14,2-Methyl AP-237,Precursor / Other,C18H26N2O,286.0,117,138
3102,SWGDRUG 3.14,Deschloronorketamine,Hallucinogen,C12H15NO,189.0,132,64
3103,SWGDRUG 3.14,Nifoxipam,Precursor / Other,C15H10FN3O4,315.0,223,217
3104,SWGDRUG 3.14,Phenazolam,Precursor / Other,C17H12BrClN4,386.0,359,310
3105,SWGDRUG 3.14,Tigloyl fentanyl,Opioid,C24H30N2O,362.0,271,113
3106,SWGDRUG 3.14,"4-Chloro-17.alpha.-methyl-androst-4-ene-3.beta.,17.beta.-diol",Precursor / Other,C20H31ClO2,338.0,303,280
3107,SWGDRUG 3.14,Methylclostebol,Precursor / Other,C20H29ClO2,336.0,91,279
3108,SWGDRUG 3.14,para-Hydroxy Butyryl fentanyl,Opioid,C23H30N2O2,366.0,275,209
3109,SWGDRUG 3.14,Tolvaptan,Precursor / Other,C26H25ClN2O3,448.0,252,141
3110,SWGDRUG 3.14,meta-Fluoro Furanyl fentanyl,Opioid,C24H25FN2O2,392.0,95,124
3111,SWGDRUG 3.14,Paynantheine,Precursor / Other,C23H28N2O4,396.0,214,321
3112,SWGDRUG 3.14,"2,5-Dimethyl-.alpha.-Pyrrolidinovalerophenone",Precursor / Other,C17H25NO,259.0,126,92
3113,SWGDRUG 3.14,"2,3,4-Trimethoxyamphetamine",Stimulant,C12H19NO3,225.0,44,112
3114,SWGDRUG 3.14,"N-benzyl-3,4-Dimethoxyamphetamine",Stimulant,C18H23NO2,285.0,91,71
3115,SWGDRUG 3.14,meta-Fluoro Valeryl fentanyl,Opioid,C24H31FN2O,382.0,291,154
3116,SWGDRUG 3.14,Fentanyl Carbamate,Opioid,C22H28N2O2,352.0,261,114
3117,SWGDRUG 3.14,4-Chloro Buphedrone,Precursor / Other,C11H14ClNO,211.0,72,61
3118,SWGDRUG 3.14,4-Methylthio-N-benzylcathinone,Stimulant,C17H19NOS,285.0,91,79
3119,SWGDRUG 3.14,".alpha.-Ethylamino-3,3-Dimethylbutyrophenone",Precursor / Other,C14H21NO,219.0,114,73
3120,SWGDRUG 3.14,Ipriflavone,Precursor / Other,C18H16O3,280.0,237,95
3121,SWGDRUG 3.14,JWH 018-d9,Cannabinoid,C24H14D9NO,350.0,127,232
3122,SWGDRUG 3.14,ALD-52,Precursor / Other,C22H27N3O2,365.0,263,256
3123,SWGDRUG 3.14,1B-LSD,Hallucinogen,C24H31N3O2,393.0,221,311
3124,SWGDRUG 3.14,Cabergoline,Precursor / Other,C26H37N5O2,451.0,58,251
3125,SWGDRUG 3.14,4-Hydroxy-N-methyl-N-Propyltryptamine,Hallucinogen,C14H20N2O,232.0,86,82
3126,SWGDRUG 3.14,N-Butyl Pentylone,Precursor / Other,C16H23NO3,277.0,128,81
3127,SWGDRUG 3.14,Toltrazuril,Precursor / Other,C18H14F3N3O4S,425.0,425,227
3128,SWGDRUG 3.14,"2,3,6-Trimethoxyamphetamine",Stimulant,C12H19NO3,225.0,44,108
3129,SWGDRUG 3.14,5-Fluoro MDMB-PICA metabolite 7,Precursor / Other,C20H27FN2O3,362.0,232,161
3130,SWGDRUG 3.14,N-Propyl Hexylone,Precursor / Other,C16H23NO3,277.0,128,77
3131,SWGDRUG 3.14,6-Fluoro DET,Precursor / Other,C14H19FN2,234.0,86,90
3132,SWGDRUG 3.14,5-Fluoro AB-PINACA 3-carboxyindazole metabolite,Precursor / Other,C13H15FN2O2,250.0,131,134
3133,SWGDRUG 3.14,"5-Methoxy-N,N-Dibutyltryptamine",Hallucinogen,C19H30N2O,302.0,142,76
3134,SWGDRUG 3.14,N-Isobutyl Pentylone,Precursor / Other,C16H23NO3,277.0,128,96
3135,SWGDRUG 3.14,N-tert-Butyl Pentylone,Precursor / Other,C16H23NO3,277.0,72,118
3136,SWGDRUG 3.14,Caffeine-d3,Stimulant,C8H7D3N4O2,197.0,197,75
3137,SWGDRUG 3.14,4-Fluoro MDMB-BUTINACA,Precursor / Other,C19H26FN3O3,363.0,219,120
3138,SWGDRUG 3.14,Canrenone,Precursor / Other,C22H28O3,340.0,267,275
3139,SWGDRUG 3.14,7-Fluoro Tryptamine,Hallucinogen,C10H11FN2,178.0,148,94
3140,SWGDRUG 3.14,"5,7-Dichloro Tryptamine",Hallucinogen,C10H10Cl2N2,228.0,198,160
3141,SWGDRUG 3.14,N-sec-Butyl Pentylone,Precursor / Other,C16H23NO3,277.0,128,87
3142,SWGDRUG 3.14,"5-Methoxy-N,N-Diisobutyltryptamine",Hallucinogen,C19H30N2O,302.0,142,76
3143,SWGDRUG 3.14,8-Aminoclonazolam,Precursor / Other,C17H14ClN5,323.0,323,245
3144,SWGDRUG 3.14,Fluclotizolam,Precursor / Other,C15H10ClFN4S,332.0,332,285
3145,SWGDRUG 3.14,4-Fluoro MDMB-BUTINACA 3-carboxyindazole metabolite,Precursor / Other,C12H13FN2O2,236.0,175,112
3146,SWGDRUG 3.14,"3,4-Methylenedioxy Pyrovalerone metabolite 1",Stimulant,C16H23NO3,277.0,126,62
3147,SWGDRUG 3.14,5.alpha.-Dihydro-11-keto Testosterone,Anabolic Steroid,C19H28O3,304.0,304,249
3148,SWGDRUG 3.14,7-keto Dehydroepiandrosterone,Anabolic Steroid,C19H26O3,302.0,302,243
3149,SWGDRUG 3.14,Geranylgeranyl Alcohol,Precursor / Other,C20H34O,290.0,69,134
3150,SWGDRUG 3.14,"6.alpha.-Methyl-androst-4-ene-3,17-dione",Precursor / Other,C20H28O2,300.0,138,229
3151,SWGDRUG 3.14,5-AcO-DMT,Hallucinogen,C14H18N2O2,246.0,58,85
3152,SWGDRUG 3.14,CL-218872,Precursor / Other,C13H9F3N4,278.0,140,156
3153,SWGDRUG 3.14,Norcodeine,Opioid,C17H19NO3,285.0,285,219
3154,SWGDRUG 3.14,Benzethidine,Precursor / Other,C23H29NO3,367.0,246,94
3155,SWGDRUG 3.14,Thiambutene,Precursor / Other,C16H21NS2,291.0,276,150
3156,SWGDRUG 3.14,Nicomorphine,Opioid,C29H25N3O5,495.0,106,218
3157,SWGDRUG 3.14,Norlevophanol,Precursor / Other,C16H21NO,243.0,243,130
3158,SWGDRUG 3.14,1-Benzyl-4-phenyl-4-(propionyloxy)piperidine,Precursor / Other,C21H25NO2,323.0,91,130
3159,SWGDRUG 3.14,(N-Phenyl-N-[1-(2-phenylethyl)-4-piperidinyl]propanethioamide),Precursor / Other,C22H28N2S,352.0,261,204
3160,SWGDRUG 3.14,UF-17,Precursor / Other,C17H26N2O,274.0,125,122
3161,SWGDRUG 3.14,N-Ethyl Hexylone,Precursor / Other,C15H21NO3,263.0,114,100
3162,SWGDRUG 3.14,Methylstenbolone,Precursor / Other,C21H32O2,316.0,136,233
3163,SWGDRUG 3.14,Boldenone Propionate,Anabolic Steroid,C22H30O3,342.0,122,174
3164,SWGDRUG 3.14,6.alpha.-Chloro testosterone,Anabolic Steroid,C19H27ClO2,322.0,158,259
3165,SWGDRUG 3.14,N-methyl-N-propyl Pentylone,Precursor / Other,C16H23NO3,277.0,128,62
3166,SWGDRUG 3.14,N-methyl meta-methyl Phenyl fentanyl,Opioid,C20H24N2O,308.0,203,127
3167,SWGDRUG 3.14,N-methyl ortho-methyl Phenyl fentanyl,Opioid,C20H24N2O,308.0,97,134
3168,SWGDRUG 3.14,6a-Hydroxy Methandienone,Precursor / Other,C20H28O3,316.0,43,255
3169,SWGDRUG 3.14,"4-Chloro-17.beta.-hydroxy-17-methylandrost-4-ene-3,11-dione",Precursor / Other,C20H27ClO3,350.0,43,286
3170,SWGDRUG 3.14,3'-Hydroxy Lidocaine,Precursor / Other,C14H22N2O2,250.0,86,72
3171,SWGDRUG 3.14,Dorzolamide,Precursor / Other,C10H16N2O4S3,324.0,138,234
3172,SWGDRUG 3.14,"(6aR,9S)-delta10-THC",Cannabinoid,C21H30O2,314.0,299,220
3173,SWGDRUG 3.14,Ethotoin,Precursor / Other,C11H12N2O2,204.0,104,65
3174,SWGDRUG 3.14,(S)-Mephenytoin,Precursor / Other,C12H14N2O2,218.0,189,64
3175,SWGDRUG 3.14,"(6aR,9R)-delta10-THC",Cannabinoid,C21H30O2,314.0,299,226
3176,SWGDRUG 3.14,"1,3-Dimethylbutylamine",Precursor / Other,C6H15N,101.0,44,28
3177,SWGDRUG 3.14,MDMB-3en-BUTINACA,Precursor / Other,C19H25N3O3,343.0,199,133
3178,SWGDRUG 3.14,"N,N-Diethyl Hexylone",Precursor / Other,C17H25NO3,291.0,142,80
3179,SWGDRUG 3.14,N-methyl para-methyl Phenyl fentanyl,Opioid,C20H24N2O,308.0,203,129
3180,SWGDRUG 3.14,Theacrine,Precursor / Other,C9H12N4O3,224.0,224,77
3181,SWGDRUG 3.14,Methyl 2-phenylacetoacetate,Precursor / Other,C11H12O3,192.0,118,74
3182,SWGDRUG 3.14,BMK methyl glycidate,Precursor / Other,C11H12O3,192.0,121,67
3183,SWGDRUG 3.14,"2',3'-Dimethoxy Fentanyl",Opioid,C24H32N2O3,396.0,245,136
3184,SWGDRUG 3.14,4-Methyl Fentanyl,Opioid,C23H30N2O,350.0,259,116
3185,SWGDRUG 3.14,MDMB-CHMICA metabolite M2,Precursor / Other,C22H30N2O3,370.0,296,158
3186,SWGDRUG 3.14,"3',5'-Dimethoxy Fentanyl",Opioid,C24H32N2O3,396.0,245,146
3187,SWGDRUG 3.14,5-Fluoro MDMB-PICA metabolite 2,Precursor / Other,C21H30N2O4,374.0,230,160
3188,SWGDRUG 3.14,5-Hydroxy-N-methyl Tryptamine,Hallucinogen,C11H14N2O,190.0,147,133
3189,SWGDRUG 3.14,Cyclopropaneacetyl fentanyl,Opioid,C24H30N2O,362.0,271,113
3190,SWGDRUG 3.14,4-Cyano MDMB-BUTINACA,Precursor / Other,C20H26N4O3,370.0,226,121
3191,SWGDRUG 3.14,"3',4'-Dimethoxy Fentanyl",Opioid,C24H32N2O3,396.0,245,128
3192,SWGDRUG 3.14,"5-Methoxy-N,N-Diethylpentylone",Precursor / Other,C17H25NO4,307.0,128,85
3193,SWGDRUG 3.14,.alpha.-Isobutylaminohexanophenone,Precursor / Other,C16H25NO,247.0,142,84
3194,SWGDRUG 3.14,3-Hydroxy PCE,Precursor / Other,C14H21NO,219.0,176,120
3195,SWGDRUG 3.14,Alcaftadine,Precursor / Other,C19H21N3O,307.0,263,200
3196,SWGDRUG 3.14,Denatonium,Precursor / Other,C21H29N2O,325.0,176,82
3197,SWGDRUG 3.14,para-Methoxy 4-ANPP,Precursor / Other,C20H26N2O,310.0,176,122
3198,SWGDRUG 3.14,.alpha.-Diethylaminohexanophenone,Precursor / Other,C16H25NO,247.0,142,79
3199,SWGDRUG 3.14,para-Toluoyl fentanyl,Opioid,C27H30N2O,398.0,119,100
3200,SWGDRUG 3.14,"9(S)-delta6a,10a-THC",Cannabinoid,C21H30O2,314.0,299,151
3201,SWGDRUG 3.14,"9(R)-delta6a,10a-THC",Cannabinoid,C21H30O2,314.0,299,152
3202,SWGDRUG 3.14,"3,5-Dimethoxyamphetamine",Stimulant,C11H17NO2,195.0,44,87
3203,SWGDRUG 3.14,LSM-775,Precursor / Other,C20H23N3O2,337.0,221,246
3204,SWGDRUG 3.14,Vortioxetine,Precursor / Other,C18H22N2S,298.0,256,189
3205,SWGDRUG 3.14,para-Bromo 4-ANPP,Precursor / Other,C19H23BrN2,358.0,269,174
3206,SWGDRUG 3.14,para-Bromofentanyl (Not Certified by NIST),Opioid,C22H27BrN2O,414.0,323,220
3207,SWGDRUG 3.14,Perampanel,Precursor / Other,C23H15N3O,349.0,349,182
3208,SWGDRUG 3.14,4-Methylethcathinone metabolite,Cannabinoid,C12H19NO,193.0,72,70
3209,SWGDRUG 3.14,(.+/-.)-Cannabichromeorcin,Precursor / Other,C17H22O2,258.0,175,84
3210,SWGDRUG 3.14,5-Fluoro MDMB-PICA metabolite 7-d5,Precursor / Other,C20H22D5FN2O3,367.0,237,192
3211,SWGDRUG 3.14,"3-Chloro-N,N-Dimethylcathinone",Stimulant,C11H14ClNO,211.0,72,54
3212,SWGDRUG 3.14,2-Fluoro MT-45,Precursor / Other,C24H31FN2,366.0,275,161
3213,SWGDRUG 3.14,5-Fluoro MDMB-PICA-d5,Precursor / Other,C21H24D5FN2O3,381.0,237,139
3214,SWGDRUG 3.14,5-Fluoro CUMYL-PeGACLONE,Precursor / Other,C25H27FN2O,390.0,272,214
3215,SWGDRUG 3.14,JWH 073 N-(4-hydroxybutyl) metabolite-d5,Cannabinoid,C23H16D5NO2,348.0,127,266
3216,SWGDRUG 3.14,Furanyl UF-17,Precursor / Other,C19H24N2O2,312.0,84,132
3217,SWGDRUG 3.14,Desmethylclotiazepam,Precursor / Other,C15H13ClN2OS,304.0,275,248
3218,SWGDRUG 3.14,Delta8-Tetrahydrocannabivarin,Precursor / Other,C19H26O2,286.0,203,189
3219,SWGDRUG 3.14,5-Fluoro MPP-PICA,Precursor / Other,C24H27FN2O3,410.0,232,138
3220,SWGDRUG 3.14,"3,4-Methylenedioxy-N-ethyl-N-hydroxyamphetamine",Stimulant,C12H17NO3,223.0,88,98
3221,SWGDRUG 3.14,"3,4-Methylenedioxy-N-isopropylamphetamine",Stimulant,C13H19NO2,221.0,86,85
3222,SWGDRUG 3.14,"3,4-Methylenedioxyphenyl-3-ethylaminobutane",Precursor / Other,C13H19NO2,221.0,72,104
3223,SWGDRUG 3.14,"3,4-Methylenedioxyphenyl-3-aminobutane",Precursor / Other,C11H15NO2,193.0,44,71
3224,SWGDRUG 3.14,"3',4'-Ethylenedioxy-phenyl-2-nitropropene",Precursor / Other,C11H11NO4,221.0,174,147
3225,SWGDRUG 3.14,"N-Formyl-3,4-Methylenedioxyphenylpropanolamine",Precursor / Other,C11H13NO4,223.0,73,107
3226,SWGDRUG 3.14,"3,6-Dimethyl-2,5-diphenylpyrazine",Precursor / Other,C18H16N2,260.0,115,99
3227,SWGDRUG 3.14,delta-Valerolactone,Precursor / Other,C5H8O2,100.0,42,30
3228,SWGDRUG 3.14,N-ethylphenylpropanolamine,Precursor / Other,C11H17NO,179.0,72,64
3229,SWGDRUG 3.14,.alpha.-Aminoacetophenone,Precursor / Other,C8H9NO,135.0,77,36
3230,SWGDRUG 3.14,N-Benzoylpiperidine,Precursor / Other,C12H15NO,189.0,105,84
3231,SWGDRUG 3.14,"3,4-Methylenedioxypropiophenone-2-oxime",Precursor / Other,C10H9NO4,207.0,149,79
3232,SWGDRUG 3.14,1-Morpholinocyclohexane-1-carbonitrile,Precursor / Other,C11H18N2O,194.0,151,116
3233,SWGDRUG 3.14,1-Morpholino-1-cyclohexene,Precursor / Other,C10H17NO,167.0,108,94
3234,SWGDRUG 3.14,Acetylphenylpropanolamine,Precursor / Other,C11H15NO2,193.0,44,76
3235,SWGDRUG 3.14,"1-Phenyl-1,2-Propanedione-2-Oxime",Precursor / Other,C9H9NO2,163.0,105,57
3236,SWGDRUG 3.14,"4-Benzyloxy-N,N-dimethyltryptamine",Hallucinogen,C19H22N2O,294.0,58,131
3237,SWGDRUG 3.14,"2,4,6-Trimethoxyphenyl-2-nitropropene",Precursor / Other,C12H15NO5,253.0,206,170
3238,SWGDRUG 3.14,"2,3-Methylenedioxyphenyl-2-nitropropene",Precursor / Other,C10H9NO4,207.0,103,119
3239,SWGDRUG 3.14,4-Fluorophenyl-2-nitropropene,Precursor / Other,C9H8FNO2,181.0,133,115
3240,SWGDRUG 3.14,"2,3,4-Trimethoxyphenyl-2-nitropropene",Precursor / Other,C12H15NO5,253.0,177,176
3241,SWGDRUG 3.14,"3,4-Dimethoxyphenyl-2-nitropropene",Precursor / Other,C11H13NO4,223.0,176,151
3242,SWGDRUG 3.14,"2,5-Dimethoxyamphetamine phthalimide",Stimulant,C19H19NO4,325.0,174,124
3243,SWGDRUG 3.14,2-Thienylcyclohexanetetrahydropyridine,Precursor / Other,C15H21NS,247.0,97,169
3244,SWGDRUG 3.14,N-Methyl-4-methylaminorex (cis),Precursor / Other,C11H14N2O,190.0,118,101
3245,SWGDRUG 3.14,Phenylcyclohexylamine,Precursor / Other,C12H17N,175.0,132,90
3246,SWGDRUG 3.14,TCPy,Precursor / Other,C14H21NS,235.0,97,160
3247,SWGDRUG 3.14,TCM,Precursor / Other,C14H21NOS,251.0,97,160
3248,SWGDRUG 3.14,PCM,Precursor / Other,C16H23NO,245.0,202,151
3249,SWGDRUG 3.14,4-Methoxyindole-3-N-isopropyl-N-methylgyloxylamide,Precursor / Other,C15H18N2O3,274.0,174,77
3250,SWGDRUG 3.14,5-Benzyloxyindol-3-dimethylglyoxylamide,Precursor / Other,C19H18N2O3,322.0,250,127
3251,SWGDRUG 3.14,"Indol-3-N,N-diisopropylglyoxylamide",Precursor / Other,C16H20N2O2,272.0,144,59
3252,SWGDRUG 3.14,"Indole-3-N,N-dipropylglyoxylamide",Precursor / Other,C16H20N2O2,272.0,144,59
3253,SWGDRUG 3.14,4-Acetoxyindol-3-diisopropylglyoxylamide,Precursor / Other,C18H22N2O4,330.0,160,92
3254,SWGDRUG 3.14,5-Methoxyindole-3-N-methyl-N-isopropylglyoxylamide,Precursor / Other,C15H18N2O3,274.0,174,82
3255,SWGDRUG 3.14,N-methyl-N-isopropylindol-glyoxylamide,Precursor / Other,C14H16N2O2,244.0,144,63
3256,SWGDRUG 3.14,"5-Methoxy-N,N-dimethyltryptamine glyoxylamide",Hallucinogen,C13H14N2O3,246.0,174,77
3257,SWGDRUG 3.14,4-Benzyloxyindol-diisopropylglyoxylamide,Precursor / Other,C23H26N2O3,378.0,250,85
3258,SWGDRUG 3.14,"Psilocin - 2,3-pyrole reduction product",Hallucinogen,C12H18N2O,206.0,58,98
3259,SWGDRUG 3.14,5'-Methoxy-.alpha.-methyltryptamine-2-nitropropene,Hallucinogen,C12H12N2O3,232.0,175,158
3260,SWGDRUG 3.14,Ethyl U-47700,Precursor / Other,C17H24Cl2N2O,342.0,84,129
3261,SWGDRUG 3.14,EPT,Precursor / Other,C15H22N2,230.0,100,68
3262,SWGDRUG 3.14,5-Fluoro MDMB-7-PAICA,Precursor / Other,C20H28FN3O3,377.0,233,148
3263,SWGDRUG 3.14,Praziquantel,Precursor / Other,C19H24N2O2,312.0,132,156
3264,SWGDRUG 3.14,CBDB,Cannabinoid,C20H28O2,300.0,217,173
3265,SWGDRUG 3.14,CBDP,Cannabinoid,C23H34O2,342.0,259,207
3266,SWGDRUG 3.14,5-Aminoisotonitazene,Precursor / Other,C23H32N4O,380.0,86,94
3267,SWGDRUG 3.14,MMB-4en-PINACA,Precursor / Other,C19H25N3O3,343.0,213,127
3268,SWGDRUG 3.14,5-Bromo AMB-PICA,Precursor / Other,C20H27BrN2O3,422.0,292,227
3269,SWGDRUG 3.14,4-Fluoro Deschloroketamine,Hallucinogen,C13H16FNO,221.0,164,113
3270,SWGDRUG 3.14,"3,4-Dimethoxy-.alpha.-Pyrrolidinopropiophenone",Precursor / Other,C15H21NO3,263.0,98,69
3271,SWGDRUG 3.14,Phenyl U-47700,Precursor / Other,C21H24Cl2N2O,390.0,84,144
3272,SWGDRUG 3.14,Phenethyl 4-ANPP,Precursor / Other,C27H32N2,384.0,105,155
3273,SWGDRUG 3.14,1-(2-Chloro-3-fluorophenyl)piperazine,Precursor / Other,C10H12ClFN2,214.0,172,111
3274,SWGDRUG 3.14,4-Methyl-N-Ethylhexanophenone,Precursor / Other,C15H23NO,233.0,114,67
3275,SWGDRUG 3.14,N-(2C-E) Fentanyl,Opioid,C26H36N2O3,424.0,245,128
3276,SWGDRUG 3.14,N-(2C-N) Fentanyl,Opioid,C24H31N3O5,441.0,245,158
3277,SWGDRUG 3.14,N-(2C-T-2) Fentanyl,Opioid,C26H36N2O3S,456.0,245,163
3278,SWGDRUG 3.14,N-(DOB) Fentanyl,Opioid,C25H33BrN2O3,488.0,259,134
3279,SWGDRUG 3.14,N-(DOBU) Fentanyl,Opioid,C29H42N2O3,466.0,259,113
3280,SWGDRUG 3.14,N-(DOC) Fentanyl,Opioid,C25H33ClN2O3,444.0,259,141
3281,SWGDRUG 3.14,N-(DOET) Fentanyl,Opioid,C27H38N2O3,438.0,259,115
3282,SWGDRUG 3.14,"3,4-Difluoro U-49900",Precursor / Other,C18H26F2N2O,324.0,112,110
3283,SWGDRUG 3.14,N-(MDA) Fentanyl,Opioid,C24H30N2O3,394.0,259,109
3284,SWGDRUG 3.14,.delta.9-THC-d9 (Not Certified by NIST),Cannabinoid,C21H21D9O2,323.0,308,253
3285,SWGDRUG 3.14,RTI-31,Precursor / Other,C16H20ClNO2,293.0,82,173
3286,SWGDRUG 3.14,Terbutaline,Precursor / Other,C12H19NO3,225.0,86,93
3287,SWGDRUG 3.14,.alpha.-Ethyl 2C-D,Precursor / Other,C13H21NO2,223.0,58,108
3288,SWGDRUG 3.14,4-Dimethylamino-N-benzylcathinone,Stimulant,C18H22N2O,282.0,91,91
3289,SWGDRUG 3.14,N-(2-APB) Fentanyl,Opioid,C25H30N2O2,390.0,259,109
3290,SWGDRUG 3.14,N-(6-APDB) Fentanyl,Opioid,C25H32N2O2,392.0,259,114
3291,SWGDRUG 3.14,N-(2C-D) Fentanyl,Opioid,C25H34N2O3,410.0,245,140
3292,SWGDRUG 3.14,N-(2C-G) Fentanyl,Opioid,C26H36N2O3,424.0,245,129
3293,SWGDRUG 3.14,N-(2C-iP) Fentanyl,Opioid,C27H38N2O3,438.0,245,140
3294,SWGDRUG 3.14,N-(2C-T) Fentanyl,Opioid,C25H34N2O3S,442.0,245,167
3295,SWGDRUG 3.14,N-(2C-T-4) Fentanyl,Opioid,C27H38N2O3S,470.0,245,170
3296,SWGDRUG 3.14,N-(2C-TFM) Fentanyl,Opioid,C25H31F3N2O3,464.0,245,164
3297,SWGDRUG 3.14,N-(2C-B-fly) Fentanyl,Opioid,C26H31BrN2O3,498.0,245,182
3298,SWGDRUG 3.14,N-(Phentermine) Fentanyl,Opioid,C24H32N2O,364.0,273,105
3299,SWGDRUG 3.14,"N-(3,4,5-TMA) Fentanyl",Opioid,C26H36N2O4,440.0,259,127
3300,SWGDRUG 3.14,(.+/-.)-.alpha.-Tocopherol,Precursor / Other,C29H50O2,430.0,165,129
3301,SWGDRUG 3.14,4-Methoxy MiPT,Precursor / Other,C15H22N2O,246.0,86,80
3302,SWGDRUG 3.14,"3,4-Difluoro-N-desmethyl U-47700",Precursor / Other,C15H20F2N2O,282.0,111,114
3303,SWGDRUG 3.14,"3,4-Difluoro Isopropyl U-47700",Precursor / Other,C18H26F2N2O,324.0,84,123
3304,SWGDRUG 3.14,"3,4-Difluoro Propyl U-47700",Precursor / Other,C18H26F2N2O,324.0,84,109
3305,SWGDRUG 3.14,"2,4-Difluoro U-48800",Precursor / Other,C17H24F2N2O,310.0,84,112
3306,SWGDRUG 3.14,"3,4-Difluoro U-50488",Precursor / Other,C19H26F2N2O,336.0,110,95
3307,SWGDRUG 3.14,"3,4-Difluoro U-51754",Precursor / Other,C17H24F2N2O,310.0,84,94
3308,SWGDRUG 3.14,"N-(1,4-dimethylpentyl)-4-Methoxyamphetamine",Stimulant,C17H29NO,263.0,142,85
3309,SWGDRUG 3.14,Despropionyl Remifentanil,Precursor / Other,C17H24N2O4,320.0,168,154
3310,SWGDRUG 3.14,"6-Methoxy-N,N-Diethylpentylone",Precursor / Other,C17H25NO4,307.0,128,97
3311,SWGDRUG 3.14,5-Fluoro MDMB-PICA metabolite 9,Precursor / Other,C21H29FN2O4,392.0,248,170
3312,SWGDRUG 3.14,N-(6-APB) Fentanyl,Opioid,C25H30N2O2,390.0,259,128
3313,SWGDRUG 3.14,N-(2C-C) Fentanyl,Opioid,C24H31ClN2O3,430.0,245,175
3314,SWGDRUG 3.14,N-(2C-I) Fentanyl,Opioid,C24H31IN2O3,522.0,245,148
3315,SWGDRUG 3.14,ADB-BUTINACA,Precursor / Other,C18H26N4O2,330.0,201,113
3316,SWGDRUG 3.14,"N-(1,4-dimethylpentyl)-3,4-DMA",Precursor / Other,C18H31NO2,293.0,142,102
3317,SWGDRUG 3.14,"N-(1-methylpentyl)-3,4-DMA",Precursor / Other,C17H29NO2,279.0,128,100
3318,SWGDRUG 3.14,"2,3-Methylenedioxy-.alpha.-ethylaminobutiophenone",Precursor / Other,C13H17NO3,235.0,86,71
3319,SWGDRUG 3.14,5-Chloro AMB-PICA,Precursor / Other,C20H27ClN2O3,378.0,248,143
3320,SWGDRUG 3.14,"3,4-Dichloro-.alpha.-Pyrrolidinoisohexanophenone",Precursor / Other,C16H21Cl2NO,313.0,140,83
3321,SWGDRUG 3.14,"Methyl (S)-2-(1H-indole-3-carboxamido)-3,3-dimethylbutanoate",Precursor / Other,C16H20N2O3,288.0,144,76
3322,SWGDRUG 3.14,"N,N-Dimethyl Heptylone",Precursor / Other,C16H23NO3,277.0,128,91
3323,SWGDRUG 3.14,N-Ethyl Heptylone,Precursor / Other,C16H23NO3,277.0,128,77
3324,SWGDRUG 3.14,5-Chloro MDMB-PICA,Precursor / Other,C21H29ClN2O3,392.0,248,132
3325,SWGDRUG 3.14,"SL-651,498",Precursor / Other,C23H20FN3O2,389.0,319,272
3326,SWGDRUG 3.14,Lasmiditan,Precursor / Other,C19H18F3N3O2,377.0,70,176
3327,SWGDRUG 3.14,N-(3C-B-fly) Fentanyl,Opioid,C27H33BrN2O3,512.0,259,147
3328,SWGDRUG 3.14,1cP-LSD,Hallucinogen,C24H29N3O2,391.0,221,258
3329,SWGDRUG 3.14,.delta.9-THCP,Cannabinoid,C23H34O2,342.0,327,235
3330,SWGDRUG 3.14,Normethoxetamine,Precursor / Other,C13H17NO2,219.0,162,93
3331,SWGDRUG 3.14,Methyl 2-phenyl-2-(pyrrolidin-1-yl)acetate,Precursor / Other,C13H17NO2,219.0,160,68
3332,SWGDRUG 3.14,CUMYL-CBMICA,Precursor / Other,C23H26N2O,346.0,212,136
3333,SWGDRUG 3.14,N-Ethyl Heptedrone,Precursor / Other,C15H23NO,233.0,128,66
3334,SWGDRUG 3.14,N-Acetyl 25I-NBOMe,Hallucinogen,C20H24INO4,469.0,121,102
3335,SWGDRUG 3.14,"N,N-Diethyl Hexedrone",Precursor / Other,C16H25NO,247.0,142,71
3336,SWGDRUG 3.14,5F-EDMB-PINACA,Cannabinoid,C21H30FN3O3,391.0,233,157
3337,SWGDRUG 3.14,4-Acetoxy-MALT,Precursor / Other,C16H20N2O2,272.0,84,97
3338,SWGDRUG 3.14,2F-Viminol,Precursor / Other,C21H31FN2O,346.0,142,124
3339,SWGDRUG 3.14,"2',5'-Dimethoxyfentanyl",Opioid,C24H32N2O3,396.0,245,225
3340,SWGDRUG 3.14,Pterostilbene,Precursor / Other,C16H16O3,256.0,256,169
3341,SWGDRUG 3.14,Nitromethaqualone,Depressant,C16H13N3O4,311.0,280,156
3342,SWGDRUG 3.14,Methyl 2-(1H-indazole-3-carboxamido)-3-methylbutanoate,Precursor / Other,C14H17N3O3,275.0,145,70
3343,SWGDRUG 3.14,5-Fluoro AB-7-PAICA,Precursor / Other,C18H25FN4O2,348.0,233,73
3344,SWGDRUG 3.14,4-Fluoro-.alpha.-Pyrrolidinoisohexanophenone,Precursor / Other,C16H22FNO,263.0,140,71
3345,SWGDRUG 3.14,"3,4-Methylenedioxy-.alpha.-methylaminohexanophenone",Precursor / Other,C14H19NO3,249.0,100,87
3346,SWGDRUG 3.14,Cyclopropyl U-47700,Precursor / Other,C18H24Cl2N2O,354.0,173,203
3347,SWGDRUG 3.14,N-Desethyl Isotonitazene,Precursor / Other,C21H26N4O3,382.0,149,208
3348,SWGDRUG 3.14,4-Fluoro ABUTINACA,Precursor / Other,C22H28FN3O,369.0,219,165
3349,SWGDRUG 3.14,para-Methyl AP-237,Precursor / Other,C18H26N2O,286.0,131,150
3350,SWGDRUG 3.14,5-Fluoro EMB-PICA,Precursor / Other,C21H29FN2O3,376.0,232,88
3351,SWGDRUG 3.14,4-Fluoro MDMB-BUTICA,Precursor / Other,C20H27FN2O3,362.0,218,88
3352,SWGDRUG 3.14,Phenyl Cyclopentyl Ketone,Precursor / Other,C12H14O,174.0,77,83
3353,SWGDRUG 3.14,"3,4-Methylenedioxy-.alpha.-ethylmethylaminohexanophenone",Precursor / Other,C16H23NO3,277.0,128,84
3354,SWGDRUG 3.14,"3,4-Methylenedioxy-.alpha.-methylaminoisohexanophenone",Precursor / Other,C14H19NO3,249.0,100,99
3355,SWGDRUG 3.14,4-Fluoro Phenibut,Precursor / Other,C10H12FNO2,197.0,122,81
3356,SWGDRUG 3.14,Flunitazene,Precursor / Other,C20H23FN4O2,370.0,86,141
3357,SWGDRUG 3.14,Clonitazene,Precursor / Other,C20H23ClN4O2,386.0,86,130
3358,SWGDRUG 3.14,4'-Hydroxy Nitazene,Precursor / Other,C20H24N4O3,368.0,86,178
3359,SWGDRUG 3.14,N-Moc-MDMA,Stimulant,C13H17NO4,251.0,116,87
3360,SWGDRUG 3.14,Methoxpropamine,Precursor / Other,C16H23NO2,261.0,204,136
3361,SWGDRUG 3.14,MDMB-3en-BUTINACA butanoic acid metabolite,Precursor / Other,C18H23N3O3,329.0,199,152
3362,SWGDRUG 3.14,MDMB-4en-PICA butanoic acid metabolite,Precursor / Other,C20H26N2O3,342.0,212,107
3363,SWGDRUG 3.14,3-Fluoro-.alpha.-Pyrrolidinoisohexanophenone,Precursor / Other,C16H22FNO,263.0,140,73
3364,SWGDRUG 3.14,4-Bromo-.alpha.-Methylaminovalerophenone,Precursor / Other,C12H16BrNO,269.0,86,86
3365,SWGDRUG 3.14,4-Fluoro-.alpha.-Ethylaminovalerophenone,Precursor / Other,C13H18FNO,223.0,100,76
3366,SWGDRUG 3.14,5-Fluoro EDMB-PICA,Precursor / Other,C22H31FN2O3,390.0,232,73
3367,SWGDRUG 3.14,"N,N-dimethyl-3,4-DMA",Precursor / Other,C13H21NO2,223.0,72,88
3368,SWGDRUG 3.14,Methamphetamine Methyl Carbamate,Stimulant,C12H17NO2,207.0,116,65
3369,SWGDRUG 3.14,"2-Bromo-4,5-Dimethoxyphenethylamine",Precursor / Other,C10H14BrNO2,259.0,180,131
3370,SWGDRUG 3.14,4-Hydroxy MALT,Precursor / Other,C14H18N2O,230.0,84,102
3371,SWGDRUG 3.14,3-Fluoro Deschloroketamine,Hallucinogen,C13H16FNO,221.0,164,92
3372,SWGDRUG 3.14,5-Fluoro-2-ADB-PINACA isomer 2,Precursor / Other,C19H27FN4O2,362.0,205,167
3373,SWGDRUG 3.14,Acetaminophen-d4,Precursor / Other,C8H5D4NO2,155.0,113,56
3374,SWGDRUG 3.14,Etodesnitazene,Precursor / Other,C22H29N3O,351.0,86,169
3375,SWGDRUG 3.14,Metodesnitazene,Precursor / Other,C21H27N3O,337.0,86,161
3376,SWGDRUG 3.14,Isotodesnitazene,Precursor / Other,C23H31N3O,365.0,86,170
3377,SWGDRUG 3.14,4-Methoxy PCE,Precursor / Other,C15H23NO,233.0,190,118
3378,SWGDRUG 3.14,MiPLA,Precursor / Other,C20H25N3O,323.0,221,171
3379,SWGDRUG 3.14,Hydroxychloroquine,Precursor / Other,C18H26ClN3O,335.0,245,216
3380,SWGDRUG 3.14,N-Ethyl Pentylone-d5,Precursor / Other,C14H14D5NO3,254.0,105,65
3381,SWGDRUG 3.14,Methoxy U-47700,Precursor / Other,C16H22Cl2N2O2,344.0,124,91
3382,SWGDRUG 3.14,.beta.-Hydroxy 2C-B,Hallucinogen,C10H14BrNO3,275.0,196,180
3383,SWGDRUG 3.14,4-Fluoro-3-methyl-.alpha.-Pyrrolidinovalerophenone,Precursor / Other,C16H22FNO,263.0,126,61
3384,SWGDRUG 3.14,CUMYL-CBMINACA,Precursor / Other,C22H25N3O,347.0,213,146
3385,SWGDRUG 3.14,Benzyl-4-cyano BUTINACA,Precursor / Other,C20H20N4O,332.0,106,143
3386,SWGDRUG 3.14,.alpha.-Pyrrolidinocyclohexanophenone,Precursor / Other,C18H25NO,271.0,166,77
3387,SWGDRUG 3.14,N-Boc Norketamine,Hallucinogen,C17H22ClNO3,323.0,204,182
3388,SWGDRUG 3.14,5-Fluoro MMB-P7AICA,Precursor / Other,C19H26FN3O3,363.0,233,146
3389,SWGDRUG 3.14,MMB-CHM7AICA,Precursor / Other,C21H29N3O3,371.0,241,153
3390,SWGDRUG 3.14,4-Cyano CUMYL-BUTCZCA,Precursor / Other,C27H27N3O,409.0,275,161
3391,SWGDRUG 3.14,4-Cyano ADB-BUTINACA,Precursor / Other,C19H25N5O2,355.0,226,110
3392,SWGDRUG 3.14,Clotiazepam,Precursor / Other,C16H15ClN2OS,318.0,289,246
3393,SWGDRUG 3.14,"3,4-Dichloro-N-cyclohexyl Methcathinone",Cannabinoid,C16H21Cl2NO,313.0,140,91
3394,SWGDRUG 3.14,Etonitazene-d5,Precursor / Other,C22H23D5N4O3,401.0,86,119
3395,SWGDRUG 3.14,4-Methyl-.alpha.-Pyrrolidinoisohexanophenone,Precursor / Other,C17H25NO,259.0,140,71
3396,SWGDRUG 3.14,iPDMB-FUBINACA,Precursor / Other,C24H28FN3O3,425.0,253,111
3397,SWGDRUG 3.14,5-MMPA,Precursor / Other,C9H15NS,169.0,58,86
3398,SWGDRUG 3.14,MPP-PICA,Precursor / Other,C24H28N2O3,392.0,214,92
3399,SWGDRUG 3.14,3-Fluoro-.alpha.-Pyrrolidinohexanophenone,Precursor / Other,C16H22FNO,263.0,140,66
3400,SWGDRUG 3.14,4-Acetoxy MPT,Precursor / Other,C16H22N2O2,274.0,86,86
3401,SWGDRUG 3.14,4-Fluoro EMB-BUTICA,Precursor / Other,C20H27FN2O3,362.0,218,103
3402,SWGDRUG 3.14,.alpha.-Pyrrolidino-2-phenylacetophenone,Precursor / Other,C18H19NO,265.0,160,63
3403,SWGDRUG 3.14,.alpha.-Methylaminoisohexanophenone,Precursor / Other,C13H19NO,205.0,100,61
3404,SWGDRUG 3.14,1-(3-Chloro-4-fluorophenyl)piperazine,Precursor / Other,C10H12ClFN2,214.0,172,110
3405,SWGDRUG 3.14,4-Ethyl-.alpha.-Pyrrolidinopentiophenone,Precursor / Other,C17H25NO,259.0,126,69
3406,SWGDRUG 3.14,1-(4-Bromophenyl)piperazine,Precursor / Other,C10H13BrN2,240.0,198,96
3407,SWGDRUG 3.14,SL-164,Precursor / Other,C16H12Cl2N2O,318.0,303,203
3408,SWGDRUG 3.14,THQ-PINACA,Precursor / Other,C22H25N3O,347.0,132,111
3409,SWGDRUG 3.14,MDMB-CHM7AICA,Precursor / Other,C22H31N3O3,385.0,145,157
3410,SWGDRUG 3.14,MDMB-FUB7AICA,Precursor / Other,C22H24FN3O3,397.0,109,111
3411,SWGDRUG 3.14,Metonitazene,Precursor / Other,C21H26N4O3,382.0,86,58
3412,SWGDRUG 3.14,Brorphine,Precursor / Other,C20H22BrN3O,399.0,82,170
3413,SWGDRUG 3.14,Etonitazene,Precursor / Other,C22H28N4O3,396.0,86,106
3414,SWGDRUG 3.14,t-BOC-4-Anilinopiperidine,Precursor / Other,C16H24N2O2,276.0,57,141
3415,SWGDRUG 3.14,Butonitazene,Precursor / Other,C24H32N4O3,424.0,86,34
3416,SWGDRUG 3.14,EDDP,Precursor / Other,C20H24N,278.0,277,189
3417,SWGDRUG 3.14,.alpha.'-Methoxy Fentanyl,Opioid,C23H30N2O2,366.0,275,142
3418,SWGDRUG 3.14,.beta.-Hydroxythioacetylfentanyl,Opioid,C19H24N2O2S,344.0,231,195
3419,SWGDRUG 3.14,4-Methyl PCP,Hallucinogen,C18H27N,257.0,214,125
3420,SWGDRUG 3.14,meta-Chlorofentanyl,Opioid,C22H27ClN2O,370.0,279,156
3421,SWGDRUG 3.14,3-Fluoro PCP,Hallucinogen,C17H24FN,261.0,218,123
3422,SWGDRUG 3.14,3-Fluoro-4-methyl-.alpha.-Pyrrolidinovalerophenone,Precursor / Other,C16H22FNO,263.0,126,73
3423,SWGDRUG 3.14,Despropionyl meta-Chlorofentanyl,Opioid,C19H23ClN2,314.0,223,139
3424,SWGDRUG 3.14,"3,4-Methylenedioxy-.alpha.-Piperidinoheptanophenone",Precursor / Other,C19H27NO3,317.0,168,65
3425,SWGDRUG 3.14,Ethiopropamine,Precursor / Other,C9H15NS,169.0,72,67
3426,SWGDRUG 3.14,Zolazepam,Precursor / Other,C15H15FN4O,286.0,257,212
3427,SWGDRUG 3.14,Thionordiazepam,Depressant,C15H11ClN2S,286.0,286,232
3428,SWGDRUG 3.14,Ethyl Loflazepate,Precursor / Other,C18H14ClFN2O3,360.0,166,252
3429,SWGDRUG 3.14,CUMYL-CH-MeGACLONE,Precursor / Other,C27H30N2O,398.0,280,134
3430,SWGDRUG 3.14,Fludiazepam-d4,Cannabinoid,C16H8D4ClFN2O,306.0,278,250
3431,SWGDRUG 3.14,Cannabigerol-d9,Precursor / Other,C21H23D9O2,325.0,202,204
3432,SWGDRUG 3.14,para-Methyl Butyryl fentanyl,Opioid,C24H32N2O,364.0,273,115
3433,SWGDRUG 3.14,N-(DOI) Fentanyl,Opioid,C25H33IN2O3,536.0,259,131
3434,SWGDRUG 3.14,N-(DOM) Fentanyl,Opioid,C26H36N2O3,424.0,259,125
3435,SWGDRUG 3.14,"N-(2,5-DMA) Fentanyl",Opioid,C25H34N2O3,410.0,259,122
3436,SWGDRUG 3.14,Norsufentanil,Precursor / Other,C16H24N2O2,276.0,82,149
3437,SWGDRUG 3.14,Abnormal Cannabidiol,Cannabinoid,C21H30O2,314.0,231,202
3438,SWGDRUG 3.14,4-Methyl-.alpha.-Isopropylaminovalerophenone,Precursor / Other,C15H23NO,233.0,114,74
3439,SWGDRUG 3.14,Nefiracetam,Precursor / Other,C14H18N2O2,246.0,98,88
3440,SWGDRUG 3.14,Nandrolone Benzoate,Anabolic Steroid,C25H30O3,378.0,105,133
3441,SWGDRUG 3.14,2-(2-Chlorophenyl)-2-hydroxycyclohexanone,Precursor / Other,C12H13ClO2,224.0,167,137
3442,SWGDRUG 3.14,4-Methyl-N-Propylcathinone,Stimulant,C13H19NO,205.0,86,53
3443,SWGDRUG 3.14,Cariprazine,Precursor / Other,C21H32Cl2N4O,426.0,243,204
3444,SWGDRUG 3.14,N-Isopropyl Hexylone,Precursor / Other,C16H23NO3,277.0,128,85
3445,SWGDRUG 3.14,CUMYL-CB-MeGACLONE,Precursor / Other,C25H26N2O,370.0,252,121
3446,SWGDRUG 3.14,.beta.-Methoxy 2C-B,Hallucinogen,C11H16BrNO3,289.0,210,181
3447,SWGDRUG 3.14,N-Desethyl Etonitazene,Precursor / Other,C20H24N4O3,368.0,135,157
3448,SWGDRUG 3.14,MDMB-BUTINACA,Precursor / Other,C19H27N3O3,345.0,201,107
3449,SWGDRUG 3.14,2-Bromo Deschloroketamine,Hallucinogen,C13H16BrNO,281.0,224,145
3450,SWGDRUG 3.14,ortho-Chlorofentanyl,Opioid,C22H27ClN2O,370.0,279,154
3451,SWGDRUG 3.14,N-Pyrrolidino Etonitazene,Precursor / Other,C22H26N4O3,394.0,84,101
3452,SWGDRUG 3.14,ADB-4en-PINACA,Precursor / Other,C19H26N4O2,342.0,213,116
3453,SWGDRUG 3.14,N-Piperidinyl Etonitazene,Precursor / Other,C23H28N4O3,408.0,98,94
3454,SWGDRUG 3.14,para-Fluoro 4-Anilinopiperidine,Precursor / Other,C11H15FN2,194.0,83,100
3455,SWGDRUG 3.14,3-Anilinopiperidine,Precursor / Other,C11H16N2,176.0,118,79
3456,SWGDRUG 3.14,4-Chloro MDMB-BUTICA,Precursor / Other,C20H27ClN2O3,378.0,234,134
3457,SWGDRUG 3.14,ADB-PHETINACA,Precursor / Other,C22H26N4O2,378.0,249,123
3458,SWGDRUG 3.14,6-Methoxy DMT,Hallucinogen,C13H18N2O,218.0,58,82
3459,SWGDRUG 3.14,CBDH,Cannabinoid,C22H32O2,328.0,245,175
3460,SWGDRUG 3.14,.delta.9-THCH,Cannabinoid,C22H32O2,328.0,313,228
3461,SWGDRUG 3.14,Lacosamide,Precursor / Other,C13H18N2O3,250.0,91,111
3462,SWGDRUG 3.14,4-Fluoro-Phenethyl-4-ANPP,Precursor / Other,C27H31FN2,402.0,105,163
3463,SWGDRUG 3.14,Isotonitazene,Precursor / Other,C23H30N4O3,410.0,86,73
3464,SWGDRUG 3.14,LGD 4033,Precursor / Other,C14H12F6N2O,338.0,239,169
3465,SWGDRUG 3.14,tert-butyl 4-(4-fluoroanilino)piperidine-1-carboxylate,Precursor / Other,C16H23FN2O2,294.0,57,138
3466,SWGDRUG 3.14,Protonitazene,Precursor / Other,C23H30N4O3,410.0,86,81
3467,SWGDRUG 3.14,.alpha.-Butylaminohexanophenone,Precursor / Other,C16H25NO,247.0,142,87
3468,SWGDRUG 3.14,2-Fluoro Deschloronorketamine,Hallucinogen,C12H14FNO,207.0,150,112
3469,SWGDRUG 3.14,Despropionyl Carefentanil,Precursor / Other,C21H26N2O2,338.0,247,92
3470,SWGDRUG 3.14,Xanthine,Precursor / Other,C5H4N4O2,152.0,152,43
3471,SWGDRUG 3.14,Phenylacetyl fentanyl,Opioid,C27H30N2O,398.0,307,113
3472,SWGDRUG 3.14,para-Methyl Tetrahydrofuran fentanyl,Opioid,C25H32N2O2,392.0,301,121
3473,SWGDRUG 3.14,"2',4'-Dimethoxy Fentanyl",Opioid,C24H32N2O3,396.0,245,120
3474,SWGDRUG 3.14,"2',6'-Dimethoxy Fentanyl",Opioid,C24H32N2O3,396.0,245,122
3475,SWGDRUG 3.14,N-(2C-B) Fentanyl,Opioid,C24H31BrN2O3,474.0,245,140
3476,SWGDRUG 3.14,N-(2C-P) Fentanyl,Opioid,C27H38N2O3,438.0,245,131
3477,SWGDRUG 3.14,N-(2C-T-7) Fentanyl,Opioid,C27H38N2O3S,470.0,245,160
3478,SWGDRUG 3.14,AFUB7AICA,Precursor / Other,C25H26FN3O,403.0,109,148
3479,SWGDRUG 3.14,"5-Bromo-N,N-DMT",Hallucinogen,C12H15BrN2,266.0,58,85
3480,SWGDRUG 3.14,Brorphine-d7,Precursor / Other,C20H15D7BrN3O,406.0,82,191
3481,SWGDRUG 3.14,AFUB7AICA 7'-azaindole isomer,Precursor / Other,C25H26FN3O,403.0,109,134
3482,SWGDRUG 3.14,Flubromazepam-d4,Cannabinoid,C15H6D4BrFN2O,336.0,309,258
3483,SWGDRUG 3.14,JWH-184,Cannabinoid,C25H27N,341.0,341,170
3484,SWGDRUG 3.14,Flubromazolam-d4,Cannabinoid,C17H8D4BrFN4,374.0,226,296
3485,SWGDRUG 3.14,Metonitazene-d3,Precursor / Other,C21H23D3N4O3,385.0,86,101
3486,SWGDRUG 3.14,MDMB-BENZICA,Precursor / Other,C23H26N2O3,378.0,234,105
3487,SWGDRUG 3.14,3-Methoxy Rolicyclidine,Precursor / Other,C17H25NO,259.0,216,129
3488,SWGDRUG 3.14,BZO-POXIZID,Precursor / Other,C20H21N3O2,335.0,105,147
3489,SWGDRUG 3.14,3-Methyl PCP,Hallucinogen,C18H27N,257.0,214,128
3490,SWGDRUG 3.14,PiPT,Precursor / Other,C16H24N2,244.0,114,77
3491,SWGDRUG 3.14,3-Methyl Rolicyclidine,Precursor / Other,C17H25N,243.0,200,120
3492,SWGDRUG 3.14,N-(1-Benzyl-4-piperidyl)-N-benzylpropanamide,Precursor / Other,C22H28N2O,336.0,91,116
3493,SWGDRUG 3.14,2-Methyl-.alpha.-Pyrrolidinovalerophenone,Precursor / Other,C16H23NO,245.0,126,74
3494,SWGDRUG 3.14,3-Fluoro-.alpha.-Ethylaminobutiophenone,Precursor / Other,C12H16FNO,209.0,86,69
3495,SWGDRUG 3.14,Deoxymethoxetamine,Precursor / Other,C15H21NO,231.0,174,112
3496,SWGDRUG 3.14,Desmethylmoramide,Precursor / Other,C24H30N2O2,378.0,265,133
3497,SWGDRUG 3.14,ADB-HEXINACA,Precursor / Other,C20H30N4O2,358.0,229,96
3498,SWGDRUG 3.14,5-Fluoro BZO-POXIZID,Precursor / Other,C20H20FN3O2,353.0,248,147
3499,SWGDRUG 3.14,N-Acetyl Norfentanyl,Opioid,C16H22N2O2,274.0,231,159
3500,SWGDRUG 3.14,EDMB-PINACA,Precursor / Other,C21H31N3O3,373.0,215,100
3501,SWGDRUG 3.14,Hydroxetamine,Precursor / Other,C14H19NO2,233.0,176,108
3502,SWGDRUG 3.14,CBDE,Cannabinoid,C18H24O2,272.0,189,158
3503,SWGDRUG 3.14,.alpha.-Dimethylaminohexanophenone,Precursor / Other,C14H21NO,219.0,114,72
3504,SWGDRUG 3.14,AMP-4en-PINACA,Precursor / Other,C17H22N4O2,314.0,213,92
3505,SWGDRUG 3.14,Bipiperidinyl 4-ANPP,Precursor / Other,C24H33N3,363.0,96,131
3506,SWGDRUG 3.14,N-Propionyl Norfentanyl,Opioid,C17H24N2O2,288.0,83,155
3507,SWGDRUG 3.14,4-Cyano MMB-BUTINACA,Precursor / Other,C19H24N4O3,356.0,226,108
3508,SWGDRUG 3.14,Nuciferine,Precursor / Other,C19H21NO2,295.0,294,178
3509,SWGDRUG 3.14,BZO-CHMOXIZID,Precursor / Other,C22H23N3O2,361.0,256,147
3510,SWGDRUG 3.14,MDA 77,Stimulant,C21H23N3O3,365.0,105,185
3511,SWGDRUG 3.14,4-Fluoro-.alpha.-Ethylaminoisohexanophenone,Precursor / Other,C14H20FNO,237.0,114,71
3512,SWGDRUG 3.14,Fluorexetamine,Precursor / Other,C14H18FNO,235.0,178,117
3513,SWGDRUG 3.14,"3,4-Methylenedioxy-.alpha.-Cyclohexylaminopropiophenone",Precursor / Other,C16H21NO3,275.0,126,87
3514,SWGDRUG 3.14,2-Methyl-.alpha.-Ethylaminobutiophenone,Precursor / Other,C13H19NO,205.0,86,75
3515,SWGDRUG 3.14,3-Chlorocathinone,Stimulant,C9H10ClNO,183.0,44,66
3516,SWGDRUG 3.14,N-Methyl Mescaline,Hallucinogen,C12H19NO3,225.0,182,102
3517,SWGDRUG 3.14,Acetoxymethylketobemidone,Precursor / Other,C16H21NO3,275.0,70,142
3518,SWGDRUG 3.14,ADB-P7AICA,Precursor / Other,C19H28N4O2,344.0,215,90
3519,SWGDRUG 3.14,2-Naphthyl U-47700,Precursor / Other,C20H26N2O,310.0,125,135
3520,SWGDRUG 3.14,Menitazene,Precursor / Other,C21H26N4O2,366.0,86,76
3521,SWGDRUG 3.14,5-Methyl Etodesnitazene,Precursor / Other,C23H31N3O,365.0,86,90
3522,SWGDRUG 3.14,iso-Butonitazene,Precursor / Other,C24H32N4O3,424.0,86,73
3523,SWGDRUG 3.14,Psilocin-d10 (Not certified by NIST),Hallucinogen,C12H6D10N2O,214.0,66,83
3524,SWGDRUG 3.14,Cannabielsoin,Precursor / Other,C21H30O3,330.0,205,228
3525,SWGDRUG 3.14,delta-8-THC Acetate,Cannabinoid,C23H32O3,356.0,231,228
3526,SWGDRUG 3.14,"3,4-Methylenedioxy-.alpha.-Isopropylaminobutiophenone",Precursor / Other,C14H19NO3,249.0,100,89
3527,SWGDRUG 3.14,Desmethoxyyangonin,Precursor / Other,C14H12O3,228.0,228,138
3528,SWGDRUG 3.14,sec-Butonitazene,Precursor / Other,C24H32N4O3,424.0,86,90
3529,SWGDRUG 3.14,5-Trifluoromethyl Isotonitazene,Precursor / Other,C24H30F3N3O,433.0,86,88
3530,SWGDRUG 3.14,8-Aminoclonazolam-d4 (Not certified by NIST),Cannabinoid,C17H10D4ClN5,327.0,223,256
3531,SWGDRUG 3.14,"2-Bromo-3',4'-(methylenedioxy)propiophenone",Precursor / Other,C10H9BrO3,256.0,149,58
3532,SWGDRUG 3.14,EDMB-4en-PINACA,Precursor / Other,C21H29N3O3,371.0,213,130
3533,SWGDRUG 3.14,9(S)-delta-7-THC,Cannabinoid,C21H30O2,314.0,271,226
3534,SWGDRUG 3.14,4-Fluoro-.alpha.-Methylaminoisohexanophenone,Precursor / Other,C13H18FNO,223.0,100,76
3535,SWGDRUG 3.14,.alpha.-Ethylaminoisohexanophenone,Precursor / Other,C14H21NO,219.0,114,66
3536,SWGDRUG 3.14,Norpipanone,Precursor / Other,C23H29NO,335.0,98,79
3537,SWGDRUG 3.14,para-Fluoro Norfentanyl,Opioid,C14H19FN2O,250.0,83,139
3538,SWGDRUG 3.14,2-Methylamino-5-chlorobenzophenone,Precursor / Other,C14H12ClNO,245.0,244,152
3539,SWGDRUG 3.14,2-Amino-3-(2-chlorobenzoyl)-5-ethylthiophene,Precursor / Other,C13H12ClNOS,265.0,250,201
3540,SWGDRUG 3.14,AEP-CHMINACA,Precursor / Other,C20H28N4O2,356.0,241,107
3541,SWGDRUG 3.14,Brotizolam,Precursor / Other,C15H10BrClN4S,392.0,394,318
3542,SWGDRUG 3.14,Methylketobemidone,Precursor / Other,C14H19NO2,233.0,70,131
3543,SWGDRUG 3.14,Tetrahydrocannabivarin-d5 (Not certified by NIST),Precursor / Other,C19H21D5O2,291.0,208,237
3544,SWGDRUG 3.14,exo-THC,Cannabinoid,C21H30O2,314.0,231,221
3545,SWGDRUG 3.14,3-Chlorophenmetrazine,Precursor / Other,C11H14ClNO,211.0,71,95
3546,SWGDRUG 3.14,Harmane,Precursor / Other,C12H10N2,182.0,182,75
3547,SWGDRUG 3.14,Pyrithyldione,Precursor / Other,C9H13NO2,167.0,139,69
3548,SWGDRUG 3.14,9(R)-Hexahydrocannabinol,Cannabinoid,C21H32O2,316.0,193,207
3549,SWGDRUG 3.14,9(S)-Hexahydrocannabinol,Cannabinoid,C21H32O2,316.0,193,210
3550,SWGDRUG 3.14,MMDPPO,Precursor / Other,C11H13NO3,207.0,135,84
3551,SWGDRUG 3.14,2-Methyl AP-237-d7 (Not certified by NIST),Precursor / Other,C18H19D7N2O,293.0,117,152
3552,SWGDRUG 3.14,N-methyl-N-propyl Methylone,Precursor / Other,C14H19NO3,249.0,100,57
3553,SWGDRUG 3.14,Desmethylflutiazepam,Precursor / Other,C15H13FN2OS,288.0,259,220
3554,SWGDRUG 3.14,N-cyclohexyl-N-methyl Methylone,Precursor / Other,C17H23NO3,289.0,140,76
3555,SWGDRUG 3.14,ADB-5'Br-BUTINACA,Precursor / Other,C18H25BrN4O2,408.0,279,189
3556,SWGDRUG 3.14,Desalkylgidazepam,Precursor / Other,C15H11BrN2O,314.0,287,218
3557,SWGDRUG 3.14,LSD-d10 (Not certified by NIST),Hallucinogen,C20H15D10N3O,333.0,221,193
3558,SWGDRUG 3.14,9(R)-delta-7-THC,Cannabinoid,C21H30O2,314.0,314,228
3559,SWGDRUG 3.14,Ketamine-d4 (Not certified by NIST),Hallucinogen,C13H12D4ClNO,241.0,184,144
3560,SWGDRUG 3.14,Norketamine-d4 (Not certified by NIST),Hallucinogen,C12H10D4ClNO,227.0,170,125
3561,SWGDRUG 3.14,Norpsilocin,Hallucinogen,C11H14N2O,190.0,147,91
3562,SWGDRUG 3.14,Harmol,Precursor / Other,C12H10N2O,198.0,198,99
3563,SWGDRUG 3.14,Psilocin-d6 (Not certified by NIST),Hallucinogen,C12H10D6N2O,210.0,64,96
3564,SWGDRUG 3.14,Kavain,Precursor / Other,C14H14O3,230.0,202,142
3565,SWGDRUG 3.14,5-Methylthio DMT,Hallucinogen,C13H18N2S,234.0,58,128
3566,SWGDRUG 3.14,Methysticin,Precursor / Other,C15H14O5,274.0,148,173
3567,SWGDRUG 3.14,(.+/-.)-cis-Delta-9-THC,Cannabinoid,C21H30O2,314.0,231,214
3568,SWGDRUG 3.14,Ethylbenzyl-PeGACLONE,Precursor / Other,C25H28N2O,372.0,254,133
3569,SWGDRUG 3.14,ortho-Fluoro Furanyl fentanyl 3-furancarboxamide,Opioid,C24H25FN2O2,392.0,301,119
3570,SWGDRUG 3.14,Oliceridine,Precursor / Other,C22H30N2O2S,386.0,217,190
3571,SWGDRUG 3.14,delta-9-THC Acetate,Cannabinoid,C23H32O3,356.0,297,205
3572,SWGDRUG 3.14,"3,4-Methylenedioxy-.alpha.-ethylmethylaminobutiophenone",Precursor / Other,C14H19NO3,249.0,100,89
3573,SWGDRUG 3.14,"3,4-Methylenedioxy-.alpha.-butylaminopropiophenone",Precursor / Other,C14H19NO3,249.0,100,61
3574,SWGDRUG 3.14,4-Hydroxy PiPT,Precursor / Other,C16H24N2O,260.0,114,96
3575,SWGDRUG 3.14,Pramiracetam,Precursor / Other,C14H27N3O2,269.0,114,51
3576,SWGDRUG 3.14,delta-8-THCP,Cannabinoid,C23H34O2,342.0,259,219
3577,SWGDRUG 3.14,4-Propanoyloxy DMT,Hallucinogen,C15H20N2O2,260.0,58,80
3578,SWGDRUG 3.14,"3,4-Methylenedioxy-.alpha.-propylaminobutiophenone",Precursor / Other,C14H19NO3,249.0,100,87
3579,SWGDRUG 3.14,Speciogynine,Precursor / Other,C23H30N2O4,398.0,214,320
3580,SWGDRUG 3.14,Speciociliatine,Precursor / Other,C23H30N2O4,398.0,214,296
3581,SWGDRUG 3.14,CH-FUBIATA,Precursor / Other,C23H25FN2O,364.0,109,206
3582,SWGDRUG 3.14,BZO-4en-POXIZID,Precursor / Other,C20H19N3O2,333.0,228,294
3583,SWGDRUG 3.14,3-Cl-PCP,Hallucinogen,C17H24ClN,277.0,234,225
3584,SWGDRUG 3.14,t-Boc Norfentanyl,Opioid,C19H28N2O3,332.0,82,194
3585,SWGDRUG 3.14,Griseofulvin-d3 (Not Certified by NIST),Precursor / Other,C17H14D3ClO6,355.0,141,296
3586,SWGDRUG 3.14,Hydroxy Bupropion,Precursor / Other,C13H18ClNO2,255.0,44,145
3587,SWGDRUG 3.14,(.+/-.)-9-nor-9.beta.-hydroxy Hexahydrocannabinol,Cannabinoid,C20H30O3,318.0,193,248
3588,SWGDRUG 3.14,(.+/-.)-9-nor-9.alpha.-hydroxy Hexahydrocannabinol,Cannabinoid,C20H30O3,318.0,257,233
3589,SWGDRUG 3.14,"3,5-ADB-4en-PFUPPYCA",Precursor / Other,C21H27FN4O2,386.0,215,232
3590,SWGDRUG 3.14,Trestolone Acetate,Precursor / Other,C21H30O3,330.0,43,221
3591,SWGDRUG 3.14,AFUBIATA,Precursor / Other,C27H29FN2O,416.0,109,97
3592,SWGDRUG 3.14,Protodesnitazene,Precursor / Other,C23H31N3O,365.0,86,85
3593,SWGDRUG 3.14,2-Fluoro-2-oxo PCE,Precursor / Other,C14H18FNO,235.0,178,125
3594,SWGDRUG 3.14,Dipipanone,Precursor / Other,C24H31NO,349.0,112,95
3595,SWGDRUG 3.14,.alpha.-Isopropylaminohexanophenone,Precursor / Other,C15H23NO,233.0,128,68
3596,SWGDRUG 3.14,Remimazolam,Precursor / Other,C21H19BrN4O2,438.0,365,331
3597,SWGDRUG 3.14,Nitazene,Precursor / Other,C20H24N4O2,352.0,86,85
3598,SWGDRUG 3.14,8.beta.-Hydroxy-delta-9-THC,Cannabinoid,C21H30O3,330.0,271,259
3599,SWGDRUG 3.14,8.alpha.-Hydroxy-delta-9-THC,Cannabinoid,C21H30O3,330.0,271,268
3600,SWGDRUG 3.14,Isotonitazene uncyclized intermediate,Precursor / Other,C23H32N4O4,428.0,86,59
3601,SWGDRUG 3.14,PMK ethyl glycidate,Precursor / Other,C13H14O5,250.0,179,96
3602,SWGDRUG 3.14,5-fluoro ADB 2'-indazole isomer,Precursor / Other,C20H28FN3O3,377.0,205,151
3603,SWGDRUG 3.14,3-bromo-alpha-Pyrrolidinovalerophenone,Precursor / Other,C15H20BrNO,309.0,126,68
3604,SWGDRUG 3.14,2-Amino-5-chlorobenzophenone,Precursor / Other,C13H10ClNO,231.0,230,107
3605,SWGDRUG 3.14,"3,4-Trimethylene-.alpha.-Piperidinovalerophenone",Precursor / Other,C19H27NO,285.0,140,59
3606,SWGDRUG 3.14,2-Amino-5-nitrobenzophenone,Precursor / Other,C13H10N2O3,242.0,241,118
3607,SWGDRUG 3.14,delta-8-iso-THC,Cannabinoid,C21H30O2,314.0,231,165
3608,SWGDRUG 3.14,4-Hydroxy xylazine,Precursor / Other,C12H16N2OS,236.0,221,161
3609,SWGDRUG 3.14,"3,4-Methylenedioxy-.alpha.-pyrrolidinocyclohexanophenone",Precursor / Other,C19H25NO3,315.0,166,81
3610,SWGDRUG 3.14,Cannabiphorol,Precursor / Other,C23H30O2,338.0,323,124
3611,SWGDRUG 3.14,3'-Methoxy metodesnitazene,Precursor / Other,C22H29N3O2,367.0,86,108
3612,SWGDRUG 3.14,Clotizolam,Precursor / Other,C15H10Cl2N4S,348.0,245,276
3613,SWGDRUG 3.14,"3,4-Methylenedioxy PCP",Hallucinogen,C18H25NO2,287.0,135,158
3614,SWGDRUG 3.14,9(R)-Hexahydrocannabiphorol,Precursor / Other,C23H36O2,344.0,260,209
3615,SWGDRUG 3.14,MPP-BUTINACA,Precursor / Other,C22H25N3O3,379.0,201,86
3616,SWGDRUG 3.14,Iodorphine,Precursor / Other,C20H22IN3O,447.0,82,140
3617,SWGDRUG 3.14,ADB-BUTINAATA,Precursor / Other,C19H28N4O2,344.0,215,145
3618,SWGDRUG 3.14,ADB-5'Br-4en-PINACA,Precursor / Other,C19H25BrN4O2,420.0,291,219
3619,SWGDRUG 3.14,10.alpha.-Hydroxy-exo-THC,Cannabinoid,C21H30O3,330.0,259,252
3620,SWGDRUG 3.14,10.alpha.-Hydroxy-delta-8-THC,Cannabinoid,C21H30O3,330.0,231,241
3621,SWGDRUG 3.14,CH-HEXIATA,Precursor / Other,C22H32N2O,340.0,214,90
3622,SWGDRUG 3.14,7-Hydroxy cannabidiol,Cannabinoid,C21H30O3,330.0,244,233
3623,SWGDRUG 3.14,N-Desethyl protonitazene,Precursor / Other,C21H26N4O3,382.0,58,165
3624,SWGDRUG 3.14,N-Desethyl metonitazene,Precursor / Other,C19H22N4O3,354.0,121,152
3625,SWGDRUG 3.14,"2-Amino-2',5-dichlorobenzophenone",Precursor / Other,C13H9Cl2NO,265.0,230,140
3626,SWGDRUG 3.14,2-Amino-2'-chloro-5-nitrobenzophenone,Precursor / Other,C13H9ClN2O3,276.0,241,167
3627,SWGDRUG 3.14,CBCH,Precursor / Other,C22H32O2,328.0,245,130
3628,SWGDRUG 3.14,5-Chloro AMT,Precursor / Other,C11H13ClN2,208.0,44,115
3629,SWGDRUG 3.14,delta-8-THCB,Cannabinoid,C20H28O2,300.0,217,199
3630,SWGDRUG 3.14,Pagoclone,Precursor / Other,C23H22ClN3O2,407.0,308,178
3631,SWGDRUG 3.14,Cannabidiol-C8,Cannabinoid,C24H36O2,356.0,273,188
3632,SWGDRUG 3.14,Divarin,Precursor / Other,C9H12O2,152.0,124,80
3633,SWGDRUG 3.14,MDMB-5'Br-BUTINACA,Precursor / Other,C19H26BrN3O3,423.0,279,204
3634,SWGDRUG 3.14,CUMYL-INACA,Precursor / Other,C17H17N3O,279.0,145,99
3635,SWGDRUG 3.14,5-Fluoro ADB-5'Br-PINACA,Precursor / Other,C19H26BrFN4O2,440.0,311,253
3636,SWGDRUG 3.14,2-Amino-5-chloro-2'-fluorobenzophenone,Precursor / Other,C13H9ClFNO,249.0,249,159
3637,SWGDRUG 3.14,(2-Amino-5-bromophenyl)(pyridin-2-yl)methanone,Precursor / Other,C12H9BrN2O,276.0,249,127
3638,SWGDRUG 3.14,2-Amino-5-bromo-2'-chlorobenzophenone,Precursor / Other,C13H9BrClNO,309.0,274,184
3639,SWGDRUG 3.14,2-Amino-5-bromobenzophenone,Precursor / Other,C13H10BrNO,275.0,276,132
3640,SWGDRUG 3.14,MDMB-PINACA,Precursor / Other,C20H29N3O3,359.0,215,139
3641,SWGDRUG 3.14,MDMB-PICA,Precursor / Other,C21H30N2O3,358.0,214,110
3642,SWGDRUG 3.14,MDMB-5-methyl INACA,Precursor / Other,C16H21N3O3,303.0,159,104
3643,SWGDRUG 3.14,4-Fluoro MBZP,Precursor / Other,C12H17FN2,208.0,109,98
3644,SWGDRUG 3.14,"2,6-Xylidine",Precursor / Other,C8H11N,121.0,121,61
3645,SWGDRUG 3.14,delta-8-THCH,Cannabinoid,C22H32O2,328.0,245,216
3646,SWGDRUG 3.14,2-Fluoro MBZP,Precursor / Other,C12H17FN2,208.0,109,112
3647,SWGDRUG 3.14,N-Formyl 4-ANPP,Precursor / Other,C20H24N2O,308.0,217,102
3648,SWGDRUG 3.14,delta-9-THC-C8,Cannabinoid,C24H36O2,356.0,341,256
3649,SWGDRUG 3.14,5-Methoxy NiPT,Precursor / Other,C14H20N2O,232.0,161,95
3650,SWGDRUG 3.14,BZO-HEPOXIZID,Precursor / Other,C22H25N3O2,363.0,105,139
3651,SWGDRUG 3.14,Nefopam,Precursor / Other,C17H19NO,253.0,179,135
3652,SWGDRUG 3.14,5-Methyl metodesnitazene,Precursor / Other,C22H29N3O,351.0,86,68
3653,SWGDRUG 3.14,N-Phenethyl-N-phenylpropionamide,Precursor / Other,C17H19NO,253.0,106,55
3654,SWGDRUG 3.14,2-Methyl-.alpha.-pyrrolidinoisohexanophenone,Precursor / Other,C17H25NO,259.0,140,81
3655,SWGDRUG 3.14,MDMB-5'Br-4en-PINACA,Precursor / Other,C20H26BrN3O3,435.0,293,225
3656,SWGDRUG 3.14,4-fluoro EDMB-BUTINACA,Precursor / Other,C20H28FN3O3,377.0,219,135
3657,SWGDRUG 3.14,CUMYL-CHSINACA,Precursor / Other,C23H27N3O3S,425.0,145,185
3658,SWGDRUG 3.14,ADB-FUBINAATA,Precursor / Other,C22H25FN4O2,396.0,109,151
3659,SWGDRUG 3.14,Allopregnanolone,Precursor / Other,C21H34O2,318.0,43,231
3660,SWGDRUG 3.14,9(S)-Hexahydrocannabinol acetate,Cannabinoid,C23H34O3,358.0,43,241
3661,SWGDRUG 3.14,Detomidine,Precursor / Other,C12H14N2,186.0,186,104
3662,SWGDRUG 3.14,2-Amino-5-bromo-2'-fluorobenzophenone,Precursor / Other,C13H9BrFNO,293.0,293,179
3663,SWGDRUG 3.14,CHO-4'Me-5'Br-FUBOXPYRA,Precursor / Other,C20H22BrFN2O2,420.0,109,141
3664,SWGDRUG 3.14,CHM-FUBIATA,Precursor / Other,C24H27FN2O,378.0,109,101
3665,SWGDRUG 3.14,JWH 181,Cannabinoid,C28H31NO,397.0,397,255
3666,SWGDRUG 3.14,4-Fluoro AB-BUTINACA,Precursor / Other,C17H23FN4O2,334.0,219,132
3667,SWGDRUG 3.14,2-Amino-2'-fluoro-5-nitrobenzophenone,Precursor / Other,C13H9FN2O3,260.0,260,175
3668,SWGDRUG 3.14,ADB-IATA,Precursor / Other,C16H21N3O2,287.0,130,93
3669,SWGDRUG 3.14,Tianeptine,Precursor / Other,C21H25ClN2O4S,436.0,228,216
3670,SWGDRUG 3.14,Cannabinol methyl ether,Cannabinoid,C22H28O2,324.0,309,124
3671,SWGDRUG 3.14,"1-(2,6-Xylyl)-2-thiourea",Precursor / Other,C9H12N2S,180.0,165,114
3672,SWGDRUG 3.14,Gidazepam,Precursor / Other,C17H15BrN4O2,386.0,299,275
3673,SWGDRUG 3.14,BUTINACA,Precursor / Other,C12H15N3O,217.0,174,88
3674,SWGDRUG 3.14,5-Nitro-2-(bromoacetamido)benzophenone,Precursor / Other,C15H11BrN2O4,362.0,77,188
3675,SWGDRUG 3.14,MDA-19 N-(5-hydroxyhexyl) metabolite,Stimulant,C21H23N3O3,365.0,105,178
3676,SWGDRUG 3.14,MN-18 N-(5-hydroxypentyl) metabolite,Precursor / Other,C23H23N3O2,373.0,213,147
3677,SWGDRUG 3.14,10(R)-Hydroxy-9(S)-hexahydrocannabinol,Cannabinoid,C21H32O3,332.0,299,246
3678,SWGDRUG 3.14,delta-8-Tetrahydrocannabiorcol,Precursor / Other,C17H22O2,258.0,175,170
3679,SWGDRUG 3.14,delta-8-THC-ethyl,Cannabinoid,C18H24O2,272.0,189,175
3680,SWGDRUG 3.14,"N,N-Diformylmescaline",Hallucinogen,C13H17NO5,267.0,181,112
3681,SWGDRUG 3.14,delta-8-Tetrahydrocannabivarin Acetate,Precursor / Other,C21H28O3,328.0,203,214
3682,SWGDRUG 3.14,Northebaine,Precursor / Other,C18H19NO3,297.0,297,228
3683,SWGDRUG 3.14,N-Methyl MDAI,Stimulant,C11H13NO2,191.0,150,104
3684,SWGDRUG 3.14,1P-MiPLA,Precursor / Other,C23H29N3O2,379.0,221,167
3685,SWGDRUG 3.14,N-Butyl-N-methyl buphedrone,Precursor / Other,C15H23NO,233.0,128,61
3686,SWGDRUG 3.14,N-Propyl ephenidine,Precursor / Other,C17H21N,239.0,148,71
3687,SWGDRUG 3.14,"3,4-Methylenedioxyphenmetrazine",Precursor / Other,C12H15NO3,221.0,71,86
3688,SWGDRUG 3.14,N-Propionyl para-fluoro norfentanyl,Opioid,C17H23FN2O2,306.0,83,151
3689,SWGDRUG 3.14,AB-INACA,Precursor / Other,C13H16N4O2,260.0,145,65
3690,SWGDRUG 3.14,11-Hydroxy cannabinol,Cannabinoid,C21H26O3,326.0,311,151
3691,SWGDRUG 3.14,N-Butyl pentedrone,Precursor / Other,C15H23NO,233.0,128,62
3692,SWGDRUG 3.14,iso-Hexahydrocannabinol acetate,Cannabinoid,C23H34O3,358.0,231,204
3693,SWGDRUG 3.14,iso-Hexahydrocannabinol,Cannabinoid,C21H32O2,316.0,231,168
3694,SWGDRUG 3.14,10(S)-Hydroxy-9(R)-hexahydrocannabinol,Cannabinoid,C21H32O3,332.0,231,262
3695,SWGDRUG 3.14,9(S)-Hexahydrocannabiphorol acetate,Precursor / Other,C25H38O3,386.0,301,245
3696,SWGDRUG 3.14,4-Hydroxy EiPT,Precursor / Other,C15H22N2O,246.0,100,75
3697,SWGDRUG 3.14,Cannabinol ethyl,Cannabinoid,C18H20O2,268.0,253,128
3698,SWGDRUG 3.14,Methadone-d9 (Not certified by NIST),Opioid,C21H18D9NO,318.0,78,97
3699,SWGDRUG 3.14,Methadone-d3 (Not certified by NIST),Opioid,C21H24D3NO,312.0,72,104
3700,SWGDRUG 3.14,"N,N-Dimethylpentylone-d6 (Not certified by NIST)",Precursor / Other,C14H13D6NO3,255.0,106,67
3701,SWGDRUG 3.14,Xylazine-d6 (Not certified by NIST),Precursor / Other,C12H10D6N2S,226.0,221,156
3702,SWGDRUG 3.14,5-Methoxy-DMT-d4 (Not certified by NIST),Hallucinogen,C13H14D4N2O,222.0,60,81
3703,SWGDRUG 3.14,11-Hydroxy-9(S)-Hexahydrocannabinol,Cannabinoid,C21H32O3,332.0,193,260
3704,SWGDRUG 3.14,"(9,10a)-anti-delta-6a,7-THC",Cannabinoid,C21H30O2,314.0,271,223
3705,SWGDRUG 3.14,"(9,10a)-syn-Delta6a,7-THC",Cannabinoid,C21H30O2,314.0,299,207
3706,SWGDRUG 3.14,1(R)-Tetrahydrocannabidiol,Cannabinoid,C21H34O2,318.0,193,145
3707,SWGDRUG 3.14,1(S)-Tetrahydrocannabidiol,Cannabinoid,C21H34O2,318.0,193,143
3708,SWGDRUG 3.14,1-Testosterone Cypionate,Anabolic Steroid,C27H40O3,412.0,107,223
3709,SWGDRUG 3.14,"2,4,6-Trimethoxyphenethylamine",Precursor / Other,C11H17NO3,211.0,181,101
3710,SWGDRUG 3.14,2-(Chloromethyl)-3-(2-methylphenyl)quinazolin-4(3H)-one,Precursor / Other,C16H13ClN2O,284.0,235,133
3711,SWGDRUG 3.14,2-Fluoro Deschloroketamine-d4 (Not certified by NIST),Hallucinogen,C13H12D4FNO,225.0,168,134
3712,SWGDRUG 3.14,2-Fluoro QMPSB,Precursor / Other,C22H20F2N2O4S,446.0,302,179
3713,SWGDRUG 3.14,2-Hydroxyethylflurazepam,Precursor / Other,C17H14ClFN2O2,332.0,288,272
3714,SWGDRUG 3.14,2-Hydroxyethylflurazepam-d4 (Not certified by NIST),Cannabinoid,C17H10D4ClFN2O2,336.0,292,284
3715,SWGDRUG 3.14,"2-Methyl-1,2,3,4-Tetrahydro-.beta.-carboline",Precursor / Other,C12H14N2,186.0,143,90
3716,SWGDRUG 3.14,"3,4-Methylenedioxy-.alpha.-pentylaminopropiophenone",Precursor / Other,C15H21NO3,263.0,114,62
3717,SWGDRUG 3.14,3-(4-Chloro-2-methylphenyl)-2-methyl-4(3H)quinazolinone,Precursor / Other,C16H13ClN2O,284.0,269,158
3718,SWGDRUG 3.14,3-Methyl Nimetazepam,Precursor / Other,C17H15N3O3,309.0,268,189
3719,SWGDRUG 3.14,3-Methylnordiazepam,Depressant,C16H13ClN2O,284.0,241,193
3720,SWGDRUG 3.14,4'-Fluoro Diazepam,Depressant,C16H12ClFN2O,302.0,274,223
3721,SWGDRUG 3.14,4-Methoxy Benzylpiperazine,Precursor / Other,C12H18N2O,206.0,121,92
3722,SWGDRUG 3.14,5-Heptylresorcinol,Precursor / Other,C13H20O2,208.0,124,81
3723,SWGDRUG 3.14,8(R)-hydroxy-9(R)-Hexahydrocannabinol,Cannabinoid,C21H32O3,332.0,193,262
3724,SWGDRUG 3.14,8(S)-hydroxy-9(S)-Hexahydrocannabinol,Cannabinoid,C21H32O3,332.0,299,257
3725,SWGDRUG 3.14,"8,9-Dihydrocannabidiol",Cannabinoid,C21H32O2,316.0,231,165
3726,SWGDRUG 3.14,8.alpha.-hydroxy-exo-THC,Cannabinoid,C21H30O3,330.0,297,248
3727,SWGDRUG 3.14,8.beta.-hydroxy-exo-THC,Cannabinoid,C21H30O3,330.0,231,250
3728,SWGDRUG 3.14,9(R)-Hexahydrocannabihexol,Precursor / Other,C22H34O2,330.0,260,223
3729,SWGDRUG 3.14,9(R)-Hexahydrocannabinol Acetate,Cannabinoid,C23H34O3,358.0,273,219
3730,SWGDRUG 3.14,9(R)-Hexahydrocannabinol methyl ether,Cannabinoid,C22H34O2,330.0,207,234
3731,SWGDRUG 3.14,9(R)-Hexahydrocannabiphorol Acetate,Precursor / Other,C25H38O3,386.0,260,241
3732,SWGDRUG 3.14,9(R)-Hexahydrocannabiphorol methyl ether,Precursor / Other,C24H38O2,358.0,274,245
3733,SWGDRUG 3.14,9(R)-Hexahydrocannabivarin,Precursor / Other,C19H28O2,288.0,245,192
3734,SWGDRUG 3.14,9(S)-Hexahydrocannabihexol,Precursor / Other,C22H34O2,330.0,260,221
3735,SWGDRUG 3.14,9(S)-Hexahydrocannabinol methyl ether,Cannabinoid,C22H34O2,330.0,207,234
3736,SWGDRUG 3.14,9(S)-Hexahydrocannabiphorol methyl ether,Precursor / Other,C24H38O2,358.0,274,247
3737,SWGDRUG 3.14,9(S)-Hexahydrocannabivarin,Precursor / Other,C19H28O2,288.0,245,191
3738,SWGDRUG 3.14,9(S)-Hexahydrocannabutol,Precursor / Other,C20H30O2,302.0,259,203
3739,SWGDRUG 3.14,9.beta.-hydroxy Hexahydrocannabinol,Cannabinoid,C21H32O3,332.0,231,235
3740,SWGDRUG 3.14,A-PONASA,Precursor / Other,C25H33NO3S,427.0,135,242
3741,SWGDRUG 3.14,AB-5Br-INACA,Precursor / Other,C13H15BrN4O2,338.0,223,158
3742,SWGDRUG 3.14,AB-CHMIATA,Precursor / Other,C22H31N3O2,369.0,226,69
3743,SWGDRUG 3.14,AB-ICA,Precursor / Other,C14H17N3O2,259.0,144,67
3744,SWGDRUG 3.14,Abnormal Cannabidivarin,Precursor / Other,C19H26O2,286.0,203,183
3745,SWGDRUG 3.14,Abnormal Cannabivarin,Precursor / Other,C19H22O2,282.0,267,144
3746,SWGDRUG 3.14,ADB-5'Br-BUTINACA-d9 (Not certified by NIST),Precursor / Other,C18H16D9BrN4O2,417.0,288,241
3747,SWGDRUG 3.14,ADB-5'Br-PINACA,Precursor / Other,C19H27BrN4O2,422.0,293,195
3748,SWGDRUG 3.14,ADB-BUTINACA-D9,Precursor / Other,C18H17D9N4O2,339.0,210,122
3749,SWGDRUG 3.14,ADB-HEXINACA N-(6-hydroxyhexyl) metabolite (Not certified by NIST,Precursor / Other,C20H30N4O3,374.0,227,188
3750,SWGDRUG 3.14,ADB-ICA,Precursor / Other,C15H19N3O2,273.0,144,72
3751,SWGDRUG 3.14,ADB-INACA,Precursor / Other,C14H18N4O2,274.0,145,88
3752,SWGDRUG 3.14,ALEPH,Precursor / Other,C12H19NO2S,241.0,198,149
3753,SWGDRUG 3.14,alpha-Pyrrolidinohexanophenone-d8 (Not certified by NIST),Precursor / Other,C16H15D8NO,253.0,148,97
3754,SWGDRUG 3.14,BMK ethyl glycidate,Precursor / Other,C12H14O3,206.0,135,71
3755,SWGDRUG 3.14,Bromazolam-d5 (Not certified by NIST),Cannabinoid,C17H8D5BrN4,357.0,209,232
3756,SWGDRUG 3.14,Cannabibutol,Precursor / Other,C20H24O2,296.0,281,137
3757,SWGDRUG 3.14,Cannabichromephorol,Precursor / Other,C23H34O2,342.0,259,103
3758,SWGDRUG 3.14,Cannabidiol diacetate,Cannabinoid,C25H34O4,398.0,231,239
3759,SWGDRUG 3.14,Cannabidiorcin,Precursor / Other,C17H22O2,258.0,175,145
3760,SWGDRUG 3.14,Cannabidivarin diacetate,Precursor / Other,C23H30O4,370.0,203,239
3761,SWGDRUG 3.14,Cannabigerohexol,Precursor / Other,C22H34O2,330.0,207,161
3762,SWGDRUG 3.14,Cannabigerol dimethyl ether,Precursor / Other,C23H36O2,344.0,221,177
3763,SWGDRUG 3.14,Cannabihexol,Precursor / Other,C22H28O2,324.0,309,138
3764,SWGDRUG 3.14,Cannabinol Acetate,Cannabinoid,C23H28O3,352.0,295,141
3765,SWGDRUG 3.14,Cannabinolquinone,Cannabinoid,C21H24O3,324.0,309,177
3766,SWGDRUG 3.14,Carmagerol,Precursor / Other,C21H34O4,350.0,193,178
3767,SWGDRUG 3.14,Chlorazanil,Precursor / Other,C9H8ClN5,221.0,221,127
3768,SWGDRUG 3.14,Cotinine,Precursor / Other,C10H12N2O,176.0,98,75
3769,SWGDRUG 3.14,Cotinine-d3 (Not certified by NIST),Precursor / Other,C10H9D3N2O,179.0,101,95
3770,SWGDRUG 3.14,CUMYL-TsINACA,Precursor / Other,C24H23N3O3S,433.0,91,175
3771,SWGDRUG 3.14,Delta-4(8)-iso-THC,Cannabinoid,C21H30O2,314.0,271,222
3772,SWGDRUG 3.14,Delta8-THC-C8,Cannabinoid,C24H36O2,356.0,273,251
3773,SWGDRUG 3.14,Desalkylgidazepam-d5 (Not certified by NIST),Cannabinoid,C15H6D5BrN2O,319.0,319,214
3774,SWGDRUG 3.14,Dihydrocannabielsoin,Precursor / Other,C21H32O3,332.0,205,239
3775,SWGDRUG 3.14,Dihydromethysticin,Precursor / Other,C15H16O5,276.0,135,150
3776,SWGDRUG 3.14,Ethizafone,Precursor / Other,C15H15ClN2O2S,322.0,250,266
3777,SWGDRUG 3.14,Ethyl 4-ANPP,Precursor / Other,C21H28N2,308.0,96,109
3778,SWGDRUG 3.14,Ethylene Etonitazene,Precursor / Other,C23H30N4O3,410.0,86,52
3779,SWGDRUG 3.14,Eutylone-d5 (Not certified by NIST),Precursor / Other,C13H12D5NO3,240.0,91,68
3780,SWGDRUG 3.14,Fasoracetam,Precursor / Other,C10H16N2O2,196.0,84,48
3781,SWGDRUG 3.14,Flavokawain A,Precursor / Other,C18H18O5,314.0,313,226
3782,SWGDRUG 3.14,Flavokawain B,Precursor / Other,C17H16O4,284.0,207,175
3783,SWGDRUG 3.14,Ganaxolone,Precursor / Other,C22H36O2,332.0,43,253
3784,SWGDRUG 3.14,Hexocannabitriol,Precursor / Other,C21H30O3,330.0,193,239
3785,SWGDRUG 3.14,Isopregnanolone,Precursor / Other,C21H34O2,318.0,43,233
3786,SWGDRUG 3.14,MDMB-4en-PINACA-d4 (Not certified by NIST),Precursor / Other,C20H23D4N3O3,361.0,217,164
3787,SWGDRUG 3.14,MDMB-BUTICA,Precursor / Other,C20H28N2O3,344.0,200,108
3788,SWGDRUG 3.14,Meptazinol,Precursor / Other,C15H23NO,233.0,84,135
3789,SWGDRUG 3.14,Mescaline-d4 (Not certified by NIST),Hallucinogen,C11H13D4NO3,215.0,184,114
3790,SWGDRUG 3.14,meta-Fluoroacetyl fentanyl,Opioid,C21H25FN2O,340.0,249,123
3791,SWGDRUG 3.14,Methylenedioxynitazene,Precursor / Other,C21H24N4O4,396.0,86,58
3792,SWGDRUG 3.14,Mitraphylline,Precursor / Other,C21H24N2O4,368.0,223,238
3793,SWGDRUG 3.14,MMB-ICA,Precursor / Other,C15H18N2O3,274.0,144,80
3794,SWGDRUG 3.14,Morphine-d3 (Not certified by NIST),Opioid,C17H16D3NO3,288.0,288,234
3795,SWGDRUG 3.14,N-Butyl Buphedrone,Precursor / Other,C14H21NO,219.0,114,75
3796,SWGDRUG 3.14,N-Butyl Butylone,Precursor / Other,C15H21NO3,263.0,114,82
3797,SWGDRUG 3.14,N-Isobutyl Methylone,Precursor / Other,C14H19NO3,249.0,100,68
3798,SWGDRUG 3.14,N-Methyl Cyclazodone,Precursor / Other,C13H14N2O2,230.0,118,94
3799,SWGDRUG 3.14,N-Piperidinyl Isotonitazene,Precursor / Other,C24H30N4O3,422.0,98,55
3800,SWGDRUG 3.14,N-Piperidinyl Metonitazene,Precursor / Other,C22H26N4O3,394.0,98,71
3801,SWGDRUG 3.14,N-Piperidinyl Protonitazene,Precursor / Other,C24H30N4O3,422.0,98,72
3802,SWGDRUG 3.14,N-Propyl Buphedrone,Precursor / Other,C13H19NO,205.0,100,67
3803,SWGDRUG 3.14,N-Pyrrolidino Etodesnitazene,Precursor / Other,C22H27N3O,349.0,84,83
3804,SWGDRUG 3.14,N-Pyrrolidino Isotonitazene,Precursor / Other,C23H28N4O3,408.0,84,75
3805,SWGDRUG 3.14,N-Pyrrolidino Metodesnitazene,Precursor / Other,C21H25N3O,335.0,84,77
3806,SWGDRUG 3.14,N-Pyrrolidino Metonitazene,Precursor / Other,C21H24N4O3,380.0,84,74
3807,SWGDRUG 3.14,N-Pyrrolidino Protonitazene,Precursor / Other,C23H28N4O3,408.0,84,70
3808,SWGDRUG 3.14,N-sec-Butyl Methylone,Precursor / Other,C14H19NO3,249.0,100,74
3809,SWGDRUG 3.14,NMDMSB,Precursor / Other,C20H19NO4S,369.0,226,118
3810,SWGDRUG 3.14,Nordiazepam Uncyclized Intermediate,Depressant,C15H13ClN2O2,288.0,242,199
3811,SWGDRUG 3.14,O-Desmethyl Venlafaxine,Precursor / Other,C16H25NO2,263.0,58,80
3812,SWGDRUG 3.14,ortho-Fluoroacetyl fentanyl,Opioid,C21H25FN2O,340.0,249,123
3813,SWGDRUG 3.14,Pentylone-d3 (Not certified by NIST),Precursor / Other,C13H14D3NO3,238.0,89,73
3814,SWGDRUG 3.14,Propylnitazene,Precursor / Other,C23H30N4O2,394.0,86,58
3815,SWGDRUG 3.14,Rilmazolam,Precursor / Other,C19H15Cl2N5O,399.0,293,316
3816,SWGDRUG 3.14,Testosterone Hemisuccinate,Anabolic Steroid,C23H32O5,388.0,124,184
3817,SWGDRUG 3.14,Tetrahydrocannabivarin Acetate,Precursor / Other,C21H28O3,328.0,269,200
3818,SWGDRUG 3.14,Voacangine,Precursor / Other,C22H28N2O3,368.0,136,281
3819,SWGDRUG 3.14,Benzidine,Precursor / Other,C12H12N2,184.0,184,102
3820,SWGDRUG 3.14,Acetoacetanilide,Precursor / Other,C10H11NO2,177.0,93,69
3821,SWGDRUG 3.14,Triacetin,Precursor / Other,C9H14O6,218.0,43,42
3822,SWGDRUG 3.14,4-Aminobenzoic Acid,Precursor / Other,C7H7NO2,137.0,120,59
3823,SWGDRUG 3.14,4-Chlorobenzophenone,Precursor / Other,C13H9ClO,216.0,105,70
3824,SWGDRUG 3.14,3-Oxo-2-Phenylbutanamide,Precursor / Other,C10H11NO2,177.0,118,91
3825,SWGDRUG 3.14,Diacetamide,Precursor / Other,C4H7NO2,101.0,43,17
3826,SWGDRUG 3.14,4-Fluoro-2-oxo PCE,Precursor / Other,C14H18FNO,235.0,178,111
